team_name,abbreviation,player_name,season,gp,min,pts,reb,ast,stl,blk,tov,fg_pct,fg3_pct,ft_pct
Washington Wizards,WAS,CJ McCollum,2025-26,32,990.336666666667,594.0,109.0,116.0,23.0,9.0,51.0,0.442,0.382,0.798
Memphis Grizzlies,MEM,Christian Koloko,2025-26,7,99.3483333333333,10.0,19.0,5.0,6.0,6.0,0.0,0.455,0.0,0.0
Washington Wizards,WAS,Corey Kispert,2025-26,18,351.445,161.0,43.0,32.0,8.0,3.0,11.0,0.495,0.394,0.742
Indiana Pacers,IND,Jeremiah Robinson-Earl,2025-26,17,299.566666666667,79.0,88.0,12.0,7.0,1.0,10.0,0.349,0.242,0.929
Atlanta Hawks,ATL,Trae Young,2025-26,10,280.103333333333,193.0,15.0,89.0,10.0,1.0,26.0,0.415,0.305,0.863
Philadelphia 76ers,PHI,D.J. Wilson,2023-24,2,15.4666666666667,10.0,2.0,2.0,0.0,2.0,0.0,0.667,1.0,0.0
Sacramento Kings,SAC,Filip Petrusev,2023-24,3,9.31,3.0,1.0,0.0,0.0,0.0,0.0,0.5,0.0,0.5
Memphis Grizzlies,MEM,Jack White,2023-24,4,63.6483333333333,6.0,12.0,1.0,4.0,1.0,2.0,0.125,0.2,0.0
Detroit Pistons,DET,Jaylen Nowell,2023-24,13,213.763333333333,81.0,24.0,19.0,4.0,2.0,7.0,0.436,0.207,0.778
Toronto Raptors,TOR,Jontay Porter,2023-24,26,359.738333333333,115.0,82.0,60.0,20.0,20.0,21.0,0.385,0.333,0.833
Detroit Pistons,DET,Kevin Knox II,2023-24,31,560.233333333333,223.0,75.0,23.0,13.0,7.0,22.0,0.462,0.33,0.909
Memphis Grizzlies,MEM,Wenyen Gabriel,2023-24,5,81.0166666666667,17.0,25.0,3.0,2.0,2.0,8.0,0.364,0.167,0.0
Memphis Grizzlies,MEM,Zavier Simpson,2023-24,7,161.383333333333,42.0,20.0,25.0,7.0,3.0,10.0,0.315,0.294,0.75
Washington Wizards,WAS,AJ Johnson,2025-26,23,163.003333333333,39.0,26.0,14.0,5.0,0.0,11.0,0.258,0.211,0.75
Milwaukee Bucks,MIL,Amir Coffey,2025-26,24,188.161666666667,49.0,19.0,8.0,2.0,2.0,4.0,0.432,0.235,0.929
Boston Celtics,BOS,Anfernee Simons,2025-26,41,993.688333333333,578.0,97.0,103.0,18.0,5.0,45.0,0.442,0.407,0.892
Dallas Mavericks,DAL,Anthony Davis,2025-26,20,625.63,407.0,221.0,56.0,22.0,33.0,41.0,0.506,0.27,0.728
Chicago Bulls,CHI,Ayo Dosunmu,2025-26,36,938.586666666667,523.0,95.0,128.0,26.0,9.0,42.0,0.513,0.45,0.864
Indiana Pacers,IND,Bennedict Mathurin,2025-26,24,771.513333333333,427.0,132.0,52.0,16.0,4.0,57.0,0.423,0.366,0.876
Golden State Warriors,GSW,Buddy Hield,2025-26,36,603.94,266.0,88.0,49.0,30.0,6.0,36.0,0.422,0.327,0.909
Brooklyn Nets,BKN,Cam Thomas,2025-26,18,451.746666666667,311.0,32.0,56.0,4.0,2.0,34.0,0.405,0.348,0.852
Memphis Grizzlies,MEM,Charles Bassey,2025-26,2,30.5166666666667,7.0,15.0,2.0,1.0,1.0,1.0,0.375,0.0,0.333
Oklahoma City Thunder,OKC,Chris Youngblood,2025-26,28,142.175,53.0,24.0,7.0,3.0,1.0,1.0,0.348,0.341,1.0
Chicago Bulls,CHI,Coby White,2025-26,21,596.52,381.0,76.0,95.0,16.0,1.0,63.0,0.453,0.338,0.783
Charlotte Hornets,CHA,Collin Sexton,2025-26,34,798.37,507.0,69.0,139.0,26.0,5.0,78.0,0.489,0.374,0.871
Dallas Mavericks,DAL,D'Angelo Russell,2025-26,26,494.775,264.0,61.0,104.0,12.0,2.0,49.0,0.405,0.295,0.717
Chicago Bulls,CHI,Dalen Terry,2025-26,27,270.176666666667,78.0,43.0,27.0,17.0,8.0,15.0,0.437,0.367,0.556
Cleveland Cavaliers,CLE,Darius Garland,2025-26,26,791.968333333333,467.0,63.0,180.0,21.0,3.0,73.0,0.451,0.36,0.861
Cleveland Cavaliers,CLE,De'Andre Hunter,2025-26,39,1048.32,551.0,172.0,86.0,25.0,6.0,64.0,0.426,0.31,0.883
Sacramento Kings,SAC,Dennis Schröder,2025-26,33,882.83,419.0,105.0,186.0,27.0,5.0,61.0,0.414,0.346,0.804
Chicago Bulls,CHI,Emanuel Miller,2025-26,5,33.05,15.0,3.0,4.0,2.0,0.0,0.0,0.462,0.333,0.5
Los Angeles Lakers,LAL,Gabe Vincent,2025-26,21,421.775,105.0,19.0,29.0,9.0,1.0,9.0,0.33,0.358,1.0
New York Knicks,NYK,Guerschon Yabusele,2025-26,35,334.32,106.0,78.0,17.0,3.0,4.0,14.0,0.394,0.317,0.667
Indiana Pacers,IND,Isaiah Jackson,2025-26,30,546.221666666667,222.0,176.0,24.0,21.0,24.0,35.0,0.591,0.0,0.73
Los Angeles Clippers,LAC,Ivica Zubac,2025-26,36,1132.98,534.0,390.0,86.0,14.0,34.0,73.0,0.611,0.0,0.724
Dallas Mavericks,DAL,Jaden Hardy,2025-26,30,378.478333333333,212.0,42.0,25.0,7.0,2.0,26.0,0.394,0.365,0.8
Detroit Pistons,DET,Jaden Ivey,2025-26,25,425.66,212.0,54.0,42.0,13.0,8.0,23.0,0.459,0.35,0.813
Los Angeles Clippers,LAC,James Harden,2025-26,39,1395.155,1016.0,186.0,315.0,50.0,14.0,138.0,0.426,0.342,0.897
Philadelphia 76ers,PHI,Jared McCain,2025-26,30,517.908333333333,190.0,66.0,48.0,22.0,1.0,23.0,0.354,0.323,0.88
Memphis Grizzlies,MEM,Jaren Jackson Jr.,2025-26,39,1187.96,732.0,215.0,72.0,36.0,59.0,87.0,0.481,0.371,0.769
San Antonio Spurs,SAS,Jeremy Sochan,2025-26,26,350.415,114.0,73.0,28.0,10.0,4.0,18.0,0.48,0.257,0.688
Chicago Bulls,CHI,Jevon Carter,2025-26,20,229.568333333333,110.0,21.0,18.0,11.0,0.0,10.0,0.396,0.412,1.0
Memphis Grizzlies,MEM,Jock Landale,2025-26,39,889.116666666667,439.0,245.0,66.0,21.0,20.0,39.0,0.526,0.396,0.679
Memphis Grizzlies,MEM,John Konchar,2025-26,25,326.553333333333,76.0,71.0,33.0,24.0,8.0,7.0,0.492,0.313,0.615
Golden State Warriors,GSW,Jonathan Kuminga,2025-26,18,445.565,212.0,111.0,46.0,5.0,6.0,44.0,0.431,0.32,0.741
New Orleans Pelicans,NOP,Jose Alvarado,2025-26,35,775.863333333333,277.0,98.0,114.0,35.0,4.0,45.0,0.424,0.361,0.826
Boston Celtics,BOS,Josh Minott,2025-26,29,510.356666666667,184.0,115.0,32.0,24.0,11.0,18.0,0.504,0.438,0.769
Chicago Bulls,CHI,Julian Phillips,2025-26,29,287.67,83.0,40.0,7.0,15.0,6.0,6.0,0.432,0.326,0.833
Charlotte Hornets,CHA,KJ Simpson,2025-26,14,223.126666666667,84.0,29.0,35.0,15.0,0.0,24.0,0.348,0.308,0.625
Sacramento Kings,SAC,Keon Ellis,2025-26,39,675.123333333333,206.0,52.0,23.0,44.0,19.0,19.0,0.384,0.357,0.633
Chicago Bulls,CHI,Kevin Huerter,2025-26,37,889.018333333333,422.0,137.0,91.0,30.0,21.0,44.0,0.46,0.305,0.769
Washington Wizards,WAS,Khris Middleton,2025-26,29,705.975,285.0,117.0,97.0,22.0,8.0,46.0,0.429,0.325,0.825
Los Angeles Clippers,LAC,Kobe Brown,2025-26,27,250.1,77.0,44.0,22.0,7.0,2.0,11.0,0.362,0.233,0.85
Atlanta Hawks,ATL,Kristaps Porziņģis,2025-26,17,413.098333333333,291.0,87.0,46.0,9.0,22.0,16.0,0.457,0.36,0.84
Utah Jazz,UTA,Kyle Anderson,2025-26,15,302.738333333333,118.0,55.0,44.0,19.0,7.0,15.0,0.527,0.667,0.606
Minnesota Timberwolves,MIN,Leonard Miller,2025-26,17,86.2683333333333,44.0,23.0,5.0,4.0,0.0,7.0,0.563,0.091,0.636
Atlanta Hawks,ATL,Luke Kennard,2025-26,39,790.44,292.0,75.0,85.0,30.0,2.0,29.0,0.512,0.46,0.933
Indiana Pacers,IND,Mac McClung,2025-26,3,33.89,19.0,4.0,1.0,5.0,1.0,2.0,0.389,0.2,0.75
Washington Wizards,WAS,Marvin Bagley III,2025-26,36,696.19,359.0,204.0,53.0,19.0,26.0,43.0,0.619,0.389,0.71
Charlotte Hornets,CHA,Mason Plumlee,2025-26,14,124.516666666667,26.0,40.0,16.0,6.0,0.0,9.0,0.75,0.0,0.667
Toronto Raptors,TOR,Mo Bamba,2025-26,2,5.85,0.0,2.0,0.0,0.0,1.0,0.0,0.0,0.0,0.0
Phoenix Suns,PHX,Nick Richards,2025-26,28,253.541666666667,89.0,91.0,8.0,4.0,14.0,25.0,0.493,0.0,0.679
Chicago Bulls,CHI,Nikola Vučević,2025-26,41,1257.28,695.0,376.0,155.0,27.0,25.0,59.0,0.504,0.369,0.797
Toronto Raptors,TOR,Ochai Agbaji,2025-26,35,574.32,158.0,84.0,27.0,15.0,9.0,13.0,0.412,0.207,0.889
Oklahoma City Thunder,OKC,Ousmane Dieng,2025-26,20,227.901666666667,82.0,32.0,19.0,1.0,5.0,6.0,0.441,0.432,1.0
Portland Trail Blazers,POR,Rayan Rupert,2025-26,37,429.636666666667,101.0,63.0,27.0,19.0,2.0,15.0,0.374,0.28,0.583
San Antonio Spurs,SAS,Riley Minix,2025-26,3,8.26666666666667,9.0,2.0,1.0,1.0,0.0,0.0,0.667,0.333,0.0
Minnesota Timberwolves,MIN,Rob Dillingham,2025-26,32,312.038333333333,116.0,39.0,57.0,17.0,3.0,32.0,0.338,0.355,0.75
Utah Jazz,UTA,Taylor Hendricks,2025-26,30,460.318333333333,156.0,95.0,21.0,13.0,8.0,17.0,0.474,0.371,0.767
Indiana Pacers,IND,Tony Bradley,2025-26,35,391.978333333333,141.0,97.0,20.0,5.0,7.0,16.0,0.563,0.5,0.744
New York Knicks,NYK,Tosan Evbuomwan,2025-26,5,7.71333333333333,0.0,2.0,0.0,0.0,0.0,0.0,0.0,0.0,0.0
Golden State Warriors,GSW,Trayce Jackson-Davis,2025-26,30,360.426666666667,132.0,106.0,28.0,9.0,18.0,14.0,0.589,0.0,0.591
Brooklyn Nets,BKN,Tyrese Martin,2025-26,32,630.06,251.0,95.0,66.0,21.0,4.0,32.0,0.403,0.35,0.708
Orlando Magic,ORL,Tyus Jones,2025-26,42,675.17,130.0,46.0,100.0,31.0,3.0,11.0,0.345,0.283,1.0
Memphis Grizzlies,MEM,Vince Williams Jr.,2025-26,27,587.17,209.0,113.0,128.0,21.0,13.0,53.0,0.35,0.298,0.829
Atlanta Hawks,ATL,Vít Krejčí,2025-26,41,972.306666666667,393.0,90.0,65.0,35.0,13.0,29.0,0.459,0.422,0.758
Utah Jazz,UTA,Walter Clayton Jr.,2025-26,37,670.091666666667,268.0,75.0,126.0,20.0,8.0,44.0,0.41,0.325,0.947
Boston Celtics,BOS,Xavier Tillman,2025-26,12,108.14,31.0,25.0,5.0,6.0,2.0,5.0,0.483,0.214,0.0
Denver Nuggets,DEN,Aaron Gordon,2021-22,75,2375.41833333333,1126.0,439.0,188.0,44.0,44.0,133.0,0.52,0.335,0.743
Philadelphia 76ers,PHI,Aaron Henry,2021-22,6,16.9833333333333,2.0,1.0,0.0,0.0,2.0,2.0,0.2,0.0,0.0
Phoenix Suns,PHX,Aaron Holiday,2021-22,63,1020.75,400.0,122.0,153.0,42.0,9.0,67.0,0.447,0.379,0.868
Boston Celtics,BOS,Aaron Nesmith,2021-22,52,573.878333333333,196.0,89.0,22.0,20.0,5.0,31.0,0.396,0.27,0.808
Oklahoma City Thunder,OKC,Aaron Wiggins,2021-22,50,1208.75,416.0,178.0,68.0,30.0,10.0,54.0,0.463,0.304,0.729
Phoenix Suns,PHX,Abdel Nader,2021-22,14,145.238333333333,34.0,27.0,7.0,8.0,4.0,11.0,0.343,0.286,0.6
Sacramento Kings,SAC,Ade Murkey,2021-22,1,1.46666666666667,0.0,0.0,0.0,0.0,0.0,0.0,0.0,0.0,0.0
Orlando Magic,ORL,Admiral Schofield,2021-22,38,468.823333333333,146.0,89.0,25.0,4.0,5.0,21.0,0.419,0.329,0.8
Indiana Pacers,IND,Ahmad Caver,2021-22,1,0.843333333333333,2.0,0.0,0.0,0.0,0.0,0.0,1.0,0.0,0.0
Boston Celtics,BOS,Al Horford,2021-22,69,2004.79166666667,701.0,530.0,232.0,49.0,92.0,65.0,0.467,0.336,0.842
New York Knicks,NYK,Alec Burks,2021-22,81,2317.67666666667,944.0,397.0,239.0,85.0,26.0,91.0,0.391,0.404,0.822
Orlando Magic,ORL,Aleem Ford,2021-22,5,73.53,14.0,15.0,2.0,1.0,0.0,4.0,0.3,0.133,0.0
Oklahoma City Thunder,OKC,Aleksej Pokusevski,2021-22,61,1232.705,464.0,318.0,131.0,39.0,38.0,94.0,0.408,0.289,0.7
Chicago Bulls,CHI,Alex Caruso,2021-22,41,1146.83166666667,304.0,148.0,165.0,71.0,15.0,57.0,0.398,0.333,0.795
Sacramento Kings,SAC,Alex Len,2021-22,39,620.2,235.0,161.0,45.0,13.0,25.0,43.0,0.534,0.286,0.651
Chicago Bulls,CHI,Alfonzo McKinnie,2021-22,17,206.313333333333,59.0,33.0,5.0,2.0,3.0,7.0,0.393,0.333,0.25
New Orleans Pelicans,NOP,Alize Johnson,2021-22,23,167.22,41.0,61.0,9.0,5.0,0.0,12.0,0.436,0.0,0.583
Houston Rockets,HOU,Alperen Sengun,2021-22,72,1489.29333333333,692.0,393.0,185.0,59.0,68.0,145.0,0.474,0.248,0.711
Los Angeles Clippers,LAC,Amir Coffey,2021-22,69,1567.36666666667,619.0,197.0,124.0,38.0,15.0,45.0,0.453,0.378,0.863
Brooklyn Nets,BKN,Andre Drummond,2021-22,73,1436.785,580.0,680.0,131.0,78.0,68.0,115.0,0.57,0.0,0.524
Golden State Warriors,GSW,Andre Iguodala,2021-22,31,602.831666666667,124.0,100.0,114.0,27.0,22.0,28.0,0.38,0.23,0.75
Golden State Warriors,GSW,Andrew Wiggins,2021-22,73,2329.51333333333,1256.0,325.0,161.0,76.0,51.0,111.0,0.466,0.393,0.634
Portland Trail Blazers,POR,Anfernee Simons,2021-22,57,1681.01333333333,988.0,151.0,221.0,30.0,6.0,115.0,0.443,0.405,0.888
Los Angeles Lakers,LAL,Anthony Davis,2021-22,40,1404.24833333333,927.0,394.0,122.0,49.0,90.0,82.0,0.532,0.186,0.713
Minnesota Timberwolves,MIN,Anthony Edwards,2021-22,72,2465.99333333333,1533.0,343.0,275.0,105.0,46.0,190.0,0.441,0.357,0.786
Washington Wizards,WAS,Anthony Gill,2021-22,44,463.4,180.0,85.0,27.0,5.0,11.0,18.0,0.569,0.538,0.808
Houston Rockets,HOU,Anthony Lamb,2021-22,2,7.68333333333333,0.0,1.0,2.0,0.0,0.0,0.0,0.0,0.0,0.0
Toronto Raptors,TOR,Armoni Brooks,2021-22,54,843.755,288.0,103.0,62.0,28.0,11.0,27.0,0.339,0.297,0.857
Charlotte Hornets,CHA,Arnoldas Kulboka,2021-22,2,5.3,0.0,0.0,0.0,0.0,0.0,0.0,0.0,0.0,0.0
Los Angeles Lakers,LAL,Austin Reaves,2021-22,61,1417.68166666667,444.0,193.0,110.0,29.0,20.0,40.0,0.459,0.317,0.839
Denver Nuggets,DEN,Austin Rivers,2021-22,67,1479.87833333333,403.0,114.0,90.0,51.0,6.0,54.0,0.417,0.342,0.727
Los Angeles Lakers,LAL,Avery Bradley,2021-22,62,1405.91166666667,394.0,136.0,47.0,53.0,9.0,38.0,0.423,0.39,0.889
Chicago Bulls,CHI,Ayo Dosunmu,2021-22,77,2109.64166666667,679.0,214.0,256.0,60.0,29.0,108.0,0.52,0.376,0.679
Orlando Magic,ORL,BJ Johnson,2021-22,4,64.595,26.0,15.0,0.0,0.0,1.0,0.0,0.44,0.4,0.0
Miami Heat,MIA,Bam Adebayo,2021-22,56,1825.26166666667,1068.0,564.0,190.0,80.0,44.0,148.0,0.557,0.0,0.753
Portland Trail Blazers,POR,Ben McLemore,2021-22,64,1284.885,655.0,103.0,59.0,38.0,10.0,55.0,0.401,0.362,0.818
Phoenix Suns,PHX,Bismack Biyombo,2021-22,36,505.896666666667,210.0,167.0,23.0,12.0,26.0,25.0,0.593,0.0,0.535
Brooklyn Nets,BKN,Blake Griffin,2021-22,56,958.085,359.0,228.0,105.0,27.0,14.0,31.0,0.425,0.262,0.724
Dallas Mavericks,DAL,Boban Marjanovic,2021-22,23,127.943333333333,98.0,39.0,3.0,0.0,3.0,15.0,0.6,0.25,0.591
Milwaukee Bucks,MIL,Bobby Portis Jr.,2021-22,72,2028.34,1052.0,657.0,86.0,53.0,51.0,90.0,0.479,0.393,0.752
Atlanta Hawks,ATL,Bogdan Bogdanović,2021-22,63,1848.54,950.0,250.0,194.0,68.0,14.0,70.0,0.431,0.368,0.843
Utah Jazz,UTA,Bojan Bogdanovic,2021-22,69,2131.31,1248.0,296.0,120.0,34.0,1.0,118.0,0.455,0.387,0.858
Orlando Magic,ORL,Bol Bol,2021-22,14,80.84,33.0,20.0,5.0,1.0,2.0,4.0,0.556,0.25,0.4
Denver Nuggets,DEN,Bones Hyland,2021-22,69,1309.85833333333,698.0,188.0,191.0,41.0,20.0,86.0,0.403,0.366,0.856
Washington Wizards,WAS,Brad Wanamaker,2021-22,23,319.62,83.0,39.0,55.0,7.0,6.0,23.0,0.364,0.235,0.92
Washington Wizards,WAS,Bradley Beal,2021-22,40,1438.95,928.0,189.0,265.0,36.0,15.0,135.0,0.451,0.3,0.833
Los Angeles Clippers,LAC,Brandon Boston,2021-22,51,760.245,343.0,111.0,51.0,26.0,13.0,31.0,0.385,0.306,0.819
Memphis Grizzlies,MEM,Brandon Clarke,2021-22,64,1246.02666666667,666.0,342.0,86.0,39.0,68.0,34.0,0.644,0.227,0.654
Cleveland Cavaliers,CLE,Brandon Goodwin,2021-22,36,501.54,171.0,67.0,91.0,25.0,1.0,36.0,0.416,0.345,0.632
New Orleans Pelicans,NOP,Brandon Ingram,2021-22,55,1869.18166666667,1246.0,320.0,307.0,34.0,26.0,151.0,0.461,0.327,0.826
Dallas Mavericks,DAL,Brandon Knight,2021-22,5,64.5416666666667,32.0,8.0,8.0,1.0,0.0,4.0,0.4,0.235,1.0
Portland Trail Blazers,POR,Brandon Williams,2021-22,24,639.705,309.0,74.0,94.0,24.0,10.0,58.0,0.372,0.292,0.701
Detroit Pistons,DET,Braxton Key,2021-22,11,197.15,79.0,50.0,11.0,10.0,11.0,11.0,0.458,0.286,0.538
Boston Celtics,BOS,Brodric Thomas,2021-22,12,59.855,21.0,10.0,11.0,1.0,1.0,6.0,0.444,0.222,0.6
Milwaukee Bucks,MIL,Brook Lopez,2021-22,13,298.406666666667,161.0,53.0,6.0,8.0,15.0,12.0,0.466,0.358,0.87
Brooklyn Nets,BKN,Bruce Brown,2021-22,72,1773.96166666667,647.0,345.0,148.0,77.0,52.0,56.0,0.506,0.404,0.758
Houston Rockets,HOU,Bruno Fernando,2021-22,30,152.58,88.0,55.0,7.0,1.0,11.0,14.0,0.655,0.5,0.625
Denver Nuggets,DEN,Bryn Forbes,2021-22,75,1285.87833333333,663.0,93.0,75.0,25.0,5.0,56.0,0.429,0.414,0.908
Indiana Pacers,IND,Buddy Hield,2021-22,81,2498.795,1265.0,353.0,229.0,73.0,25.0,153.0,0.406,0.366,0.874
Portland Trail Blazers,POR,CJ Elleby,2021-22,58,1174.40166666667,339.0,227.0,87.0,35.0,19.0,56.0,0.393,0.294,0.714
New Orleans Pelicans,NOP,CJ McCollum,2021-22,62,2145.08,1370.0,269.0,315.0,70.0,22.0,127.0,0.46,0.388,0.682
Boston Celtics,BOS,CJ Miles,2021-22,1,1.95,0.0,0.0,0.0,0.0,0.0,0.0,0.0,0.0,0.0
Detroit Pistons,DET,Cade Cunningham,2021-22,64,2088.055,1114.0,354.0,356.0,78.0,43.0,234.0,0.416,0.314,0.845
Miami Heat,MIA,Caleb Martin,2021-22,60,1372.16833333333,551.0,230.0,64.0,58.0,30.0,52.0,0.507,0.413,0.763
New York Knicks,NYK,Cam Reddish,2021-22,49,1012.25,497.0,105.0,48.0,47.0,15.0,57.0,0.404,0.359,0.902
Brooklyn Nets,BKN,Cam Thomas,2021-22,67,1176.06,570.0,161.0,78.0,33.0,8.0,55.0,0.433,0.27,0.829
Phoenix Suns,PHX,Cameron Johnson,2021-22,66,1729.97333333333,822.0,273.0,99.0,57.0,16.0,47.0,0.46,0.425,0.86
Portland Trail Blazers,POR,Cameron McGriff,2021-22,3,45.9666666666667,14.0,15.0,3.0,0.0,1.0,0.0,0.357,0.333,1.0
Atlanta Hawks,ATL,Cameron Oliver,2021-22,2,43.3,23.0,6.0,3.0,1.0,1.0,0.0,0.667,0.333,0.667
Phoenix Suns,PHX,Cameron Payne,2021-22,58,1277.59833333333,626.0,175.0,282.0,40.0,17.0,103.0,0.409,0.336,0.843
Cleveland Cavaliers,CLE,Caris LeVert,2021-22,58,1780.37333333333,986.0,214.0,248.0,51.0,23.0,108.0,0.444,0.32,0.756
Denver Nuggets,DEN,Carlik Jones,2021-22,5,23.2583333333333,4.0,3.0,5.0,1.0,0.0,3.0,0.111,0.0,1.0
Los Angeles Lakers,LAL,Carmelo Anthony,2021-22,69,1793.19,919.0,288.0,68.0,47.0,52.0,59.0,0.441,0.375,0.83
Detroit Pistons,DET,Carsen Edwards,2021-22,4,79.1666666666667,23.0,6.0,14.0,2.0,0.0,5.0,0.3,0.25,1.0
Detroit Pistons,DET,Cassius Stanley,2021-22,9,155.0,52.0,19.0,4.0,5.0,2.0,6.0,0.413,0.235,1.0
Washington Wizards,WAS,Cassius Winston,2021-22,7,38.995,14.0,1.0,7.0,0.0,0.0,3.0,0.364,0.333,1.0
Atlanta Hawks,ATL,Cat Barber,2021-22,3,12.85,0.0,3.0,3.0,0.0,0.0,1.0,0.0,0.0,0.0
Cleveland Cavaliers,CLE,Cedi Osman,2021-22,66,1461.745,709.0,146.0,135.0,52.0,10.0,67.0,0.432,0.357,0.664
Phoenix Suns,PHX,Chandler Hutchison,2021-22,6,22.3766666666667,4.0,5.0,2.0,0.0,0.0,4.0,0.5,0.0,1.0
Philadelphia 76ers,PHI,Charles Bassey,2021-22,23,167.86,69.0,62.0,7.0,5.0,17.0,8.0,0.638,0.0,0.75
Philadelphia 76ers,PHI,Charlie Brown Jr.,2021-22,22,177.7,30.0,32.0,6.0,10.0,4.0,5.0,0.256,0.083,0.9
Atlanta Hawks,ATL,Chaundee Brown Jr.,2021-22,5,103.658333333333,31.0,16.0,4.0,2.0,0.0,1.0,0.313,0.333,0.833
Detroit Pistons,DET,Cheick Diallo,2021-22,3,30.6333333333333,11.0,12.0,0.0,1.0,0.0,1.0,0.375,0.0,0.833
Sacramento Kings,SAC,Chimezie Metu,2021-22,60,1278.74166666667,534.0,335.0,60.0,51.0,32.0,61.0,0.452,0.306,0.78
Toronto Raptors,TOR,Chris Boucher,2021-22,80,1690.11166666667,754.0,494.0,25.0,49.0,75.0,42.0,0.464,0.297,0.777
Golden State Warriors,GSW,Chris Chiozza,2021-22,34,371.883333333333,67.0,36.0,65.0,13.0,0.0,32.0,0.296,0.321,0.667
Indiana Pacers,IND,Chris Duarte,2021-22,55,1540.82666666667,720.0,226.0,114.0,56.0,10.0,90.0,0.432,0.369,0.804
Phoenix Suns,PHX,Chris Paul,2021-22,65,2138.95833333333,958.0,283.0,702.0,121.0,20.0,153.0,0.493,0.317,0.837
Miami Heat,MIA,Chris Silva,2021-22,10,91.1616666666667,26.0,36.0,7.0,0.0,1.0,8.0,0.533,0.0,0.833
Houston Rockets,HOU,Christian Wood,2021-22,68,2093.62666666667,1218.0,686.0,155.0,54.0,65.0,126.0,0.501,0.39,0.623
Orlando Magic,ORL,Chuma Okeke,2021-22,70,1748.825,605.0,347.0,118.0,97.0,42.0,57.0,0.376,0.318,0.846
Atlanta Hawks,ATL,Clint Capela,2021-22,74,2041.53,820.0,877.0,92.0,55.0,93.0,44.0,0.613,0.0,0.473
Chicago Bulls,CHI,Coby White,2021-22,61,1674.92666666667,772.0,182.0,176.0,29.0,11.0,70.0,0.433,0.385,0.857
Charlotte Hornets,CHA,Cody Martin,2021-22,71,1865.61833333333,544.0,285.0,179.0,88.0,32.0,61.0,0.482,0.384,0.701
Portland Trail Blazers,POR,Cody Zeller,2021-22,27,354.535,140.0,125.0,22.0,8.0,6.0,19.0,0.567,0.0,0.776
Orlando Magic,ORL,Cole Anthony,2021-22,65,2059.39833333333,1062.0,348.0,369.0,46.0,17.0,170.0,0.391,0.338,0.854
Cleveland Cavaliers,CLE,Collin Sexton,2021-22,11,316.441666666667,176.0,36.0,23.0,10.0,0.0,31.0,0.45,0.244,0.744
Washington Wizards,WAS,Corey Kispert,2021-22,77,1801.05833333333,634.0,209.0,85.0,35.0,22.0,50.0,0.455,0.35,0.871
Detroit Pistons,DET,Cory Joseph,2021-22,65,1599.83833333333,521.0,174.0,237.0,42.0,17.0,85.0,0.445,0.414,0.885
Washington Wizards,WAS,Craig Sword,2021-22,3,18.9833333333333,6.0,0.0,1.0,4.0,0.0,1.0,0.75,0.0,0.0
Minnesota Timberwolves,MIN,D'Angelo Russell,2021-22,65,2076.61166666667,1176.0,216.0,460.0,62.0,22.0,165.0,0.411,0.34,0.825
Los Angeles Lakers,LAL,D.J. Augustin,2021-22,55,883.228333333333,294.0,68.0,107.0,17.0,1.0,56.0,0.423,0.415,0.884
Toronto Raptors,TOR,D.J. Wilson,2021-22,4,54.075,30.0,16.0,5.0,5.0,1.0,2.0,0.733,0.0,0.8
Memphis Grizzlies,MEM,DaQuan Jeffries,2021-22,3,8.79166666666667,2.0,2.0,1.0,0.0,0.0,0.0,0.5,0.0,0.0
Houston Rockets,HOU,Daishen Nix,2021-22,24,261.43,77.0,33.0,40.0,15.0,0.0,26.0,0.403,0.269,0.533
Memphis Grizzlies,MEM,Dakota Mathias,2021-22,6,16.225,6.0,2.0,1.0,1.0,0.0,0.0,0.333,0.333,0.0
Toronto Raptors,TOR,Dalano Banton,2021-22,64,695.686666666667,205.0,124.0,99.0,28.0,10.0,53.0,0.411,0.255,0.591
Sacramento Kings,SAC,Damian Jones,2021-22,56,1016.645,454.0,246.0,69.0,26.0,47.0,59.0,0.658,0.345,0.718
Portland Trail Blazers,POR,Damian Lillard,2021-22,29,1056.19,695.0,120.0,212.0,17.0,11.0,83.0,0.402,0.324,0.878
Golden State Warriors,GSW,Damion Lee,2021-22,63,1256.52333333333,467.0,203.0,63.0,39.0,6.0,38.0,0.441,0.337,0.88
New York Knicks,NYK,Damyean Dotson,2021-22,2,20.5416666666667,4.0,2.0,1.0,0.0,0.0,0.0,0.5,0.0,0.0
Washington Wizards,WAS,Daniel Gafford,2021-22,72,1444.00833333333,677.0,407.0,68.0,30.0,99.0,65.0,0.693,0.0,0.699
Toronto Raptors,TOR,Daniel Oturu,2021-22,3,27.2816666666667,9.0,5.0,0.0,0.0,2.0,0.0,0.5,0.0,0.6
Boston Celtics,BOS,Daniel Theis,2021-22,47,977.42,384.0,228.0,41.0,20.0,31.0,46.0,0.519,0.308,0.681
Atlanta Hawks,ATL,Danilo Gallinari,2021-22,66,1672.06333333333,771.0,308.0,101.0,28.0,12.0,38.0,0.434,0.381,0.904
Philadelphia 76ers,PHI,Danny Green,2021-22,62,1353.405,366.0,157.0,64.0,60.0,37.0,45.0,0.394,0.38,0.786
Utah Jazz,UTA,Danuel House Jr.,2021-22,42,726.983333333333,248.0,111.0,44.0,21.0,17.0,33.0,0.404,0.376,0.759
Oklahoma City Thunder,OKC,Darius Bazley,2021-22,69,1923.91333333333,745.0,436.0,97.0,58.0,70.0,90.0,0.422,0.297,0.688
Cleveland Cavaliers,CLE,Darius Garland,2021-22,68,2429.95333333333,1473.0,224.0,583.0,89.0,7.0,248.0,0.462,0.383,0.892
Los Angeles Lakers,LAL,Darren Collison,2021-22,3,37.1666666666667,4.0,4.0,2.0,1.0,0.0,1.0,0.286,0.0,0.0
Brooklyn Nets,BKN,David Duke Jr.,2021-22,22,341.073333333333,104.0,67.0,17.0,14.0,7.0,9.0,0.361,0.243,0.81
Toronto Raptors,TOR,David Johnson,2021-22,2,1.985,0.0,0.0,0.0,0.0,0.0,0.0,0.0,0.0,0.0
Houston Rockets,HOU,David Nwaba,2021-22,46,608.905,233.0,151.0,35.0,28.0,20.0,21.0,0.483,0.306,0.716
Sacramento Kings,SAC,Davion Mitchell,2021-22,75,2075.825,861.0,166.0,313.0,55.0,24.0,114.0,0.418,0.316,0.659
Dallas Mavericks,DAL,Davis Bertans,2021-22,56,806.29,311.0,117.0,31.0,17.0,12.0,19.0,0.36,0.335,0.9
Denver Nuggets,DEN,Davon Reed,2021-22,48,667.851666666667,209.0,108.0,53.0,24.0,9.0,16.0,0.503,0.43,0.667
Brooklyn Nets,BKN,Day'Ron Sharpe,2021-22,32,390.67,198.0,160.0,17.0,10.0,15.0,30.0,0.577,0.286,0.585
Sacramento Kings,SAC,De'Aaron Fox,2021-22,59,2083.455,1367.0,231.0,330.0,68.0,25.0,168.0,0.473,0.297,0.75
Atlanta Hawks,ATL,De'Andre Hunter,2021-22,53,1577.16,709.0,176.0,68.0,36.0,21.0,69.0,0.442,0.379,0.765
Memphis Grizzlies,MEM,De'Anthony Melton,2021-22,73,1656.81,791.0,328.0,194.0,104.0,39.0,112.0,0.404,0.374,0.75
Philadelphia 76ers,PHI,DeAndre Jordan,2021-22,48,622.41,206.0,264.0,21.0,12.0,35.0,37.0,0.643,0.0,0.55
Milwaukee Bucks,MIL,DeAndre' Bembry,2021-22,56,1026.03,284.0,163.0,66.0,49.0,25.0,31.0,0.561,0.417,0.6
Indiana Pacers,IND,DeJon Jarreau,2021-22,1,0.861666666666667,0.0,0.0,0.0,0.0,0.0,0.0,0.0,0.0,0.0
Chicago Bulls,CHI,DeMar DeRozan,2021-22,76,2742.94833333333,2118.0,392.0,374.0,68.0,24.0,181.0,0.504,0.352,0.877
Denver Nuggets,DEN,DeMarcus Cousins,2021-22,48,717.225,430.0,270.0,71.0,35.0,21.0,85.0,0.46,0.303,0.76
Cleveland Cavaliers,CLE,Dean Wade,2021-22,51,980.175,269.0,150.0,52.0,29.0,7.0,16.0,0.456,0.359,0.667
Phoenix Suns,PHX,Deandre Ayton,2021-22,58,1712.645,997.0,593.0,84.0,40.0,40.0,91.0,0.634,0.368,0.746
Detroit Pistons,DET,Deividas Sirvydis,2021-22,3,26.615,3.0,6.0,1.0,3.0,1.0,0.0,0.1,0.143,0.0
San Antonio Spurs,SAS,Dejounte Murray,2021-22,68,2365.93166666667,1438.0,563.0,627.0,138.0,23.0,180.0,0.462,0.327,0.794
Atlanta Hawks,ATL,Delon Wright,2021-22,77,1452.51666666667,342.0,220.0,188.0,93.0,19.0,45.0,0.454,0.379,0.857
Washington Wizards,WAS,Deni Avdija,2021-22,82,1984.05166666667,685.0,425.0,167.0,59.0,44.0,87.0,0.432,0.317,0.757
Houston Rockets,HOU,Dennis Schröder,2021-22,64,1837.48333333333,867.0,214.0,296.0,53.0,8.0,143.0,0.431,0.344,0.853
Portland Trail Blazers,POR,Dennis Smith Jr.,2021-22,37,638.535,206.0,88.0,132.0,45.0,12.0,51.0,0.418,0.222,0.656
Utah Jazz,UTA,Denzel Valentine,2021-22,24,221.996666666667,69.0,42.0,11.0,8.0,0.0,12.0,0.379,0.404,0.0
Oklahoma City Thunder,OKC,Derrick Favors,2021-22,39,652.46,206.0,184.0,25.0,17.0,12.0,9.0,0.516,0.125,0.64
Chicago Bulls,CHI,Derrick Jones Jr.,2021-22,51,899.41,286.0,169.0,30.0,25.0,33.0,30.0,0.538,0.328,0.8
New York Knicks,NYK,Derrick Rose,2021-22,26,635.863333333333,311.0,78.0,103.0,22.0,12.0,39.0,0.445,0.402,0.968
Detroit Pistons,DET,Derrick Walton Jr.,2021-22,3,108.22,19.0,10.0,21.0,7.0,4.0,11.0,0.231,0.231,1.0
Boston Celtics,BOS,Derrick White,2021-22,75,2198.80166666667,992.0,261.0,366.0,64.0,58.0,119.0,0.421,0.312,0.864
Memphis Grizzlies,MEM,Desmond Bane,2021-22,76,2266.225,1384.0,334.0,208.0,92.0,29.0,111.0,0.461,0.436,0.903
Phoenix Suns,PHX,Devin Booker,2021-22,68,2344.59333333333,1822.0,342.0,329.0,77.0,26.0,162.0,0.466,0.383,0.868
Orlando Magic,ORL,Devin Cannady,2021-22,5,144.533333333333,50.0,6.0,10.0,5.0,3.0,5.0,0.341,0.405,0.714
San Antonio Spurs,SAS,Devin Vassell,2021-22,71,1936.88666666667,872.0,306.0,136.0,76.0,41.0,58.0,0.427,0.361,0.838
Chicago Bulls,CHI,Devon Dotson,2021-22,11,85.17,29.0,9.0,15.0,1.0,0.0,5.0,0.478,0.222,0.556
San Antonio Spurs,SAS,Devontae Cacok,2021-22,15,121.016666666667,46.0,42.0,6.0,8.0,7.0,3.0,0.677,0.0,0.571
New Orleans Pelicans,NOP,Devonte' Graham,2021-22,76,2161.575,902.0,177.0,316.0,71.0,12.0,105.0,0.363,0.341,0.843
Miami Heat,MIA,Dewayne Dedmon,2021-22,67,1065.18166666667,422.0,386.0,47.0,24.0,42.0,70.0,0.566,0.404,0.75
Portland Trail Blazers,POR,Didi Louzada,2021-22,9,129.366666666667,35.0,17.0,5.0,2.0,2.0,5.0,0.364,0.391,1.0
Memphis Grizzlies,MEM,Dillon Brooks,2021-22,32,885.026666666667,590.0,102.0,88.0,36.0,8.0,50.0,0.432,0.309,0.849
Sacramento Kings,SAC,Domantas Sabonis,2021-22,62,2135.83666666667,1171.0,752.0,323.0,59.0,27.0,195.0,0.573,0.312,0.741
Utah Jazz,UTA,Donovan Mitchell,2021-22,67,2265.61166666667,1733.0,282.0,358.0,99.0,12.0,200.0,0.448,0.355,0.853
Sacramento Kings,SAC,Donte DiVincenzo,2021-22,42,1005.4,380.0,170.0,118.0,48.0,8.0,72.0,0.351,0.339,0.843
Dallas Mavericks,DAL,Dorian Finney-Smith,2021-22,80,2643.625,880.0,375.0,150.0,88.0,39.0,80.0,0.471,0.395,0.675
San Antonio Spurs,SAS,Doug McDermott,2021-22,51,1223.24,578.0,115.0,64.0,13.0,6.0,43.0,0.462,0.422,0.784
Golden State Warriors,GSW,Draymond Green,2021-22,46,1328.96333333333,346.0,336.0,320.0,61.0,50.0,139.0,0.525,0.296,0.659
Portland Trail Blazers,POR,Drew Eubanks,2021-22,71,1244.60833333333,546.0,382.0,85.0,31.0,40.0,81.0,0.596,0.217,0.762
Indiana Pacers,IND,Duane Washington Jr.,2021-22,48,967.99,473.0,83.0,85.0,26.0,3.0,57.0,0.405,0.377,0.754
Miami Heat,MIA,Duncan Robinson,2021-22,79,2042.77,863.0,203.0,129.0,42.0,14.0,60.0,0.399,0.372,0.836
Los Angeles Lakers,LAL,Dwight Howard,2021-22,60,970.723333333333,372.0,356.0,35.0,34.0,36.0,47.0,0.612,0.533,0.658
Dallas Mavericks,DAL,Dwight Powell,2021-22,82,1798.19666666667,717.0,404.0,97.0,37.0,39.0,64.0,0.671,0.351,0.783
Cleveland Cavaliers,CLE,Dylan Windler,2021-22,50,459.236666666667,110.0,89.0,34.0,14.0,3.0,16.0,0.378,0.3,0.833
Cleveland Cavaliers,CLE,Ed Davis,2021-22,31,201.358333333333,28.0,64.0,7.0,3.0,9.0,5.0,0.688,0.0,0.429
Phoenix Suns,PHX,Elfrid Payton,2021-22,50,549.11,150.0,88.0,99.0,25.0,6.0,47.0,0.383,0.222,0.375
Portland Trail Blazers,POR,Elijah Hughes,2021-22,36,434.465,126.0,58.0,22.0,14.0,8.0,17.0,0.326,0.263,0.778
Phoenix Suns,PHX,Emanuel Terry,2021-22,3,18.21,0.0,15.0,2.0,1.0,0.0,5.0,0.0,0.0,0.0
Sacramento Kings,SAC,Emmanuel Mudiay,2021-22,2,10.9833333333333,3.0,0.0,4.0,1.0,0.0,1.0,0.0,0.0,0.75
Boston Celtics,BOS,Enes Freedom,2021-22,35,411.368333333333,128.0,160.0,8.0,5.0,14.0,20.0,0.526,0.4,0.857
Portland Trail Blazers,POR,Eric Bledsoe,2021-22,54,1360.61666666667,534.0,182.0,225.0,69.0,19.0,116.0,0.421,0.313,0.761
Houston Rockets,HOU,Eric Gordon,2021-22,57,1669.53,765.0,113.0,154.0,28.0,18.0,107.0,0.475,0.412,0.778
Utah Jazz,UTA,Eric Paschall,2021-22,58,736.506666666667,334.0,106.0,36.0,9.0,5.0,27.0,0.485,0.37,0.767
Dallas Mavericks,DAL,Eugene Omoruyi,2021-22,4,17.8166666666667,7.0,7.0,2.0,0.0,0.0,0.0,0.4,0.5,0.5
New York Knicks,NYK,Evan Fournier,2021-22,80,2357.96666666667,1125.0,210.0,171.0,79.0,20.0,105.0,0.417,0.389,0.708
Cleveland Cavaliers,CLE,Evan Mobley,2021-22,69,2331.03666666667,1034.0,570.0,174.0,56.0,115.0,133.0,0.508,0.25,0.663
Denver Nuggets,DEN,Facundo Campazzo,2021-22,65,1184.05,332.0,117.0,220.0,63.0,23.0,67.0,0.361,0.301,0.769
New York Knicks,NYK,Feron Hunt,2021-22,2,8.36666666666667,0.0,1.0,1.0,1.0,0.0,1.0,0.0,0.0,0.0
Detroit Pistons,DET,Frank Jackson,2021-22,53,1163.96,560.0,87.0,55.0,27.0,9.0,38.0,0.402,0.308,0.827
Phoenix Suns,PHX,Frank Kaminsky,2021-22,9,180.938333333333,95.0,41.0,13.0,8.0,7.0,5.0,0.545,0.333,0.9
Dallas Mavericks,DAL,Frank Ntilikina,2021-22,58,684.655,240.0,79.0,69.0,27.0,7.0,31.0,0.399,0.342,0.96
Orlando Magic,ORL,Franz Wagner,2021-22,79,2429.04666666667,1197.0,356.0,231.0,68.0,34.0,119.0,0.468,0.354,0.863
Toronto Raptors,TOR,Fred VanVleet,2021-22,65,2462.02166666667,1320.0,289.0,434.0,111.0,35.0,170.0,0.403,0.377,0.874
Orlando Magic,ORL,Freddie Gillespie,2021-22,9,118.685,21.0,36.0,5.0,3.0,9.0,5.0,0.409,0.0,0.429
Philadelphia 76ers,PHI,Furkan Korkmaz,2021-22,67,1413.78166666667,509.0,175.0,127.0,33.0,9.0,48.0,0.387,0.289,0.81
Miami Heat,MIA,Gabe Vincent,2021-22,68,1588.945,591.0,126.0,210.0,62.0,12.0,98.0,0.417,0.368,0.815
Indiana Pacers,IND,Gabe York,2021-22,2,21.305,8.0,2.0,4.0,2.0,1.0,1.0,0.286,0.167,0.6
Oklahoma City Thunder,OKC,Gabriel Deck,2021-22,7,55.605,18.0,6.0,5.0,1.0,0.0,2.0,0.571,0.5,0.0
Phoenix Suns,PHX,Gabriel Lundberg,2021-22,4,44.2,13.0,7.0,11.0,3.0,0.0,3.0,0.263,0.375,0.0
New Orleans Pelicans,NOP,Garrett Temple,2021-22,59,1098.40833333333,309.0,143.0,74.0,43.0,23.0,42.0,0.376,0.319,0.683
Houston Rockets,HOU,Garrison Mathews,2021-22,65,1711.88833333333,650.0,190.0,64.0,57.0,24.0,41.0,0.399,0.36,0.794
New Orleans Pelicans,NOP,Gary Clark,2021-22,38,378.221666666667,101.0,90.0,18.0,13.0,7.0,10.0,0.375,0.4,0.7
Orlando Magic,ORL,Gary Harris,2021-22,61,1730.20333333333,679.0,122.0,108.0,59.0,9.0,61.0,0.434,0.384,0.874
Golden State Warriors,GSW,Gary Payton II,2021-22,71,1247.685,502.0,247.0,64.0,96.0,22.0,40.0,0.616,0.358,0.603
Toronto Raptors,TOR,Gary Trent Jr.,2021-22,70,2447.90166666667,1283.0,191.0,141.0,122.0,19.0,73.0,0.414,0.383,0.853
Milwaukee Bucks,MIL,George Hill,2021-22,54,1253.20333333333,334.0,155.0,120.0,42.0,6.0,41.0,0.429,0.306,0.919
Dallas Mavericks,DAL,George King,2021-22,4,19.1616666666667,1.0,5.0,0.0,0.0,0.0,1.0,0.0,0.0,0.5
Philadelphia 76ers,PHI,Georges Niang,2021-22,76,1736.37833333333,700.0,203.0,102.0,30.0,13.0,59.0,0.437,0.403,0.881
Oklahoma City Thunder,OKC,Georgios Kalaitzakis,2021-22,13,213.478333333333,86.0,21.0,12.0,11.0,2.0,20.0,0.463,0.385,0.467
Milwaukee Bucks,MIL,Giannis Antetokounmpo,2021-22,67,2204.225,2002.0,778.0,388.0,72.0,91.0,219.0,0.553,0.293,0.722
Indiana Pacers,IND,Goga Bitadze,2021-22,50,728.913333333333,349.0,177.0,55.0,21.0,42.0,46.0,0.52,0.288,0.681
Brooklyn Nets,BKN,Goran Dragic,2021-22,21,497.498333333333,157.0,65.0,86.0,19.0,4.0,34.0,0.377,0.254,0.818
Charlotte Hornets,CHA,Gordon Hayward,2021-22,49,1563.87333333333,778.0,224.0,177.0,47.0,22.0,81.0,0.459,0.391,0.846
Atlanta Hawks,ATL,Gorgui Dieng,2021-22,44,371.181666666667,154.0,121.0,34.0,11.0,13.0,20.0,0.473,0.426,0.731
Boston Celtics,BOS,Grant Williams,2021-22,77,1875.08,602.0,274.0,78.0,38.0,57.0,62.0,0.475,0.411,0.905
Milwaukee Bucks,MIL,Grayson Allen,2021-22,66,1804.755,733.0,222.0,100.0,46.0,18.0,43.0,0.448,0.409,0.865
Portland Trail Blazers,POR,Greg Brown III,2021-22,48,639.826666666667,225.0,135.0,35.0,26.0,24.0,36.0,0.426,0.311,0.677
Minnesota Timberwolves,MIN,Greg Monroe,2021-22,14,194.788333333333,76.0,64.0,22.0,8.0,10.0,12.0,0.561,0.0,0.522
Detroit Pistons,DET,Hamidou Diallo,2021-22,58,1268.82166666667,636.0,277.0,73.0,71.0,17.0,58.0,0.496,0.247,0.65
Sacramento Kings,SAC,Harrison Barnes,2021-22,77,2586.72833333333,1265.0,432.0,186.0,53.0,14.0,118.0,0.469,0.394,0.826
Utah Jazz,UTA,Hassan Whiteside,2021-22,65,1162.24833333333,534.0,494.0,26.0,22.0,103.0,53.0,0.652,0.0,0.623
Orlando Magic,ORL,Hassani Gravett,2021-22,8,171.095,50.0,21.0,20.0,5.0,1.0,9.0,0.474,0.423,0.75
Miami Heat,MIA,Haywood Highsmith,2021-22,19,163.326666666667,43.0,26.0,6.0,2.0,3.0,3.0,0.348,0.321,0.4
New Orleans Pelicans,NOP,Herbert Jones,2021-22,78,2335.18333333333,742.0,296.0,167.0,130.0,60.0,100.0,0.476,0.337,0.84
Orlando Magic,ORL,Ignas Brazdeikis,2021-22,42,535.591666666667,210.0,72.0,37.0,10.0,3.0,17.0,0.431,0.31,0.656
New York Knicks,NYK,Immanuel Quickley,2021-22,78,1802.43333333333,882.0,247.0,275.0,54.0,3.0,99.0,0.392,0.346,0.881
Toronto Raptors,TOR,Isaac Bonga,2021-22,15,68.6566666666667,12.0,7.0,4.0,8.0,2.0,2.0,0.231,0.25,0.625
Cleveland Cavaliers,CLE,Isaac Okoro,2021-22,67,1980.90166666667,588.0,201.0,121.0,56.0,22.0,58.0,0.48,0.35,0.768
Los Angeles Clippers,LAC,Isaiah Hartenstein,2021-22,68,1215.79833333333,563.0,332.0,160.0,50.0,77.0,84.0,0.626,0.467,0.689
Indiana Pacers,IND,Isaiah Jackson,2021-22,36,541.045,297.0,149.0,10.0,25.0,52.0,40.0,0.563,0.313,0.682
Philadelphia 76ers,PHI,Isaiah Joe,2021-22,55,609.468333333333,198.0,56.0,35.0,14.0,3.0,19.0,0.35,0.333,0.935
Detroit Pistons,DET,Isaiah Livers,2021-22,19,383.256666666667,121.0,57.0,21.0,13.0,7.0,15.0,0.456,0.422,0.857
Oklahoma City Thunder,OKC,Isaiah Roby,2021-22,45,948.423333333333,454.0,217.0,71.0,36.0,34.0,43.0,0.514,0.444,0.672
Detroit Pistons,DET,Isaiah Stewart,2021-22,71,1815.64333333333,589.0,617.0,82.0,22.0,78.0,85.0,0.51,0.326,0.718
Charlotte Hornets,CHA,Isaiah Thomas,2021-22,22,333.306666666667,184.0,29.0,34.0,7.0,5.0,15.0,0.401,0.337,0.846
Washington Wizards,WAS,Isaiah Todd,2021-22,12,74.1483333333333,20.0,12.0,4.0,4.0,2.0,4.0,0.269,0.25,0.333
Washington Wizards,WAS,Ish Smith,2021-22,65,1126.02,410.0,140.0,244.0,47.0,23.0,78.0,0.43,0.373,0.625
Phoenix Suns,PHX,Ish Wainright,2021-22,45,358.73,108.0,54.0,15.0,20.0,6.0,13.0,0.394,0.322,0.583
Los Angeles Clippers,LAC,Ivica Zubac,2021-22,76,1851.66166666667,785.0,644.0,120.0,36.0,77.0,114.0,0.626,0.0,0.727
Charlotte Hornets,CHA,JT Thor,2021-22,33,261.883333333333,67.0,43.0,19.0,8.0,11.0,10.0,0.436,0.259,0.6
Memphis Grizzlies,MEM,Ja Morant,2021-22,57,1888.78666666667,1564.0,325.0,384.0,66.0,22.0,196.0,0.493,0.344,0.761
Denver Nuggets,DEN,JaMychal Green,2021-22,67,1085.42,432.0,281.0,59.0,43.0,26.0,57.0,0.486,0.266,0.871
Dallas Mavericks,DAL,JaQuori McLaughlin,2021-22,4,10.9,0.0,0.0,2.0,0.0,0.0,0.0,0.0,0.0,0.0
Phoenix Suns,PHX,JaVale McGee,2021-22,74,1171.74833333333,680.0,496.0,42.0,22.0,81.0,98.0,0.629,0.222,0.699
Boston Celtics,BOS,Jabari Parker,2021-22,12,112.455,53.0,28.0,6.0,4.0,1.0,8.0,0.474,0.5,1.0
Minnesota Timberwolves,MIN,Jaden McDaniels,2021-22,70,1802.66666666667,647.0,293.0,79.0,52.0,54.0,75.0,0.46,0.317,0.803
Philadelphia 76ers,PHI,Jaden Springer,2021-22,2,5.63333333333333,2.0,2.0,0.0,0.0,2.0,1.0,1.0,0.0,0.0
Phoenix Suns,PHX,Jae Crowder,2021-22,67,1885.87166666667,632.0,354.0,124.0,95.0,30.0,55.0,0.399,0.348,0.789
Houston Rockets,HOU,Jae'Sean Tate,2021-22,78,2056.445,919.0,420.0,222.0,72.0,41.0,139.0,0.498,0.312,0.707
Sacramento Kings,SAC,Jahmi'us Ramsey,2021-22,19,133.92,60.0,13.0,7.0,1.0,1.0,5.0,0.414,0.278,0.5
Washington Wizards,WAS,Jaime Echenique,2021-22,1,3.06666666666667,0.0,0.0,0.0,0.0,0.0,0.0,0.0,0.0,0.0
Minnesota Timberwolves,MIN,Jake Layman,2021-22,34,230.565,81.0,36.0,9.0,7.0,5.0,10.0,0.411,0.229,0.722
San Antonio Spurs,SAS,Jakob Poeltl,2021-22,68,1969.65,915.0,634.0,189.0,45.0,118.0,109.0,0.618,1.0,0.495
Dallas Mavericks,DAL,Jalen Brunson,2021-22,79,2524.01,1285.0,309.0,377.0,66.0,3.0,124.0,0.502,0.373,0.84
Houston Rockets,HOU,Jalen Green,2021-22,67,2137.72333333333,1157.0,226.0,176.0,44.0,18.0,135.0,0.426,0.343,0.797
Atlanta Hawks,ATL,Jalen Johnson,2021-22,22,120.39,52.0,26.0,3.0,3.0,2.0,9.0,0.537,0.231,0.714
Charlotte Hornets,CHA,Jalen McDaniels,2021-22,55,895.241666666667,340.0,170.0,58.0,26.0,22.0,36.0,0.484,0.38,0.736
Indiana Pacers,IND,Jalen Smith,2021-22,51,924.181666666667,470.0,307.0,24.0,15.0,41.0,42.0,0.503,0.328,0.765
Orlando Magic,ORL,Jalen Suggs,2021-22,48,1306.65333333333,564.0,171.0,209.0,59.0,19.0,143.0,0.361,0.214,0.773
Charlotte Hornets,CHA,James Bouknight,2021-22,31,304.476666666667,142.0,52.0,26.0,7.0,1.0,15.0,0.348,0.347,0.871
Denver Nuggets,DEN,James Ennis III,2021-22,7,55.6,29.0,12.0,3.0,2.0,2.0,2.0,0.458,0.375,0.8
Philadelphia 76ers,PHI,James Harden,2021-22,65,2419.68,1432.0,500.0,667.0,82.0,36.0,284.0,0.41,0.33,0.877
Brooklyn Nets,BKN,James Johnson,2021-22,62,1191.225,340.0,215.0,130.0,30.0,34.0,48.0,0.469,0.271,0.527
Detroit Pistons,DET,Jamorko Pickett,2021-22,13,176.468333333333,50.0,32.0,7.0,0.0,7.0,5.0,0.36,0.333,0.5
Utah Jazz,UTA,Jared Butler,2021-22,42,359.773333333333,161.0,45.0,63.0,17.0,8.0,33.0,0.404,0.318,0.688
New Orleans Pelicans,NOP,Jared Harper,2021-22,5,42.8833333333333,37.0,2.0,14.0,4.0,1.0,2.0,0.538,0.417,1.0
Memphis Grizzlies,MEM,Jaren Jackson Jr.,2021-22,78,2126.24833333333,1272.0,454.0,86.0,73.0,177.0,130.0,0.415,0.319,0.823
Minnesota Timberwolves,MIN,Jarred Vanderbilt,2021-22,74,1880.51666666667,512.0,624.0,94.0,99.0,46.0,73.0,0.587,0.143,0.656
Cleveland Cavaliers,CLE,Jarrett Allen,2021-22,56,1809.56,904.0,602.0,92.0,44.0,75.0,94.0,0.677,0.1,0.708
Memphis Grizzlies,MEM,Jarrett Culver,2021-22,37,338.185,130.0,48.0,33.0,20.0,5.0,20.0,0.378,0.255,0.471
Portland Trail Blazers,POR,Jarron Cumberland,2021-22,3,12.3166666666667,2.0,3.0,1.0,0.0,0.0,0.0,0.5,0.0,0.0
Milwaukee Bucks,MIL,Javin DeLaurier,2021-22,1,2.8,0.0,1.0,0.0,1.0,0.0,0.0,0.0,0.0,0.0
Chicago Bulls,CHI,Javonte Green,2021-22,65,1519.045,468.0,276.0,60.0,67.0,32.0,30.0,0.542,0.356,0.833
Miami Heat,MIA,Javonte Smart,2021-22,17,199.856666666667,51.0,24.0,16.0,6.0,3.0,11.0,0.317,0.296,0.833
New Orleans Pelicans,NOP,Jaxson Hayes,2021-22,70,1397.54,654.0,315.0,43.0,33.0,55.0,54.0,0.616,0.351,0.766
Los Angeles Lakers,LAL,Jay Huff,2021-22,4,20.25,0.0,4.0,1.0,1.0,1.0,1.0,0.0,0.0,0.0
Los Angeles Clippers,LAC,Jay Scrubb,2021-22,18,121.381666666667,49.0,16.0,8.0,4.0,3.0,7.0,0.391,0.286,0.7
Boston Celtics,BOS,Jaylen Brown,2021-22,66,2220.45333333333,1559.0,404.0,231.0,70.0,18.0,178.0,0.473,0.358,0.758
Oklahoma City Thunder,OKC,Jaylen Hoard,2021-22,7,239.571666666667,103.0,84.0,17.0,6.0,5.0,8.0,0.489,0.36,0.429
San Antonio Spurs,SAS,Jaylen Morris,2021-22,3,16.0333333333333,2.0,2.0,2.0,0.0,0.0,1.0,0.0,0.0,0.5
Minnesota Timberwolves,MIN,Jaylen Nowell,2021-22,62,974.795,527.0,123.0,130.0,27.0,10.0,36.0,0.475,0.394,0.783
Detroit Pistons,DET,Jaysean Paige,2021-22,1,6.61666666666667,0.0,1.0,1.0,0.0,0.0,1.0,0.0,0.0,0.0
Boston Celtics,BOS,Jayson Tatum,2021-22,76,2730.97166666667,2046.0,609.0,334.0,75.0,49.0,217.0,0.453,0.353,0.853
Orlando Magic,ORL,Jeff Dowtin Jr.,2021-22,9,108.016666666667,19.0,18.0,10.0,5.0,1.0,5.0,0.308,0.111,1.0
Denver Nuggets,DEN,Jeff Green,2021-22,75,1848.965,772.0,231.0,96.0,28.0,27.0,71.0,0.524,0.315,0.833
Los Angeles Lakers,LAL,Jemerrio Jones,2021-22,2,14.7166666666667,4.0,3.0,0.0,1.0,0.0,0.0,0.667,0.0,0.0
Detroit Pistons,DET,Jerami Grant,2021-22,47,1499.87333333333,904.0,191.0,111.0,44.0,49.0,85.0,0.426,0.358,0.838
Oklahoma City Thunder,OKC,Jeremiah Robinson-Earl,2021-22,49,1087.10833333333,366.0,274.0,49.0,29.0,15.0,39.0,0.414,0.352,0.741
Sacramento Kings,SAC,Jeremy Lamb,2021-22,56,935.448333333333,410.0,154.0,81.0,31.0,22.0,37.0,0.383,0.324,0.84
New York Knicks,NYK,Jericho Sims,2021-22,41,555.043333333333,90.0,169.0,21.0,11.0,22.0,20.0,0.722,0.0,0.414
Milwaukee Bucks,MIL,Jevon Carter,2021-22,66,905.178333333333,277.0,110.0,96.0,24.0,14.0,34.0,0.387,0.388,0.833
Miami Heat,MIA,Jimmy Butler III,2021-22,57,1930.83166666667,1219.0,336.0,312.0,94.0,27.0,121.0,0.48,0.233,0.87
San Antonio Spurs,SAS,Jock Landale,2021-22,54,588.731666666667,265.0,138.0,45.0,10.0,14.0,31.0,0.495,0.326,0.829
Brooklyn Nets,BKN,Joe Harris,2021-22,14,422.708333333333,158.0,56.0,14.0,7.0,2.0,16.0,0.452,0.466,0.833
Portland Trail Blazers,POR,Joe Ingles,2021-22,45,1122.135,325.0,131.0,158.0,23.0,5.0,46.0,0.404,0.347,0.773
Boston Celtics,BOS,Joe Johnson,2021-22,1,1.95,2.0,0.0,0.0,0.0,0.0,0.0,1.0,0.0,0.0
San Antonio Spurs,SAS,Joe Wieskamp,2021-22,29,205.141666666667,61.0,14.0,9.0,4.0,3.0,2.0,0.357,0.326,0.538
Washington Wizards,WAS,Joel Ayayi,2021-22,7,20.2166666666667,2.0,3.0,4.0,0.0,0.0,0.0,0.167,0.0,0.0
Philadelphia 76ers,PHI,Joel Embiid,2021-22,68,2296.405,2079.0,796.0,284.0,77.0,99.0,214.0,0.499,0.371,0.814
Atlanta Hawks,ATL,John Collins,2021-22,54,1662.60333333333,876.0,422.0,98.0,33.0,56.0,60.0,0.526,0.364,0.793
Memphis Grizzlies,MEM,John Konchar,2021-22,72,1291.52833333333,349.0,329.0,109.0,45.0,22.0,29.0,0.515,0.413,0.551
Memphis Grizzlies,MEM,Jon Teske,2021-22,3,7.74166666666667,0.0,2.0,1.0,1.0,0.0,0.0,0.0,0.0,0.0
New Orleans Pelicans,NOP,Jonas Valanciunas,2021-22,74,2240.05833333333,1314.0,843.0,190.0,41.0,60.0,179.0,0.544,0.361,0.82
Golden State Warriors,GSW,Jonathan Kuminga,2021-22,70,1184.75,652.0,234.0,64.0,31.0,22.0,74.0,0.513,0.336,0.684
Chicago Bulls,CHI,Jordan Bell,2021-22,1,2.01666666666667,0.0,1.0,0.0,1.0,0.0,0.0,0.0,0.0,0.0
Utah Jazz,UTA,Jordan Clarkson,2021-22,79,2140.86,1266.0,273.0,194.0,66.0,16.0,129.0,0.419,0.318,0.828
Washington Wizards,WAS,Jordan Goodwin,2021-22,2,5.93333333333333,0.0,1.0,0.0,0.0,0.0,0.0,0.0,0.0,0.0
Minnesota Timberwolves,MIN,Jordan McLaughlin,2021-22,62,901.608333333333,233.0,94.0,180.0,57.0,10.0,38.0,0.44,0.318,0.75
Milwaukee Bucks,MIL,Jordan Nwora,2021-22,62,1185.27166666667,487.0,221.0,59.0,25.0,17.0,57.0,0.403,0.348,0.837
Golden State Warriors,GSW,Jordan Poole,2021-22,76,2283.31166666667,1405.0,260.0,304.0,60.0,23.0,187.0,0.448,0.364,0.925
Washington Wizards,WAS,Jordan Schakel,2021-22,4,30.2666666666667,5.0,8.0,0.0,1.0,0.0,1.0,0.091,0.167,1.0
New Orleans Pelicans,NOP,Jose Alvarado,2021-22,54,833.908333333333,330.0,100.0,152.0,71.0,7.0,40.0,0.446,0.291,0.679
Houston Rockets,HOU,Josh Christopher,2021-22,74,1333.74166666667,587.0,186.0,150.0,65.0,13.0,114.0,0.448,0.296,0.735
Oklahoma City Thunder,OKC,Josh Giddey,2021-22,54,1700.35166666667,674.0,421.0,345.0,51.0,20.0,171.0,0.419,0.263,0.709
Dallas Mavericks,DAL,Josh Green,2021-22,67,1038.95666666667,319.0,161.0,79.0,45.0,14.0,44.0,0.508,0.359,0.689
Portland Trail Blazers,POR,Josh Hart,2021-22,54,1790.99,807.0,388.0,224.0,61.0,13.0,114.0,0.504,0.343,0.758
Sacramento Kings,SAC,Josh Jackson,2021-22,51,829.938333333333,328.0,141.0,54.0,26.0,22.0,47.0,0.4,0.254,0.714
Minnesota Timberwolves,MIN,Josh Okogie,2021-22,49,515.79,133.0,70.0,25.0,26.0,12.0,23.0,0.404,0.298,0.686
San Antonio Spurs,SAS,Josh Richardson,2021-22,65,1599.71666666667,666.0,185.0,115.0,56.0,29.0,66.0,0.438,0.415,0.889
San Antonio Spurs,SAS,Joshua Primo,2021-22,50,965.04,288.0,113.0,81.0,20.0,23.0,57.0,0.374,0.307,0.746
Milwaukee Bucks,MIL,Jrue Holiday,2021-22,67,2207.44,1225.0,301.0,457.0,108.0,29.0,183.0,0.501,0.411,0.761
Golden State Warriors,GSW,Juan Toscano-Anderson,2021-22,73,994.131666666667,298.0,176.0,127.0,48.0,17.0,68.0,0.489,0.322,0.571
Utah Jazz,UTA,Juancho Hernangomez,2021-22,40,444.551666666667,131.0,100.0,20.0,14.0,10.0,16.0,0.415,0.348,0.559
New York Knicks,NYK,Julius Randle,2021-22,72,2543.86333333333,1447.0,716.0,370.0,53.0,39.0,245.0,0.411,0.308,0.756
Indiana Pacers,IND,Justin Anderson,2021-22,16,315.851666666667,102.0,46.0,33.0,8.0,6.0,8.0,0.379,0.254,0.789
Toronto Raptors,TOR,Justin Champagnie,2021-22,36,280.831666666667,81.0,72.0,11.0,8.0,4.0,8.0,0.463,0.357,1.0
Sacramento Kings,SAC,Justin Holiday,2021-22,74,2056.81,749.0,190.0,128.0,57.0,33.0,70.0,0.394,0.367,0.806
Phoenix Suns,PHX,Justin Jackson,2021-22,7,36.4666666666667,15.0,7.0,2.0,0.0,0.0,1.0,0.333,0.333,1.0
Detroit Pistons,DET,Justin Robinson,2021-22,25,303.728333333333,78.0,21.0,32.0,9.0,1.0,17.0,0.301,0.295,0.5
Portland Trail Blazers,POR,Justise Winslow,2021-22,48,774.663333333333,274.0,202.0,84.0,35.0,25.0,49.0,0.428,0.227,0.591
Portland Trail Blazers,POR,Jusuf Nurkić,2021-22,56,1578.485,842.0,619.0,157.0,62.0,34.0,143.0,0.535,0.268,0.69
Boston Celtics,BOS,Juwan Morgan,2021-22,2,30.965,5.0,4.0,1.0,0.0,0.0,0.0,0.667,0.5,0.0
Houston Rockets,HOU,KJ Martin,2021-22,79,1656.325,696.0,297.0,101.0,34.0,40.0,60.0,0.533,0.357,0.634
Miami Heat,MIA,KZ Okpala,2021-22,21,244.071666666667,77.0,41.0,14.0,4.0,7.0,5.0,0.435,0.346,0.727
Charlotte Hornets,CHA,Kai Jones,2021-22,21,62.685,22.0,11.0,4.0,1.0,2.0,6.0,0.643,0.5,0.375
Minnesota Timberwolves,MIN,Karl-Anthony Towns,2021-22,74,2475.45666666667,1818.0,727.0,269.0,72.0,83.0,226.0,0.529,0.41,0.822
Indiana Pacers,IND,Keifer Sykes,2021-22,32,566.403333333333,180.0,45.0,62.0,12.0,4.0,33.0,0.363,0.3,0.882
San Antonio Spurs,SAS,Keita Bates-Diop,2021-22,59,956.548333333333,335.0,231.0,41.0,27.0,14.0,45.0,0.517,0.309,0.754
Boston Celtics,BOS,Kelan Martin,2021-22,30,449.701666666667,171.0,55.0,21.0,13.0,9.0,14.0,0.409,0.293,0.692
San Antonio Spurs,SAS,Keldon Johnson,2021-22,75,2391.725,1278.0,457.0,158.0,58.0,14.0,92.0,0.466,0.398,0.756
Portland Trail Blazers,POR,Keljin Blevins,2021-22,31,349.353333333333,95.0,45.0,19.0,13.0,1.0,17.0,0.306,0.292,0.545
Detroit Pistons,DET,Kelly Olynyk,2021-22,40,763.716666666667,365.0,177.0,111.0,31.0,19.0,58.0,0.448,0.336,0.775
Charlotte Hornets,CHA,Kelly Oubre Jr.,2021-22,76,1999.18,1137.0,302.0,84.0,77.0,31.0,67.0,0.44,0.345,0.667
New York Knicks,NYK,Kemba Walker,2021-22,37,947.69,431.0,111.0,131.0,26.0,7.0,48.0,0.403,0.367,0.845
Oklahoma City Thunder,OKC,Kenrich Williams,2021-22,49,1072.31833333333,363.0,220.0,108.0,44.0,10.0,46.0,0.461,0.339,0.545
Los Angeles Lakers,LAL,Kent Bazemore,2021-22,39,544.613333333333,132.0,69.0,34.0,25.0,9.0,21.0,0.324,0.363,0.765
Washington Wizards,WAS,Kentavious Caldwell-Pope,2021-22,77,2328.77,1018.0,261.0,145.0,83.0,26.0,97.0,0.435,0.39,0.89
Portland Trail Blazers,POR,Keon Johnson,2021-22,37,696.246666666667,267.0,81.0,76.0,28.0,12.0,46.0,0.353,0.34,0.804
Brooklyn Nets,BKN,Kessler Edwards,2021-22,48,987.195,284.0,172.0,31.0,29.0,24.0,42.0,0.412,0.353,0.842
Brooklyn Nets,BKN,Kevin Durant,2021-22,55,2047.40666666667,1643.0,407.0,351.0,48.0,52.0,191.0,0.518,0.383,0.91
Atlanta Hawks,ATL,Kevin Huerter,2021-22,74,2188.45666666667,892.0,254.0,203.0,55.0,26.0,91.0,0.454,0.389,0.808
Atlanta Hawks,ATL,Kevin Knox II,2021-22,30,222.49,93.0,44.0,10.0,4.0,2.0,7.0,0.365,0.278,0.727
Cleveland Cavaliers,CLE,Kevin Love,2021-22,74,1664.865,1007.0,536.0,160.0,26.0,18.0,98.0,0.43,0.392,0.838
Cleveland Cavaliers,CLE,Kevin Pangos,2021-22,24,166.013333333333,39.0,11.0,30.0,3.0,0.0,7.0,0.326,0.231,0.75
Houston Rockets,HOU,Kevin Porter Jr.,2021-22,61,1907.15333333333,949.0,267.0,376.0,69.0,22.0,192.0,0.415,0.375,0.642
Golden State Warriors,GSW,Kevon Looney,2021-22,82,1732.34333333333,491.0,596.0,165.0,50.0,52.0,67.0,0.571,0.0,0.6
Toronto Raptors,TOR,Khem Birch,2021-22,55,991.168333333333,247.0,239.0,56.0,30.0,26.0,29.0,0.485,0.0,0.746
Milwaukee Bucks,MIL,Khris Middleton,2021-22,66,2141.29,1325.0,356.0,358.0,76.0,18.0,190.0,0.443,0.373,0.89
Detroit Pistons,DET,Killian Hayes,2021-22,66,1646.97166666667,453.0,210.0,277.0,78.0,35.0,111.0,0.383,0.263,0.77
Memphis Grizzlies,MEM,Killian Tillie,2021-22,36,460.591666666667,118.0,60.0,22.0,23.0,15.0,13.0,0.339,0.314,0.625
New Orleans Pelicans,NOP,Kira Lewis Jr.,2021-22,24,341.14,141.0,39.0,49.0,11.0,1.0,26.0,0.404,0.224,0.833
Golden State Warriors,GSW,Klay Thompson,2021-22,32,940.851666666667,652.0,125.0,88.0,16.0,17.0,43.0,0.429,0.385,0.902
Portland Trail Blazers,POR,Kris Dunn,2021-22,14,336.345,106.0,49.0,79.0,23.0,3.0,32.0,0.431,0.091,0.944
Washington Wizards,WAS,Kristaps Porziņģis,2021-22,51,1480.61833333333,1030.0,411.0,119.0,37.0,84.0,81.0,0.459,0.31,0.867
Memphis Grizzlies,MEM,Kyle Anderson,2021-22,69,1483.65666666667,521.0,368.0,183.0,77.0,45.0,71.0,0.446,0.33,0.638
Miami Heat,MIA,Kyle Guy,2021-22,19,185.733333333333,74.0,17.0,17.0,7.0,1.0,13.0,0.4,0.35,0.667
Washington Wizards,WAS,Kyle Kuzma,2021-22,66,2204.27,1130.0,561.0,233.0,42.0,57.0,169.0,0.452,0.341,0.712
Miami Heat,MIA,Kyle Lowry,2021-22,63,2133.155,844.0,282.0,474.0,67.0,17.0,168.0,0.44,0.377,0.851
Brooklyn Nets,BKN,Kyrie Irving,2021-22,29,1091.505,796.0,127.0,167.0,41.0,17.0,73.0,0.469,0.418,0.915
Brooklyn Nets,BKN,LaMarcus Aldridge,2021-22,47,1050.085,607.0,258.0,42.0,14.0,47.0,44.0,0.55,0.304,0.873
Charlotte Hornets,CHA,LaMelo Ball,2021-22,75,2422.06666666667,1508.0,501.0,571.0,119.0,30.0,245.0,0.429,0.389,0.872
Cleveland Cavaliers,CLE,Lamar Stevens,2021-22,63,1014.86,383.0,164.0,44.0,31.0,18.0,41.0,0.489,0.277,0.707
Indiana Pacers,IND,Lance Stephenson,2021-22,46,813.978333333333,384.0,127.0,165.0,24.0,4.0,72.0,0.455,0.3,0.788
Phoenix Suns,PHX,Landry Shamet,2021-22,69,1437.38333333333,573.0,126.0,108.0,28.0,9.0,41.0,0.394,0.368,0.84
Milwaukee Bucks,MIL,Langston Galloway,2021-22,7,106.7,14.0,18.0,12.0,1.0,0.0,6.0,0.231,0.125,0.0
New Orleans Pelicans,NOP,Larry Nance Jr.,2021-22,46,1040.07166666667,321.0,248.0,81.0,43.0,20.0,37.0,0.522,0.329,0.702
Cleveland Cavaliers,CLE,Lauri Markkanen,2021-22,61,1877.58666666667,900.0,345.0,81.0,45.0,30.0,54.0,0.445,0.358,0.868
Los Angeles Lakers,LAL,LeBron James,2021-22,56,2084.335,1695.0,459.0,349.0,73.0,59.0,196.0,0.524,0.359,0.756
Minnesota Timberwolves,MIN,Leandro Bolmaro,2021-22,35,240.945,50.0,43.0,21.0,6.0,0.0,13.0,0.315,0.278,0.846
Milwaukee Bucks,MIL,Lindell Wigginton,2021-22,19,199.128333333333,80.0,25.0,23.0,5.0,1.0,12.0,0.426,0.346,0.543
Oklahoma City Thunder,OKC,Lindy Waters III,2021-22,25,465.25,199.0,73.0,24.0,19.0,8.0,11.0,0.406,0.363,0.8
San Antonio Spurs,SAS,Lonnie Walker IV,2021-22,70,1612.32333333333,849.0,181.0,152.0,44.0,19.0,71.0,0.407,0.314,0.784
Chicago Bulls,CHI,Lonzo Ball,2021-22,35,1212.345,455.0,190.0,178.0,64.0,31.0,82.0,0.423,0.423,0.75
Atlanta Hawks,ATL,Lou Williams,2021-22,56,798.876666666667,354.0,87.0,105.0,28.0,3.0,43.0,0.391,0.363,0.859
Sacramento Kings,SAC,Louis King,2021-22,10,103.606666666667,45.0,12.0,9.0,2.0,1.0,0.0,0.319,0.296,0.7
Oklahoma City Thunder,OKC,Luguentz Dort,2021-22,51,1665.35333333333,877.0,212.0,88.0,46.0,18.0,88.0,0.404,0.332,0.843
Dallas Mavericks,DAL,Luka Dončić,2021-22,65,2300.71833333333,1847.0,593.0,568.0,75.0,36.0,292.0,0.457,0.353,0.744
Detroit Pistons,DET,Luka Garza,2021-22,32,388.965,186.0,100.0,20.0,9.0,6.0,18.0,0.449,0.327,0.623
Los Angeles Clippers,LAC,Luke Kennard,2021-22,70,1919.13333333333,833.0,229.0,146.0,42.0,6.0,60.0,0.449,0.449,0.896
Boston Celtics,BOS,Luke Kornet,2021-22,15,103.333333333333,30.0,29.0,9.0,3.0,3.0,0.0,0.481,0.0,0.667
Phoenix Suns,PHX,MJ Walker,2021-22,2,8.39333333333333,0.0,1.0,1.0,2.0,0.0,0.0,0.0,0.0,0.0
Los Angeles Lakers,LAL,Mac McClung,2021-22,2,24.3833333333333,8.0,3.0,1.0,1.0,1.0,3.0,0.5,0.333,1.0
Toronto Raptors,TOR,Malachi Flynn,2021-22,44,537.056666666667,189.0,63.0,70.0,20.0,4.0,13.0,0.393,0.333,0.625
Indiana Pacers,IND,Malcolm Brogdon,2021-22,36,1206.24833333333,687.0,185.0,212.0,30.0,14.0,77.0,0.448,0.312,0.856
Chicago Bulls,CHI,Malcolm Hill,2021-22,19,212.09,72.0,35.0,8.0,7.0,3.0,3.0,0.462,0.361,0.786
Minnesota Timberwolves,MIN,Malik Beasley,2021-22,79,1976.26,953.0,227.0,116.0,43.0,12.0,43.0,0.391,0.377,0.817
Boston Celtics,BOS,Malik Fitts,2021-22,15,62.7583333333333,21.0,17.0,5.0,0.0,0.0,2.0,0.421,0.5,0.0
Los Angeles Lakers,LAL,Malik Monk,2021-22,76,2138.435,1048.0,256.0,218.0,61.0,29.0,122.0,0.473,0.391,0.795
Cleveland Cavaliers,CLE,Malik Newman,2021-22,1,7.68333333333333,8.0,1.0,1.0,0.0,0.0,1.0,0.6,0.0,1.0
Oklahoma City Thunder,OKC,Mamadi Diakite,2021-22,13,187.683333333333,56.0,59.0,2.0,5.0,9.0,7.0,0.532,0.0,0.545
Miami Heat,MIA,Marcus Garrett,2021-22,12,128.228333333333,13.0,23.0,7.0,5.0,3.0,2.0,0.238,0.25,0.4
Los Angeles Clippers,LAC,Marcus Morris Sr.,2021-22,54,1564.28,830.0,239.0,113.0,28.0,18.0,69.0,0.434,0.367,0.872
Boston Celtics,BOS,Marcus Smart,2021-22,71,2295.84166666667,861.0,270.0,417.0,119.0,18.0,159.0,0.418,0.331,0.793
Orlando Magic,ORL,Markelle Fultz,2021-22,18,359.731666666667,195.0,49.0,99.0,20.0,5.0,40.0,0.474,0.235,0.806
Miami Heat,MIA,Markieff Morris,2021-22,17,298.338333333333,129.0,45.0,23.0,6.0,1.0,20.0,0.474,0.333,0.889
Chicago Bulls,CHI,Marko Simonovic,2021-22,9,35.185,17.0,10.0,0.0,1.0,1.0,2.0,0.267,0.2,0.727
Denver Nuggets,DEN,Markus Howard,2021-22,31,176.496666666667,126.0,12.0,7.0,9.0,0.0,7.0,0.386,0.4,0.87
Dallas Mavericks,DAL,Marquese Chriss,2021-22,34,345.678333333333,154.0,103.0,17.0,13.0,12.0,17.0,0.463,0.32,0.667
Detroit Pistons,DET,Marvin Bagley III,2021-22,48,1146.06166666667,540.0,338.0,36.0,22.0,18.0,39.0,0.504,0.237,0.663
Los Angeles Lakers,LAL,Mason Jones,2021-22,4,50.5833333333333,27.0,10.0,4.0,2.0,0.0,1.0,0.467,0.25,0.8
Charlotte Hornets,CHA,Mason Plumlee,2021-22,73,1792.525,477.0,565.0,226.0,61.0,52.0,100.0,0.641,0.0,0.392
Philadelphia 76ers,PHI,Matisse Thybulle,2021-22,66,1685.26333333333,379.0,151.0,75.0,115.0,71.0,39.0,0.5,0.313,0.791
New York Knicks,NYK,Matt Mooney,2021-22,1,1.93333333333333,0.0,0.0,0.0,1.0,0.0,1.0,0.0,0.0,0.0
Boston Celtics,BOS,Matt Ryan,2021-22,1,5.25,3.0,0.0,0.0,1.0,0.0,0.0,0.2,0.2,0.0
Chicago Bulls,CHI,Matt Thomas,2021-22,40,459.511666666667,161.0,50.0,20.0,8.0,3.0,8.0,0.41,0.385,0.8
Sacramento Kings,SAC,Maurice Harkless,2021-22,47,863.471666666667,217.0,112.0,23.0,29.0,24.0,31.0,0.459,0.307,0.714
Miami Heat,MIA,Max Strus,2021-22,68,1587.08166666667,721.0,202.0,92.0,28.0,16.0,57.0,0.441,0.41,0.792
Dallas Mavericks,DAL,Maxi Kleber,2021-22,59,1449.86166666667,411.0,350.0,68.0,30.0,58.0,47.0,0.398,0.325,0.708
Minnesota Timberwolves,MIN,McKinley Wright IV,2021-22,5,18.8666666666667,5.0,0.0,3.0,0.0,0.0,1.0,0.667,0.5,0.0
Oklahoma City Thunder,OKC,Melvin Frazier Jr.,2021-22,3,119.566666666667,32.0,13.0,1.0,1.0,0.0,3.0,0.271,0.048,0.714
Detroit Pistons,DET,Micah Potter,2021-22,3,30.9316666666667,12.0,9.0,0.0,1.0,1.0,1.0,0.455,0.0,1.0
Denver Nuggets,DEN,Michael Porter Jr.,2021-22,9,265.048333333333,89.0,59.0,17.0,10.0,2.0,12.0,0.359,0.208,0.556
Phoenix Suns,PHX,Mikal Bridges,2021-22,82,2854.35333333333,1162.0,347.0,185.0,96.0,36.0,68.0,0.534,0.369,0.834
Utah Jazz,UTA,Mike Conley,2021-22,72,2058.13833333333,986.0,217.0,385.0,96.0,21.0,123.0,0.435,0.408,0.796
Oklahoma City Thunder,OKC,Mike Muscala,2021-22,43,592.52,344.0,129.0,22.0,18.0,26.0,14.0,0.456,0.429,0.842
Charlotte Hornets,CHA,Miles Bridges,2021-22,80,2837.11333333333,1613.0,559.0,300.0,74.0,67.0,150.0,0.491,0.331,0.802
New York Knicks,NYK,Miles McBride,2021-22,40,372.211666666667,89.0,42.0,41.0,14.0,1.0,5.0,0.296,0.25,0.667
New York Knicks,NYK,Mitchell Robinson,2021-22,72,1848.36666666667,610.0,617.0,38.0,58.0,133.0,60.0,0.761,0.0,0.486
Utah Jazz,UTA,Miye Oni,2021-22,16,44.1866666666667,5.0,7.0,5.0,0.0,0.0,1.0,0.222,0.125,0.0
Orlando Magic,ORL,Mo Bamba,2021-22,71,1823.70666666667,756.0,572.0,85.0,38.0,118.0,77.0,0.48,0.381,0.781
Denver Nuggets,DEN,Monte Morris,2021-22,75,2238.94833333333,945.0,226.0,333.0,56.0,14.0,78.0,0.484,0.395,0.869
Charlotte Hornets,CHA,Montrezl Harrell,2021-22,71,1640.35833333333,932.0,431.0,145.0,29.0,43.0,72.0,0.645,0.235,0.716
Orlando Magic,ORL,Moritz Wagner,2021-22,63,959.531666666667,564.0,232.0,87.0,20.0,13.0,56.0,0.497,0.328,0.806
Cleveland Cavaliers,CLE,Moses Brown,2021-22,40,344.325,171.0,135.0,1.0,7.0,16.0,20.0,0.593,0.0,0.597
Golden State Warriors,GSW,Moses Moody,2021-22,52,607.12,228.0,80.0,23.0,7.0,10.0,13.0,0.437,0.364,0.778
Dallas Mavericks,DAL,Moses Wright,2021-22,4,14.7333333333333,5.0,3.0,2.0,0.0,1.0,0.0,0.25,0.0,1.0
Miami Heat,MIA,Mychal Mulder,2021-22,17,239.555,69.0,24.0,5.0,4.0,2.0,8.0,0.312,0.315,1.0
Philadelphia 76ers,PHI,Myles Powell,2021-22,11,52.0666666666667,13.0,6.0,3.0,1.0,0.0,3.0,0.294,0.167,1.0
Indiana Pacers,IND,Myles Turner,2021-22,42,1234.72833333333,540.0,297.0,44.0,28.0,118.0,54.0,0.509,0.333,0.752
New Orleans Pelicans,NOP,Naji Marshall,2021-22,55,735.58,313.0,142.0,62.0,33.0,8.0,46.0,0.405,0.2,0.796
Portland Trail Blazers,POR,Nassir Little,2021-22,42,1088.36833333333,410.0,236.0,54.0,25.0,36.0,40.0,0.46,0.331,0.734
Indiana Pacers,IND,Nate Hinton,2021-22,2,2.42666666666667,0.0,0.0,0.0,0.0,0.0,1.0,0.0,0.0,0.0
Minnesota Timberwolves,MIN,Nathan Knight,2021-22,37,267.316666666667,138.0,85.0,22.0,7.0,8.0,18.0,0.511,0.308,0.733
Minnesota Timberwolves,MIN,Naz Reid,2021-22,77,1215.28666666667,637.0,301.0,71.0,40.0,71.0,82.0,0.489,0.343,0.765
Sacramento Kings,SAC,Neemias Queta,2021-22,15,119.6,45.0,31.0,6.0,1.0,8.0,6.0,0.447,0.0,0.647
Golden State Warriors,GSW,Nemanja Bjelica,2021-22,71,1142.36666666667,433.0,294.0,159.0,41.0,26.0,87.0,0.468,0.362,0.728
New York Knicks,NYK,Nerlens Noel,2021-22,25,561.97,85.0,141.0,23.0,30.0,31.0,20.0,0.533,0.0,0.7
Brooklyn Nets,BKN,Nic Claxton,2021-22,47,974.091666666667,410.0,264.0,43.0,24.0,51.0,38.0,0.674,0.0,0.581
Charlotte Hornets,CHA,Nick Richards,2021-22,50,367.143333333333,150.0,86.0,13.0,9.0,21.0,24.0,0.667,0.0,0.698
Utah Jazz,UTA,Nickeil Alexander-Walker,2021-22,65,1465.82,692.0,187.0,156.0,46.0,23.0,93.0,0.372,0.311,0.743
Los Angeles Clippers,LAC,Nicolas Batum,2021-22,59,1462.595,491.0,254.0,100.0,58.0,42.0,40.0,0.463,0.4,0.658
Boston Celtics,BOS,Nik Stauskas,2021-22,8,38.7883333333333,18.0,3.0,2.0,0.0,0.0,1.0,0.357,0.4,0.667
Denver Nuggets,DEN,Nikola Jokić,2021-22,74,2475.59166666667,2004.0,1019.0,584.0,109.0,63.0,281.0,0.583,0.337,0.81
Chicago Bulls,CHI,Nikola Vučević,2021-22,73,2417.54333333333,1288.0,804.0,236.0,70.0,71.0,136.0,0.473,0.314,0.76
Los Angeles Clippers,LAC,Norman Powell,2021-22,45,1458.215,853.0,145.0,96.0,42.0,21.0,69.0,0.461,0.419,0.811
Utah Jazz,UTA,Norvel Pelle,2021-22,3,19.0166666666667,6.0,6.0,0.0,0.0,1.0,2.0,0.6,0.0,0.0
Toronto Raptors,TOR,OG Anunoby,2021-22,48,1728.31333333333,822.0,264.0,125.0,71.0,25.0,80.0,0.443,0.363,0.754
New York Knicks,NYK,Obi Toppin,2021-22,72,1229.75333333333,648.0,268.0,77.0,25.0,33.0,56.0,0.531,0.308,0.758
Oklahoma City Thunder,OKC,Olivier Sarr,2021-22,22,420.87,153.0,93.0,19.0,6.0,15.0,22.0,0.574,0.448,0.828
Miami Heat,MIA,Omer Yurtseven,2021-22,56,706.198333333333,299.0,294.0,49.0,17.0,20.0,41.0,0.526,0.091,0.623
Atlanta Hawks,ATL,Onyeka Okongwu,2021-22,48,992.063333333333,392.0,283.0,53.0,31.0,60.0,44.0,0.69,0.0,0.727
Indiana Pacers,IND,Oshae Brissett,2021-22,67,1564.04,613.0,358.0,72.0,44.0,29.0,54.0,0.411,0.35,0.695
Golden State Warriors,GSW,Otto Porter Jr.,2021-22,63,1395.49833333333,515.0,362.0,94.0,68.0,29.0,37.0,0.464,0.37,0.803
Miami Heat,MIA,P.J. Tucker,2021-22,71,1980.75833333333,539.0,387.0,149.0,58.0,15.0,66.0,0.484,0.415,0.738
Charlotte Hornets,CHA,P.J. Washington,2021-22,65,1768.07333333333,668.0,337.0,147.0,57.0,61.0,82.0,0.47,0.365,0.716
Denver Nuggets,DEN,PJ Dozier,2021-22,18,340.488333333333,97.0,63.0,29.0,11.0,6.0,13.0,0.364,0.313,0.769
Phoenix Suns,PHX,Paris Bass,2021-22,2,7.38333333333333,6.0,4.0,0.0,1.0,0.0,2.0,0.333,0.0,1.0
Toronto Raptors,TOR,Pascal Siakam,2021-22,68,2577.85333333333,1551.0,580.0,360.0,85.0,42.0,181.0,0.494,0.344,0.749
Milwaukee Bucks,MIL,Pat Connaughton,2021-22,65,1690.83,645.0,273.0,82.0,59.0,15.0,35.0,0.458,0.395,0.833
Minnesota Timberwolves,MIN,Patrick Beverley,2021-22,58,1475.73833333333,533.0,240.0,268.0,67.0,52.0,73.0,0.406,0.343,0.722
Chicago Bulls,CHI,Patrick Williams,2021-22,17,422.328333333333,153.0,69.0,15.0,9.0,9.0,16.0,0.529,0.517,0.732
Brooklyn Nets,BKN,Patty Mills,2021-22,81,2345.72333333333,923.0,156.0,183.0,51.0,17.0,73.0,0.408,0.4,0.814
Los Angeles Clippers,LAC,Paul George,2021-22,31,1077.38666666667,754.0,213.0,176.0,67.0,13.0,126.0,0.421,0.354,0.858
Philadelphia 76ers,PHI,Paul Millsap,2021-22,33,375.701666666667,115.0,114.0,29.0,10.0,13.0,19.0,0.391,0.229,0.708
Philadelphia 76ers,PHI,Paul Reed,2021-22,38,302.531666666667,116.0,92.0,16.0,33.0,14.0,10.0,0.563,0.25,0.429
Oklahoma City Thunder,OKC,Paul Watson,2021-22,9,156.208333333333,31.0,27.0,8.0,3.0,3.0,4.0,0.343,0.231,0.5
Boston Celtics,BOS,Payton Pritchard,2021-22,71,1001.0,442.0,134.0,139.0,25.0,6.0,41.0,0.429,0.412,1.0
Denver Nuggets,DEN,Petr Cornelie,2021-22,13,37.965,14.0,14.0,3.0,1.0,1.0,4.0,0.333,0.125,0.75
Toronto Raptors,TOR,Precious Achiuwa,2021-22,73,1724.65333333333,664.0,473.0,82.0,37.0,41.0,84.0,0.439,0.359,0.595
New York Knicks,NYK,Quentin Grimes,2021-22,46,786.226666666667,275.0,94.0,44.0,31.0,11.0,28.0,0.404,0.381,0.684
Golden State Warriors,GSW,Quinndary Weatherspoon,2021-22,11,73.4083333333333,30.0,14.0,5.0,1.0,1.0,3.0,0.571,0.2,1.0
Orlando Magic,ORL,R.J. Hampton,2021-22,64,1402.26166666667,489.0,194.0,158.0,42.0,13.0,87.0,0.383,0.35,0.641
New York Knicks,NYK,RJ Barrett,2021-22,70,2417.19,1402.0,408.0,208.0,43.0,16.0,151.0,0.408,0.342,0.714
Cleveland Cavaliers,CLE,RJ Nembhard Jr.,2021-22,14,62.7333333333333,15.0,7.0,12.0,1.0,0.0,3.0,0.333,0.0,0.75
Cleveland Cavaliers,CLE,Rajon Rondo,2021-22,39,697.933333333333,186.0,108.0,170.0,30.0,6.0,68.0,0.386,0.352,0.731
Washington Wizards,WAS,Raul Neto,2021-22,70,1371.995,526.0,134.0,217.0,55.0,3.0,79.0,0.463,0.292,0.769
Milwaukee Bucks,MIL,Rayjon Tucker,2021-22,5,70.8183333333333,21.0,8.0,10.0,4.0,0.0,1.0,0.667,0.8,0.714
Dallas Mavericks,DAL,Reggie Bullock Jr.,2021-22,68,1901.84833333333,583.0,241.0,83.0,41.0,14.0,40.0,0.401,0.36,0.833
Los Angeles Clippers,LAC,Reggie Jackson,2021-22,75,2336.52833333333,1263.0,271.0,359.0,55.0,15.0,173.0,0.392,0.326,0.847
Portland Trail Blazers,POR,Reggie Perry,2021-22,10,187.266666666667,92.0,47.0,12.0,9.0,6.0,11.0,0.506,0.188,0.6
Sacramento Kings,SAC,Richaun Holmes,2021-22,45,1074.07833333333,468.0,317.0,48.0,17.0,41.0,56.0,0.66,0.4,0.778
Indiana Pacers,IND,Ricky Rubio,2021-22,34,970.15,445.0,141.0,225.0,49.0,7.0,90.0,0.363,0.339,0.854
Oklahoma City Thunder,OKC,Rob Edwards,2021-22,2,10.85,3.0,3.0,0.0,0.0,0.0,1.0,0.25,0.25,0.0
Los Angeles Clippers,LAC,Robert Covington,2021-22,71,1939.48,604.0,391.0,92.0,103.0,91.0,75.0,0.42,0.378,0.841
Boston Celtics,BOS,Robert Williams III,2021-22,61,1804.33333333333,607.0,588.0,121.0,56.0,134.0,63.0,0.736,0.0,0.722
San Antonio Spurs,SAS,Robert Woodard II,2021-22,12,42.1933333333333,7.0,11.0,3.0,1.0,1.0,1.0,0.125,0.25,1.0
Orlando Magic,ORL,Robin Lopez,2021-22,36,611.903333333333,254.0,126.0,54.0,2.0,18.0,44.0,0.553,0.333,0.593
Los Angeles Clippers,LAC,Rodney Hood,2021-22,52,709.435,163.0,77.0,38.0,15.0,6.0,11.0,0.369,0.33,0.895
Detroit Pistons,DET,Rodney McGruder,2021-22,51,754.056666666667,273.0,111.0,48.0,21.0,7.0,24.0,0.436,0.397,0.731
San Antonio Spurs,SAS,Romeo Langford,2021-22,48,770.906666666667,218.0,108.0,21.0,22.0,16.0,16.0,0.435,0.341,0.548
Utah Jazz,UTA,Royce O'Neale,2021-22,77,2405.53833333333,570.0,368.0,191.0,86.0,32.0,79.0,0.457,0.389,0.804
Utah Jazz,UTA,Rudy Gay,2021-22,55,1038.23666666667,446.0,242.0,56.0,25.0,19.0,47.0,0.414,0.345,0.785
Utah Jazz,UTA,Rudy Gobert,2021-22,66,2120.41666666667,1027.0,968.0,72.0,45.0,137.0,119.0,0.713,0.0,0.69
Washington Wizards,WAS,Rui Hachimura,2021-22,42,943.525,475.0,160.0,48.0,23.0,9.0,33.0,0.491,0.447,0.697
Los Angeles Lakers,LAL,Russell Westbrook,2021-22,78,2677.86666666667,1441.0,580.0,550.0,75.0,20.0,295.0,0.444,0.298,0.667
New York Knicks,NYK,Ryan Arcidiacono,2021-22,10,76.2533333333333,16.0,8.0,4.0,1.0,0.0,3.0,0.5,0.444,0.0
Detroit Pistons,DET,Saben Lee,2021-22,37,603.728333333333,208.0,87.0,107.0,36.0,12.0,36.0,0.39,0.233,0.789
Detroit Pistons,DET,Saddiq Bey,2021-22,82,2704.17666666667,1321.0,441.0,233.0,73.0,16.0,96.0,0.396,0.346,0.827
Toronto Raptors,TOR,Sam Dekker,2021-22,1,0.906666666666667,0.0,0.0,0.0,0.0,0.0,0.0,0.0,0.0,0.0
Boston Celtics,BOS,Sam Hauser,2021-22,26,157.605,65.0,29.0,10.0,1.0,2.0,2.0,0.46,0.432,0.0
Memphis Grizzlies,MEM,Sam Merrill,2021-22,6,57.8333333333333,25.0,7.0,4.0,0.0,0.0,2.0,0.333,0.304,0.5
Milwaukee Bucks,MIL,Sandro Mamukelashvili,2021-22,41,407.001666666667,154.0,82.0,22.0,9.0,9.0,15.0,0.496,0.423,0.818
Memphis Grizzlies,MEM,Santi Aldama,2021-22,32,359.768333333333,132.0,87.0,21.0,6.0,10.0,16.0,0.402,0.125,0.625
Toronto Raptors,TOR,Scottie Barnes,2021-22,74,2617.28833333333,1134.0,557.0,256.0,80.0,55.0,136.0,0.492,0.301,0.735
Charlotte Hornets,CHA,Scottie Lewis,2021-22,2,6.55,1.0,0.0,1.0,1.0,0.0,0.0,0.0,0.0,0.5
Oklahoma City Thunder,OKC,Scotty Hopson,2021-22,1,17.7333333333333,4.0,1.0,1.0,0.0,0.0,2.0,0.5,0.0,0.0
Los Angeles Lakers,LAL,Sekou Doumbouya,2021-22,2,16.3833333333333,14.0,6.0,0.0,3.0,2.0,2.0,0.625,0.5,0.75
Los Angeles Clippers,LAC,Semi Ojeleye,2021-22,30,405.836666666667,98.0,74.0,9.0,7.0,6.0,9.0,0.303,0.3,0.793
Milwaukee Bucks,MIL,Serge Ibaka,2021-22,54,877.601666666667,365.0,250.0,49.0,11.0,33.0,43.0,0.5,0.374,0.727
Brooklyn Nets,BKN,Seth Curry,2021-22,64,2134.26666666667,960.0,200.0,230.0,53.0,14.0,109.0,0.487,0.422,0.872
Oklahoma City Thunder,OKC,Shai Gilgeous-Alexander,2021-22,56,1941.855,1371.0,278.0,331.0,71.0,46.0,154.0,0.453,0.3,0.81
Philadelphia 76ers,PHI,Shake Milton,2021-22,55,1179.43333333333,450.0,142.0,139.0,28.0,17.0,44.0,0.429,0.323,0.836
Memphis Grizzlies,MEM,Shaq Buchanan,2021-22,2,9.81666666666667,2.0,2.0,2.0,1.0,0.0,2.0,0.25,0.0,0.0
Brooklyn Nets,BKN,Shaquille Harrison,2021-22,2,22.5833333333333,4.0,4.0,3.0,1.0,1.0,2.0,0.333,0.0,0.0
Atlanta Hawks,ATL,Sharife Cooper,2021-22,13,38.5866666666667,7.0,5.0,5.0,0.0,0.0,5.0,0.214,0.167,0.0
Atlanta Hawks,ATL,Skylar Mays,2021-22,28,219.886666666667,80.0,25.0,17.0,7.0,0.0,10.0,0.5,0.32,0.889
Atlanta Hawks,ATL,Solomon Hill,2021-22,13,139.413333333333,8.0,23.0,12.0,4.0,2.0,1.0,0.15,0.154,0.0
Dallas Mavericks,DAL,Spencer Dinwiddie,2021-22,67,1980.49166666667,919.0,279.0,346.0,44.0,13.0,104.0,0.416,0.339,0.774
Los Angeles Lakers,LAL,Stanley Johnson,2021-22,48,1094.39833333333,320.0,155.0,80.0,43.0,14.0,35.0,0.466,0.314,0.716
Golden State Warriors,GSW,Stephen Curry,2021-22,64,2211.085,1630.0,335.0,404.0,85.0,23.0,206.0,0.437,0.38,0.923
Dallas Mavericks,DAL,Sterling Brown,2021-22,49,628.411666666667,160.0,149.0,34.0,14.0,7.0,23.0,0.381,0.304,0.933
Memphis Grizzlies,MEM,Steven Adams,2021-22,76,1998.57666666667,528.0,760.0,256.0,65.0,60.0,115.0,0.547,0.0,0.543
Toronto Raptors,TOR,Svi Mykhailiuk,2021-22,56,716.121666666667,255.0,92.0,45.0,26.0,4.0,32.0,0.389,0.306,0.865
Indiana Pacers,IND,T.J. McConnell,2021-22,27,652.103333333333,229.0,90.0,131.0,29.0,10.0,29.0,0.481,0.303,0.826
Cleveland Cavaliers,CLE,Tacko Fall,2021-22,11,58.7833333333333,12.0,23.0,2.0,0.0,6.0,3.0,0.417,0.0,0.286
New York Knicks,NYK,Taj Gibson,2021-22,52,945.723333333333,229.0,229.0,32.0,22.0,40.0,27.0,0.518,0.395,0.808
Los Angeles Lakers,LAL,Talen Horton-Tucker,2021-22,60,1511.02833333333,597.0,193.0,159.0,59.0,29.0,82.0,0.416,0.269,0.8
Minnesota Timberwolves,MIN,Taurean Prince,2021-22,69,1176.655,502.0,174.0,68.0,47.0,23.0,53.0,0.454,0.376,0.756
Los Angeles Clippers,LAC,Terance Mann,2021-22,81,2316.81,872.0,425.0,209.0,55.0,21.0,84.0,0.484,0.365,0.78
Sacramento Kings,SAC,Terence Davis,2021-22,30,536.311666666667,311.0,94.0,40.0,25.0,11.0,33.0,0.423,0.329,0.818
Orlando Magic,ORL,Terrence Ross,2021-22,63,1448.17833333333,629.0,161.0,116.0,28.0,12.0,75.0,0.397,0.292,0.862
Charlotte Hornets,CHA,Terry Rozier,2021-22,73,2457.84333333333,1408.0,315.0,326.0,93.0,25.0,96.0,0.444,0.374,0.852
Indiana Pacers,IND,Terry Taylor,2021-22,33,713.795,318.0,172.0,41.0,14.0,8.0,23.0,0.614,0.316,0.706
Toronto Raptors,TOR,Thaddeus Young,2021-22,52,845.208333333333,322.0,208.0,104.0,54.0,18.0,52.0,0.518,0.354,0.469
Milwaukee Bucks,MIL,Thanasis Antetokounmpo,2021-22,48,473.343333333333,171.0,101.0,22.0,16.0,12.0,26.0,0.547,0.143,0.63
Oklahoma City Thunder,OKC,Theo Maledon,2021-22,51,908.22,361.0,131.0,111.0,31.0,11.0,65.0,0.375,0.293,0.79
Dallas Mavericks,DAL,Theo Pinson,2021-22,19,148.096666666667,48.0,21.0,17.0,5.0,2.0,5.0,0.359,0.333,1.0
Washington Wizards,WAS,Thomas Bryant,2021-22,27,439.113333333333,201.0,108.0,23.0,6.0,21.0,19.0,0.52,0.286,0.875
Cleveland Cavaliers,CLE,Tim Frazier,2021-22,12,207.598333333333,39.0,19.0,34.0,3.0,1.0,15.0,0.311,0.353,0.556
Dallas Mavericks,DAL,Tim Hardaway Jr.,2021-22,42,1245.01,598.0,156.0,92.0,38.0,6.0,34.0,0.394,0.336,0.757
Atlanta Hawks,ATL,Timothe Luwawu-Cabarrot,2021-22,52,684.811666666667,227.0,82.0,40.0,18.0,6.0,20.0,0.398,0.361,0.854
Philadelphia 76ers,PHI,Tobias Harris,2021-22,73,2543.155,1257.0,496.0,252.0,47.0,43.0,116.0,0.482,0.367,0.842
Washington Wizards,WAS,Tomas Satoransky,2021-22,55,905.988333333333,198.0,126.0,184.0,29.0,5.0,46.0,0.377,0.208,0.796
Chicago Bulls,CHI,Tony Bradley,2021-22,55,549.065,163.0,186.0,27.0,10.0,33.0,34.0,0.585,0.0,0.655
New Orleans Pelicans,NOP,Tony Snell,2021-22,53,822.488333333333,187.0,103.0,28.0,16.0,9.0,19.0,0.404,0.352,1.0
Phoenix Suns,PHX,Torrey Craig,2021-22,78,1595.82,516.0,310.0,91.0,46.0,36.0,67.0,0.454,0.329,0.75
Atlanta Hawks,ATL,Trae Young,2021-22,76,2651.89166666667,2155.0,284.0,737.0,72.0,7.0,303.0,0.46,0.382,0.904
Detroit Pistons,DET,Trayvon Palmer,2021-22,1,16.7733333333333,0.0,2.0,0.0,0.0,0.0,1.0,0.0,0.0,0.0
San Antonio Spurs,SAS,Tre Jones,2021-22,69,1148.125,413.0,155.0,233.0,42.0,7.0,46.0,0.49,0.196,0.78
Oklahoma City Thunder,OKC,Tre Mann,2021-22,60,1366.925,625.0,171.0,91.0,47.0,12.0,71.0,0.393,0.36,0.793
Washington Wizards,WAS,Tremont Waters,2021-22,3,50.2783333333333,10.0,4.0,7.0,5.0,0.0,4.0,0.286,0.222,0.0
Portland Trail Blazers,POR,Trendon Watford,2021-22,48,869.346666666667,364.0,199.0,81.0,25.0,28.0,44.0,0.532,0.237,0.755
Utah Jazz,UTA,Trent Forrest,2021-22,60,765.518333333333,195.0,99.0,106.0,30.0,6.0,48.0,0.49,0.185,0.792
Houston Rockets,HOU,Trevelin Queen,2021-22,10,74.4383333333333,43.0,16.0,4.0,5.0,1.0,7.0,0.455,0.375,1.0
Cleveland Cavaliers,CLE,Trevon Scott,2021-22,2,11.3666666666667,6.0,2.0,0.0,1.0,1.0,0.0,0.5,0.0,0.0
Los Angeles Lakers,LAL,Trevor Ariza,2021-22,24,462.303333333333,96.0,82.0,27.0,13.0,6.0,11.0,0.333,0.27,0.556
Dallas Mavericks,DAL,Trey Burke,2021-22,42,441.195,214.0,33.0,57.0,12.0,0.0,26.0,0.391,0.317,0.87
Sacramento Kings,SAC,Trey Lyles,2021-22,75,1536.26666666667,786.0,379.0,88.0,29.0,32.0,73.0,0.466,0.321,0.802
New Orleans Pelicans,NOP,Trey Murphy III,2021-22,62,863.595,334.0,147.0,38.0,23.0,7.0,16.0,0.394,0.382,0.882
Chicago Bulls,CHI,Tristan Thompson,2021-22,57,896.218333333333,344.0,288.0,34.0,23.0,21.0,45.0,0.528,0.333,0.526
Chicago Bulls,CHI,Troy Brown Jr.,2021-22,66,1054.74,283.0,203.0,66.0,36.0,5.0,26.0,0.419,0.353,0.769
Oklahoma City Thunder,OKC,Ty Jerome,2021-22,48,801.091666666667,340.0,78.0,109.0,30.0,5.0,37.0,0.378,0.29,0.809
Chicago Bulls,CHI,Tyler Cook,2021-22,20,199.616666666667,67.0,53.0,3.0,4.0,4.0,7.0,0.605,0.0,0.656
New York Knicks,NYK,Tyler Hall,2021-22,1,1.93333333333333,0.0,0.0,0.0,0.0,0.0,0.0,0.0,0.0,0.0
Miami Heat,MIA,Tyler Herro,2021-22,66,2151.01166666667,1367.0,329.0,263.0,44.0,8.0,174.0,0.447,0.399,0.868
San Antonio Spurs,SAS,Tyler Johnson,2021-22,6,91.375,17.0,12.0,7.0,3.0,3.0,2.0,0.3,0.385,0.0
Memphis Grizzlies,MEM,Tyrell Terry,2021-22,2,3.05,2.0,0.0,0.0,0.0,0.0,0.0,1.0,0.0,0.0
Indiana Pacers,IND,Tyrese Haliburton,2021-22,77,2694.13166666667,1181.0,311.0,628.0,134.0,49.0,199.0,0.473,0.414,0.842
Philadelphia 76ers,PHI,Tyrese Maxey,2021-22,75,2650.35666666667,1311.0,240.0,321.0,55.0,32.0,88.0,0.485,0.427,0.866
New Orleans Pelicans,NOP,Tyrone Wallace,2021-22,6,74.9216666666667,17.0,8.0,1.0,3.0,1.0,2.0,0.35,0.25,0.2
Memphis Grizzlies,MEM,Tyus Jones,2021-22,73,1549.43666666667,632.0,176.0,324.0,66.0,2.0,46.0,0.451,0.39,0.818
Utah Jazz,UTA,Udoka Azubuike,2021-22,17,194.875,80.0,71.0,0.0,1.0,11.0,12.0,0.755,0.0,0.545
Miami Heat,MIA,Udonis Haslem,2021-22,13,83.2166666666667,32.0,25.0,4.0,1.0,1.0,5.0,0.452,0.25,1.0
Houston Rockets,HOU,Usman Garuba,2021-22,24,239.16,48.0,83.0,17.0,10.0,11.0,6.0,0.432,0.25,0.714
Washington Wizards,WAS,Vernon Carey Jr.,2021-22,7,44.1483333333333,20.0,12.0,0.0,2.0,1.0,3.0,0.538,0.0,0.462
Miami Heat,MIA,Victor Oladipo,2021-22,8,173.116666666667,99.0,23.0,28.0,5.0,1.0,16.0,0.479,0.417,0.737
Denver Nuggets,DEN,Vlatko Čančar,2021-22,15,176.326666666667,62.0,31.0,17.0,2.0,3.0,9.0,0.561,0.583,0.643
Oklahoma City Thunder,OKC,Vít Krejčí,2021-22,30,689.9,187.0,101.0,57.0,19.0,8.0,29.0,0.407,0.327,0.864
Los Angeles Lakers,LAL,Wayne Ellington,2021-22,43,810.226666666667,287.0,77.0,30.0,23.0,5.0,19.0,0.414,0.389,0.818
New York Knicks,NYK,Wayne Selden,2021-22,3,19.14,5.0,1.0,1.0,0.0,0.0,0.0,0.25,0.5,0.5
Orlando Magic,ORL,Wendell Carter Jr.,2021-22,62,1851.57,931.0,648.0,171.0,36.0,43.0,117.0,0.525,0.327,0.691
Los Angeles Lakers,LAL,Wenyen Gabriel,2021-22,26,358.793333333333,141.0,97.0,14.0,5.0,11.0,16.0,0.491,0.286,0.595
Atlanta Hawks,ATL,Wes Iwundu,2021-22,3,82.2166666666667,22.0,13.0,0.0,1.0,0.0,1.0,0.444,0.6,0.75
Milwaukee Bucks,MIL,Wesley Matthews,2021-22,49,1002.17,249.0,92.0,36.0,23.0,8.0,18.0,0.395,0.338,0.786
Denver Nuggets,DEN,Will Barton,2021-22,71,2276.46333333333,1043.0,340.0,276.0,55.0,31.0,127.0,0.438,0.365,0.803
Philadelphia 76ers,PHI,Willie Cauley-Stein,2021-22,20,182.816666666667,34.0,40.0,10.0,6.0,3.0,7.0,0.457,0.5,0.5
New Orleans Pelicans,NOP,Willy Hernangomez,2021-22,50,838.958333333333,453.0,338.0,63.0,21.0,19.0,51.0,0.52,0.333,0.773
Los Angeles Clippers,LAC,Xavier Moon,2021-22,10,137.368333333333,58.0,14.0,24.0,7.0,3.0,6.0,0.49,0.357,0.6
Utah Jazz,UTA,Xavier Sneed,2021-22,9,38.7166666666667,5.0,6.0,1.0,0.0,0.0,0.0,0.2,0.125,0.0
Memphis Grizzlies,MEM,Xavier Tillman,2021-22,53,700.55,252.0,161.0,62.0,49.0,15.0,34.0,0.454,0.204,0.648
Toronto Raptors,TOR,Yuta Watanabe,2021-22,38,445.461666666667,163.0,92.0,21.0,11.0,16.0,19.0,0.406,0.342,0.6
Memphis Grizzlies,MEM,Yves Pons,2021-22,12,70.975,13.0,12.0,1.0,1.0,4.0,1.0,0.313,0.333,0.0
San Antonio Spurs,SAS,Zach Collins,2021-22,28,502.04,218.0,153.0,61.0,13.0,23.0,45.0,0.49,0.341,0.8
Chicago Bulls,CHI,Zach LaVine,2021-22,67,2328.07833333333,1635.0,308.0,303.0,41.0,23.0,171.0,0.476,0.389,0.853
Oklahoma City Thunder,OKC,Zavier Simpson,2021-22,4,174.083333333333,44.0,21.0,30.0,5.0,4.0,10.0,0.365,0.125,1.0
Denver Nuggets,DEN,Zeke Nnaji,2021-22,41,697.608333333333,270.0,147.0,17.0,16.0,13.0,23.0,0.516,0.463,0.631
Memphis Grizzlies,MEM,Ziaire Williams,2021-22,62,1346.46666666667,501.0,129.0,65.0,35.0,12.0,41.0,0.45,0.314,0.782
Utah Jazz,UTA,Zylan Cheatham,2021-22,1,5.18333333333333,0.0,0.0,0.0,0.0,0.0,0.0,0.0,0.0,0.0
Dallas Mavericks,DAL,A.J. Lawson,2022-23,15,108.268333333333,56.0,21.0,2.0,2.0,0.0,3.0,0.5,0.4,0.25
Milwaukee Bucks,MIL,AJ Green,2022-23,35,344.95,154.0,45.0,22.0,6.0,0.0,9.0,0.424,0.419,1.0
Atlanta Hawks,ATL,AJ Griffin,2022-23,72,1401.435,639.0,153.0,73.0,42.0,12.0,42.0,0.465,0.39,0.894
Denver Nuggets,DEN,Aaron Gordon,2022-23,68,2055.10666666667,1109.0,446.0,203.0,54.0,51.0,98.0,0.564,0.347,0.608
Atlanta Hawks,ATL,Aaron Holiday,2022-23,63,845.256666666667,247.0,74.0,89.0,37.0,12.0,36.0,0.418,0.409,0.844
Indiana Pacers,IND,Aaron Nesmith,2022-23,73,1816.40333333333,738.0,277.0,98.0,55.0,34.0,75.0,0.427,0.366,0.838
Oklahoma City Thunder,OKC,Aaron Wiggins,2022-23,70,1297.43666666667,479.0,211.0,80.0,39.0,15.0,56.0,0.512,0.393,0.831
Orlando Magic,ORL,Admiral Schofield,2022-23,37,451.261666666667,155.0,62.0,31.0,8.0,5.0,16.0,0.451,0.324,0.913
Boston Celtics,BOS,Al Horford,2022-23,63,1921.375,616.0,390.0,189.0,30.0,61.0,37.0,0.476,0.446,0.714
Detroit Pistons,DET,Alec Burks,2022-23,51,1122.44333333333,652.0,158.0,114.0,38.0,8.0,58.0,0.436,0.414,0.814
Oklahoma City Thunder,OKC,Aleksej Pokusevski,2022-23,34,701.348333333333,276.0,159.0,64.0,20.0,43.0,43.0,0.434,0.365,0.629
Chicago Bulls,CHI,Alex Caruso,2022-23,67,1575.37666666667,374.0,196.0,193.0,98.0,46.0,77.0,0.455,0.364,0.808
Sacramento Kings,SAC,Alex Len,2022-23,26,161.246666666667,43.0,60.0,12.0,4.0,11.0,16.0,0.533,0.0,0.688
San Antonio Spurs,SAS,Alize Johnson,2022-23,4,29.5166666666667,7.0,10.0,1.0,1.0,0.0,4.0,0.5,0.0,0.5
Brooklyn Nets,BKN,Alondes Williams,2022-23,1,5.26666666666667,0.0,1.0,0.0,0.0,0.0,2.0,0.0,0.0,0.0
Houston Rockets,HOU,Alperen Sengun,2022-23,75,2170.65666666667,1109.0,678.0,291.0,70.0,70.0,193.0,0.553,0.333,0.715
Los Angeles Clippers,LAC,Amir Coffey,2022-23,50,625.276666666667,172.0,53.0,53.0,7.0,5.0,21.0,0.386,0.275,0.778
Chicago Bulls,CHI,Andre Drummond,2022-23,67,849.138333333333,399.0,444.0,33.0,45.0,27.0,75.0,0.606,0.0,0.536
Golden State Warriors,GSW,Andre Iguodala,2022-23,8,112.563333333333,17.0,17.0,19.0,4.0,3.0,9.0,0.467,0.111,0.667
Indiana Pacers,IND,Andrew Nembhard,2022-23,75,2073.53166666667,709.0,199.0,341.0,70.0,13.0,126.0,0.441,0.35,0.79
Golden State Warriors,GSW,Andrew Wiggins,2022-23,37,1190.28,633.0,186.0,85.0,45.0,28.0,48.0,0.473,0.396,0.611
Portland Trail Blazers,POR,Anfernee Simons,2022-23,62,2170.66,1306.0,161.0,253.0,42.0,14.0,128.0,0.447,0.377,0.894
Los Angeles Lakers,LAL,Anthony Davis,2022-23,56,1904.51,1451.0,702.0,148.0,59.0,114.0,122.0,0.563,0.257,0.784
Minnesota Timberwolves,MIN,Anthony Edwards,2022-23,79,2841.455,1946.0,458.0,350.0,125.0,58.0,259.0,0.459,0.369,0.756
Washington Wizards,WAS,Anthony Gill,2022-23,59,624.593333333333,195.0,99.0,34.0,7.0,12.0,15.0,0.538,0.138,0.731
Golden State Warriors,GSW,Anthony Lamb,2022-23,62,1195.01833333333,415.0,215.0,96.0,28.0,20.0,54.0,0.471,0.367,0.767
Los Angeles Lakers,LAL,Austin Reaves,2022-23,64,1843.22666666667,833.0,193.0,215.0,33.0,19.0,99.0,0.529,0.398,0.864
Minnesota Timberwolves,MIN,Austin Rivers,2022-23,52,1016.33,255.0,83.0,75.0,28.0,4.0,23.0,0.435,0.35,0.769
Chicago Bulls,CHI,Ayo Dosunmu,2022-23,80,2097.61666666667,687.0,220.0,206.0,62.0,26.0,99.0,0.493,0.312,0.805
Miami Heat,MIA,Bam Adebayo,2022-23,75,2597.99333333333,1529.0,688.0,240.0,88.0,61.0,187.0,0.54,0.083,0.806
Brooklyn Nets,BKN,Ben Simmons,2022-23,42,1105.01666666667,291.0,263.0,256.0,54.0,24.0,97.0,0.566,0.0,0.439
Indiana Pacers,IND,Bennedict Mathurin,2022-23,78,2222.38,1302.0,318.0,116.0,48.0,13.0,152.0,0.434,0.323,0.828
Phoenix Suns,PHX,Bismack Biyombo,2022-23,61,874.085,263.0,260.0,56.0,18.0,88.0,51.0,0.578,0.0,0.357
Boston Celtics,BOS,Blake Griffin,2022-23,41,568.885,170.0,155.0,61.0,14.0,9.0,22.0,0.485,0.348,0.656
San Antonio Spurs,SAS,Blake Wesley,2022-23,37,669.055,184.0,82.0,98.0,25.0,5.0,65.0,0.321,0.385,0.591
Houston Rockets,HOU,Boban Marjanovic,2022-23,31,171.065,102.0,60.0,9.0,5.0,2.0,14.0,0.683,0.0,0.741
Milwaukee Bucks,MIL,Bobby Portis Jr.,2022-23,70,1818.43166666667,987.0,672.0,105.0,29.0,16.0,81.0,0.496,0.37,0.768
Atlanta Hawks,ATL,Bogdan Bogdanović,2022-23,54,1508.60833333333,756.0,165.0,150.0,43.0,18.0,65.0,0.447,0.406,0.831
Detroit Pistons,DET,Bojan Bogdanovic,2022-23,59,1892.86666666667,1273.0,223.0,152.0,34.0,8.0,135.0,0.488,0.411,0.884
Orlando Magic,ORL,Bol Bol,2022-23,70,1505.41833333333,634.0,405.0,69.0,30.0,85.0,112.0,0.546,0.265,0.759
Los Angeles Clippers,LAC,Bones Hyland,2022-23,56,1085.48833333333,659.0,135.0,172.0,39.0,15.0,82.0,0.399,0.371,0.843
Washington Wizards,WAS,Bradley Beal,2022-23,50,1672.93333333333,1160.0,196.0,271.0,45.0,33.0,145.0,0.506,0.365,0.842
Los Angeles Clippers,LAC,Brandon Boston,2022-23,22,248.345,143.0,30.0,20.0,9.0,0.0,12.0,0.418,0.414,0.763
Memphis Grizzlies,MEM,Brandon Clarke,2022-23,56,1090.13833333333,559.0,310.0,72.0,34.0,37.0,55.0,0.656,0.167,0.719
New Orleans Pelicans,NOP,Brandon Ingram,2022-23,45,1538.07666666667,1112.0,246.0,262.0,32.0,19.0,148.0,0.484,0.39,0.882
Detroit Pistons,DET,Braxton Key,2022-23,3,9.1,4.0,1.0,0.0,0.0,0.0,0.0,1.0,0.0,1.0
Milwaukee Bucks,MIL,Brook Lopez,2022-23,78,2372.47666666667,1239.0,520.0,99.0,37.0,193.0,107.0,0.531,0.374,0.784
Denver Nuggets,DEN,Bruce Brown,2022-23,80,2279.485,923.0,328.0,268.0,87.0,51.0,123.0,0.483,0.358,0.758
Atlanta Hawks,ATL,Bruno Fernando,2022-23,39,405.121666666667,153.0,137.0,31.0,6.0,34.0,25.0,0.527,0.0,0.7
Charlotte Hornets,CHA,Bryce McGowens,2022-23,46,786.996666666667,246.0,93.0,54.0,15.0,6.0,43.0,0.396,0.325,0.75
Minnesota Timberwolves,MIN,Bryn Forbes,2022-23,25,267.72,89.0,15.0,17.0,7.0,2.0,12.0,0.361,0.304,1.0
Detroit Pistons,DET,Buddy Boeheim,2022-23,10,90.1433333333333,16.0,6.0,4.0,2.0,0.0,0.0,0.185,0.16,1.0
Indiana Pacers,IND,Buddy Hield,2022-23,80,2481.875,1344.0,400.0,225.0,92.0,26.0,139.0,0.458,0.425,0.822
New Orleans Pelicans,NOP,CJ McCollum,2022-23,75,2649.16833333333,1568.0,328.0,429.0,70.0,38.0,183.0,0.437,0.389,0.769
Detroit Pistons,DET,Cade Cunningham,2022-23,12,400.183333333333,239.0,74.0,72.0,10.0,7.0,39.0,0.415,0.279,0.837
Orlando Magic,ORL,Caleb Houstan,2022-23,51,812.19,193.0,99.0,30.0,12.0,7.0,18.0,0.363,0.338,0.833
Miami Heat,MIA,Caleb Martin,2022-23,71,2077.73833333333,683.0,344.0,117.0,71.0,31.0,79.0,0.464,0.356,0.805
Portland Trail Blazers,POR,Cam Reddish,2022-23,40,989.606666666667,387.0,88.0,57.0,39.0,14.0,47.0,0.446,0.313,0.853
Brooklyn Nets,BKN,Cam Thomas,2022-23,57,947.553333333333,604.0,95.0,78.0,20.0,7.0,63.0,0.441,0.383,0.868
Brooklyn Nets,BKN,Cameron Johnson,2022-23,42,1199.815,650.0,185.0,78.0,50.0,14.0,37.0,0.47,0.404,0.842
Phoenix Suns,PHX,Cameron Payne,2022-23,48,968.311666666667,493.0,106.0,214.0,33.0,8.0,81.0,0.415,0.368,0.766
Cleveland Cavaliers,CLE,Caris LeVert,2022-23,74,2237.34,897.0,282.0,287.0,72.0,24.0,116.0,0.431,0.392,0.722
Chicago Bulls,CHI,Carlik Jones,2022-23,7,55.97,20.0,5.0,6.0,2.0,0.0,2.0,0.4,0.5,0.625
Cleveland Cavaliers,CLE,Cedi Osman,2022-23,77,1548.31333333333,669.0,176.0,115.0,35.0,11.0,52.0,0.451,0.372,0.694
Portland Trail Blazers,POR,Chance Comanche,2022-23,1,20.7833333333333,7.0,3.0,0.0,0.0,1.0,0.0,0.6,0.0,0.25
San Antonio Spurs,SAS,Charles Bassey,2022-23,35,507.871666666667,199.0,193.0,48.0,16.0,33.0,41.0,0.644,0.375,0.595
Sacramento Kings,SAC,Chima Moneke,2022-23,2,7.93166666666667,2.0,2.0,1.0,0.0,0.0,2.0,0.5,0.0,0.0
Sacramento Kings,SAC,Chimezie Metu,2022-23,66,689.016666666667,321.0,198.0,40.0,22.0,21.0,32.0,0.589,0.237,0.74
Toronto Raptors,TOR,Chris Boucher,2022-23,76,1523.47,712.0,421.0,29.0,47.0,64.0,41.0,0.493,0.328,0.762
Indiana Pacers,IND,Chris Duarte,2022-23,46,897.226666666667,362.0,115.0,64.0,25.0,9.0,41.0,0.369,0.316,0.847
Phoenix Suns,PHX,Chris Paul,2022-23,59,1888.635,819.0,251.0,524.0,91.0,22.0,114.0,0.44,0.375,0.831
Atlanta Hawks,ATL,Chris Silva,2022-23,1,3.01666666666667,2.0,0.0,0.0,0.0,0.0,1.0,1.0,0.0,0.0
Denver Nuggets,DEN,Christian Braun,2022-23,76,1181.14,360.0,181.0,59.0,41.0,17.0,35.0,0.495,0.354,0.625
Toronto Raptors,TOR,Christian Koloko,2022-23,58,801.793333333333,182.0,171.0,31.0,21.0,57.0,20.0,0.48,0.083,0.627
Dallas Mavericks,DAL,Christian Wood,2022-23,67,1738.35833333333,1114.0,491.0,121.0,30.0,72.0,121.0,0.515,0.376,0.772
Orlando Magic,ORL,Chuma Okeke,2022-23,27,517.986666666667,128.0,96.0,37.0,19.0,11.0,17.0,0.352,0.302,0.762
Atlanta Hawks,ATL,Clint Capela,2022-23,65,1730.08333333333,779.0,717.0,58.0,45.0,79.0,54.0,0.653,0.0,0.603
Chicago Bulls,CHI,Coby White,2022-23,74,1730.22833333333,715.0,212.0,204.0,54.0,6.0,74.0,0.443,0.372,0.871
Charlotte Hornets,CHA,Cody Martin,2022-23,7,133.711666666667,35.0,24.0,11.0,4.0,1.0,2.0,0.389,0.214,0.571
Miami Heat,MIA,Cody Zeller,2022-23,15,216.611666666667,98.0,64.0,10.0,3.0,4.0,14.0,0.627,0.0,0.686
Orlando Magic,ORL,Cole Anthony,2022-23,60,1551.76,781.0,288.0,235.0,37.0,31.0,91.0,0.454,0.364,0.894
Los Angeles Lakers,LAL,Cole Swider,2022-23,7,41.1383333333333,9.0,7.0,4.0,0.0,0.0,0.0,0.333,0.375,0.0
Utah Jazz,UTA,Collin Sexton,2022-23,48,1145.15333333333,685.0,105.0,138.0,27.0,6.0,85.0,0.506,0.393,0.819
Washington Wizards,WAS,Corey Kispert,2022-23,74,2093.29,820.0,207.0,87.0,32.0,9.0,55.0,0.497,0.424,0.852
Detroit Pistons,DET,Cory Joseph,2022-23,62,1227.43333333333,427.0,106.0,217.0,34.0,9.0,56.0,0.427,0.389,0.792
Los Angeles Lakers,LAL,D'Angelo Russell,2022-23,71,2304.09666666667,1263.0,215.0,437.0,70.0,29.0,186.0,0.469,0.396,0.829
Houston Rockets,HOU,Daishen Nix,2022-23,57,914.383333333333,226.0,98.0,132.0,31.0,7.0,86.0,0.342,0.286,0.667
Toronto Raptors,TOR,Dalano Banton,2022-23,31,278.543333333333,142.0,45.0,36.0,13.0,13.0,18.0,0.423,0.294,0.708
Chicago Bulls,CHI,Dalen Terry,2022-23,38,213.945,85.0,37.0,22.0,11.0,5.0,8.0,0.444,0.259,0.667
Utah Jazz,UTA,Damian Jones,2022-23,41,477.391666666667,142.0,122.0,15.0,8.0,21.0,23.0,0.64,0.588,0.759
Portland Trail Blazers,POR,Damian Lillard,2022-23,58,2106.59,1866.0,277.0,425.0,50.0,18.0,191.0,0.463,0.371,0.914
Phoenix Suns,PHX,Damion Lee,2022-23,74,1506.295,604.0,225.0,99.0,30.0,7.0,78.0,0.442,0.445,0.904
Washington Wizards,WAS,Daniel Gafford,2022-23,78,1604.22,705.0,433.0,84.0,33.0,99.0,85.0,0.732,0.0,0.679
Indiana Pacers,IND,Daniel Theis,2022-23,7,108.836666666667,49.0,22.0,9.0,2.0,6.0,3.0,0.477,0.182,0.417
Cleveland Cavaliers,CLE,Danny Green,2022-23,11,138.718333333333,61.0,14.0,6.0,6.0,3.0,10.0,0.449,0.432,1.0
Philadelphia 76ers,PHI,Danuel House Jr.,2022-23,56,807.025,268.0,94.0,44.0,14.0,9.0,26.0,0.472,0.336,0.75
Oklahoma City Thunder,OKC,Dario Saric,2022-23,57,805.953333333333,362.0,207.0,74.0,20.0,7.0,55.0,0.458,0.391,0.829
Phoenix Suns,PHX,Darius Bazley,2022-23,43,616.161666666667,224.0,138.0,38.0,22.0,34.0,27.0,0.454,0.377,0.543
Houston Rockets,HOU,Darius Days,2022-23,4,24.9833333333333,15.0,6.0,1.0,0.0,1.0,0.0,0.417,0.3,1.0
Cleveland Cavaliers,CLE,Darius Garland,2022-23,69,2447.15,1490.0,185.0,538.0,85.0,9.0,199.0,0.462,0.41,0.863
Brooklyn Nets,BKN,David Duke Jr.,2022-23,23,228.023333333333,85.0,29.0,21.0,10.0,1.0,18.0,0.462,0.083,0.706
Memphis Grizzlies,MEM,David Roddy,2022-23,70,1258.50166666667,466.0,193.0,59.0,29.0,19.0,57.0,0.429,0.307,0.631
Sacramento Kings,SAC,Davion Mitchell,2022-23,80,1447.03,450.0,105.0,185.0,44.0,15.0,62.0,0.454,0.32,0.806
Dallas Mavericks,DAL,Davis Bertans,2022-23,45,491.816666666667,206.0,53.0,21.0,11.0,8.0,10.0,0.431,0.39,0.867
Denver Nuggets,DEN,Davon Reed,2022-23,43,342.548333333333,89.0,59.0,23.0,15.0,4.0,20.0,0.333,0.37,0.667
Brooklyn Nets,BKN,Day'Ron Sharpe,2022-23,48,552.486666666667,227.0,200.0,37.0,15.0,32.0,42.0,0.544,0.545,0.636
Sacramento Kings,SAC,De'Aaron Fox,2022-23,73,2435.24166666667,1826.0,306.0,447.0,83.0,23.0,181.0,0.512,0.324,0.78
Atlanta Hawks,ATL,De'Andre Hunter,2022-23,67,2125.63,1029.0,284.0,94.0,35.0,17.0,82.0,0.461,0.35,0.826
Philadelphia 76ers,PHI,De'Anthony Melton,2022-23,77,2149.82666666667,780.0,312.0,197.0,126.0,41.0,102.0,0.425,0.39,0.793
Denver Nuggets,DEN,DeAndre Jordan,2022-23,39,585.855,199.0,202.0,34.0,12.0,23.0,48.0,0.765,1.0,0.458
Chicago Bulls,CHI,DeMar DeRozan,2022-23,74,2681.61,1816.0,343.0,377.0,83.0,36.0,153.0,0.504,0.324,0.872
Cleveland Cavaliers,CLE,Dean Wade,2022-23,44,891.563333333333,206.0,150.0,37.0,28.0,21.0,17.0,0.412,0.354,0.652
Phoenix Suns,PHX,Deandre Ayton,2022-23,67,2035.33666666667,1203.0,667.0,115.0,37.0,53.0,120.0,0.589,0.292,0.76
Atlanta Hawks,ATL,Dejounte Murray,2022-23,74,2693.395,1515.0,389.0,448.0,112.0,19.0,160.0,0.464,0.344,0.832
Washington Wizards,WAS,Delon Wright,2022-23,50,1221.17166666667,369.0,180.0,194.0,92.0,17.0,44.0,0.474,0.345,0.867
Washington Wizards,WAS,Deni Avdija,2022-23,76,2020.38,697.0,487.0,211.0,65.0,29.0,123.0,0.437,0.297,0.739
Los Angeles Lakers,LAL,Dennis Schröder,2022-23,66,1985.945,830.0,165.0,298.0,50.0,10.0,112.0,0.415,0.329,0.857
Charlotte Hornets,CHA,Dennis Smith Jr.,2022-23,54,1389.84333333333,474.0,167.0,261.0,75.0,25.0,82.0,0.412,0.216,0.736
Sacramento Kings,SAC,Deonte Burton,2022-23,2,6.49833333333333,0.0,0.0,0.0,0.0,0.0,0.0,0.0,0.0,0.0
New Orleans Pelicans,NOP,Dereon Seabron,2022-23,5,11.6,4.0,1.0,0.0,0.0,0.0,0.0,0.4,0.0,0.0
Chicago Bulls,CHI,Derrick Jones Jr.,2022-23,64,893.408333333333,319.0,153.0,34.0,29.0,37.0,25.0,0.5,0.338,0.738
New York Knicks,NYK,Derrick Rose,2022-23,27,337.865,152.0,40.0,46.0,7.0,5.0,22.0,0.384,0.302,0.917
Boston Celtics,BOS,Derrick White,2022-23,82,2319.32833333333,1017.0,293.0,321.0,54.0,76.0,95.0,0.462,0.381,0.875
Memphis Grizzlies,MEM,Desmond Bane,2022-23,58,1841.45333333333,1247.0,291.0,254.0,56.0,22.0,126.0,0.479,0.408,0.883
Phoenix Suns,PHX,Devin Booker,2022-23,53,1835.41333333333,1471.0,240.0,293.0,51.0,18.0,145.0,0.494,0.351,0.855
San Antonio Spurs,SAS,Devin Vassell,2022-23,38,1178.07833333333,703.0,148.0,136.0,43.0,17.0,57.0,0.439,0.387,0.78
Washington Wizards,WAS,Devon Dotson,2022-23,6,53.1,3.0,10.0,8.0,5.0,0.0,3.0,0.1,0.25,0.0
San Antonio Spurs,SAS,Devonte' Graham,2022-23,73,1338.445,539.0,122.0,196.0,45.0,16.0,53.0,0.374,0.352,0.748
Philadelphia 76ers,PHI,Dewayne Dedmon,2022-23,38,426.21,199.0,134.0,26.0,9.0,19.0,25.0,0.51,0.308,0.673
Memphis Grizzlies,MEM,Dillon Brooks,2022-23,73,2214.26333333333,1047.0,244.0,189.0,65.0,16.0,104.0,0.396,0.326,0.779
Sacramento Kings,SAC,Domantas Sabonis,2022-23,79,2735.555,1510.0,973.0,573.0,65.0,39.0,230.0,0.615,0.373,0.742
San Antonio Spurs,SAS,Dominick Barlow,2022-23,28,407.565,110.0,102.0,24.0,10.0,19.0,15.0,0.535,0.0,0.72
Cleveland Cavaliers,CLE,Donovan Mitchell,2022-23,68,2432.38,1922.0,289.0,301.0,99.0,27.0,180.0,0.484,0.386,0.867
Atlanta Hawks,ATL,Donovan Williams,2022-23,2,4.25,4.0,2.0,0.0,0.0,0.0,0.0,0.4,0.0,0.0
Golden State Warriors,GSW,Donte DiVincenzo,2022-23,72,1894.38,678.0,325.0,252.0,97.0,10.0,112.0,0.435,0.397,0.817
Brooklyn Nets,BKN,Dorian Finney-Smith,2022-23,66,2008.825,551.0,316.0,100.0,55.0,36.0,62.0,0.391,0.337,0.763
San Antonio Spurs,SAS,Doug McDermott,2022-23,64,1314.20166666667,654.0,138.0,91.0,13.0,6.0,58.0,0.457,0.413,0.757
Golden State Warriors,GSW,Draymond Green,2022-23,73,2297.635,617.0,525.0,500.0,74.0,61.0,204.0,0.527,0.305,0.713
Portland Trail Blazers,POR,Drew Eubanks,2022-23,78,1583.67666666667,518.0,418.0,103.0,40.0,102.0,67.0,0.641,0.389,0.664
Brooklyn Nets,BKN,Dru Smith,2022-23,15,158.426666666667,44.0,24.0,22.0,10.0,4.0,3.0,0.4,0.263,1.0
New York Knicks,NYK,Duane Washington Jr.,2022-23,31,393.826666666667,244.0,36.0,63.0,6.0,4.0,34.0,0.367,0.36,0.667
Miami Heat,MIA,Duncan Robinson,2022-23,42,690.46,268.0,69.0,46.0,14.0,0.0,28.0,0.371,0.328,0.906
Dallas Mavericks,DAL,Dwight Powell,2022-23,76,1457.935,506.0,314.0,69.0,48.0,26.0,65.0,0.732,0.0,0.667
Cleveland Cavaliers,CLE,Dylan Windler,2022-23,3,10.3833333333333,5.0,0.0,1.0,1.0,0.0,1.0,0.667,0.5,0.0
New Orleans Pelicans,NOP,Dyson Daniels,2022-23,59,1042.125,227.0,188.0,134.0,43.0,11.0,57.0,0.418,0.314,0.65
Brooklyn Nets,BKN,Edmond Sumner,2022-23,53,736.156666666667,378.0,79.0,68.0,31.0,10.0,50.0,0.461,0.356,0.917
Los Angeles Clippers,LAC,Eric Gordon,2022-23,69,1965.50833333333,856.0,134.0,183.0,43.0,25.0,104.0,0.446,0.371,0.821
Detroit Pistons,DET,Eugene Omoruyi,2022-23,40,645.323333333333,278.0,111.0,28.0,28.0,3.0,34.0,0.443,0.281,0.68
New York Knicks,NYK,Evan Fournier,2022-23,27,458.693333333333,165.0,49.0,36.0,16.0,3.0,22.0,0.337,0.307,0.857
Cleveland Cavaliers,CLE,Evan Mobley,2022-23,79,2715.26166666667,1277.0,711.0,224.0,60.0,119.0,146.0,0.554,0.216,0.674
Dallas Mavericks,DAL,Facundo Campazzo,2022-23,8,52.1616666666667,10.0,2.0,9.0,6.0,0.0,3.0,0.231,0.273,0.5
Phoenix Suns,PHX,Frank Jackson,2022-23,1,5.05,0.0,2.0,1.0,0.0,0.0,0.0,0.0,0.0,0.0
Houston Rockets,HOU,Frank Kaminsky,2022-23,36,234.863333333333,89.0,52.0,32.0,6.0,4.0,9.0,0.492,0.394,0.875
Dallas Mavericks,DAL,Frank Ntilikina,2022-23,47,607.591666666667,135.0,62.0,58.0,16.0,7.0,29.0,0.364,0.254,0.667
Orlando Magic,ORL,Franz Wagner,2022-23,80,2608.72666666667,1485.0,329.0,283.0,77.0,17.0,167.0,0.485,0.361,0.842
Toronto Raptors,TOR,Fred VanVleet,2022-23,69,2534.98666666667,1335.0,280.0,495.0,123.0,38.0,140.0,0.393,0.342,0.898
Philadelphia 76ers,PHI,Furkan Korkmaz,2022-23,37,353.49,140.0,42.0,22.0,10.0,3.0,24.0,0.432,0.391,0.722
Miami Heat,MIA,Gabe Vincent,2022-23,68,1758.67666666667,641.0,145.0,167.0,62.0,5.0,92.0,0.402,0.334,0.872
Indiana Pacers,IND,Gabe York,2022-23,3,55.8316666666667,24.0,6.0,5.0,2.0,0.0,0.0,0.381,0.333,1.0
New Orleans Pelicans,NOP,Garrett Temple,2022-23,25,161.823333333333,50.0,17.0,13.0,9.0,2.0,4.0,0.4,0.423,0.75
Atlanta Hawks,ATL,Garrison Mathews,2022-23,54,686.258333333333,257.0,73.0,26.0,24.0,5.0,19.0,0.363,0.35,0.906
Orlando Magic,ORL,Gary Harris,2022-23,48,1184.35166666667,397.0,98.0,59.0,45.0,12.0,28.0,0.45,0.431,0.9
Golden State Warriors,GSW,Gary Payton II,2022-23,22,367.605,101.0,69.0,30.0,22.0,5.0,16.0,0.594,0.5,0.857
Toronto Raptors,TOR,Gary Trent Jr.,2022-23,66,2117.99333333333,1148.0,173.0,106.0,104.0,14.0,55.0,0.433,0.369,0.839
Indiana Pacers,IND,George Hill,2022-23,46,833.31,232.0,85.0,110.0,26.0,6.0,34.0,0.47,0.358,0.764
Philadelphia 76ers,PHI,Georges Niang,2022-23,78,1511.84833333333,637.0,185.0,77.0,31.0,14.0,54.0,0.442,0.401,0.867
Milwaukee Bucks,MIL,Giannis Antetokounmpo,2022-23,63,2023.615,1959.0,742.0,359.0,52.0,51.0,246.0,0.553,0.275,0.645
Orlando Magic,ORL,Goga Bitadze,2022-23,38,456.801666666667,167.0,137.0,39.0,16.0,26.0,22.0,0.552,0.231,0.548
Milwaukee Bucks,MIL,Goran Dragic,2022-23,58,870.015,365.0,81.0,151.0,13.0,4.0,63.0,0.421,0.359,0.689
Charlotte Hornets,CHA,Gordon Hayward,2022-23,50,1576.90166666667,733.0,215.0,206.0,42.0,12.0,99.0,0.475,0.325,0.811
San Antonio Spurs,SAS,Gorgui Dieng,2022-23,31,358.113333333333,121.0,107.0,53.0,4.0,14.0,32.0,0.385,0.28,0.769
Boston Celtics,BOS,Grant Williams,2022-23,79,2044.76166666667,641.0,363.0,131.0,41.0,31.0,82.0,0.454,0.395,0.77
Milwaukee Bucks,MIL,Grayson Allen,2022-23,72,1972.13666666667,750.0,237.0,163.0,62.0,14.0,72.0,0.44,0.399,0.905
Portland Trail Blazers,POR,Greg Brown III,2022-23,16,93.0916666666667,28.0,19.0,3.0,4.0,5.0,6.0,0.393,0.143,0.417
Detroit Pistons,DET,Hamidou Diallo,2022-23,56,995.865,522.0,194.0,55.0,53.0,16.0,71.0,0.573,0.238,0.588
Sacramento Kings,SAC,Harrison Barnes,2022-23,82,2662.03833333333,1230.0,366.0,128.0,57.0,10.0,86.0,0.473,0.374,0.847
Miami Heat,MIA,Haywood Highsmith,2022-23,54,969.4,236.0,188.0,43.0,36.0,17.0,45.0,0.431,0.339,0.464
New Orleans Pelicans,NOP,Herbert Jones,2022-23,66,1950.53,649.0,269.0,162.0,103.0,42.0,88.0,0.469,0.335,0.764
New York Knicks,NYK,Immanuel Quickley,2022-23,81,2344.105,1209.0,337.0,279.0,80.0,14.0,100.0,0.448,0.37,0.819
Cleveland Cavaliers,CLE,Isaac Okoro,2022-23,76,1652.56666666667,490.0,187.0,87.0,56.0,30.0,42.0,0.494,0.363,0.757
New York Knicks,NYK,Isaiah Hartenstein,2022-23,82,1628.21666666667,406.0,536.0,102.0,53.0,64.0,66.0,0.535,0.216,0.676
Indiana Pacers,IND,Isaiah Jackson,2022-23,63,1042.29333333333,455.0,282.0,51.0,31.0,93.0,51.0,0.563,0.143,0.651
Oklahoma City Thunder,OKC,Isaiah Joe,2022-23,73,1395.34666666667,691.0,175.0,88.0,48.0,8.0,39.0,0.441,0.409,0.82
Detroit Pistons,DET,Isaiah Livers,2022-23,52,1198.73666666667,346.0,143.0,41.0,28.0,28.0,30.0,0.417,0.365,0.821
Cleveland Cavaliers,CLE,Isaiah Mobley,2022-23,12,84.24,31.0,20.0,3.0,4.0,3.0,1.0,0.429,0.375,1.0
New York Knicks,NYK,Isaiah Roby,2022-23,42,473.628333333333,172.0,108.0,38.0,18.0,7.0,31.0,0.432,0.3,0.488
Detroit Pistons,DET,Isaiah Stewart,2022-23,50,1414.05833333333,567.0,403.0,70.0,20.0,34.0,68.0,0.442,0.327,0.738
Washington Wizards,WAS,Isaiah Todd,2022-23,6,61.4,9.0,12.0,4.0,1.0,0.0,2.0,0.158,0.1,1.0
Denver Nuggets,DEN,Ish Smith,2022-23,43,397.908333333333,108.0,54.0,100.0,8.0,7.0,44.0,0.397,0.167,0.5
Phoenix Suns,PHX,Ish Wainright,2022-23,60,915.126666666667,251.0,139.0,53.0,38.0,22.0,22.0,0.37,0.329,0.839
Los Angeles Clippers,LAC,Ivica Zubac,2022-23,76,2169.41,818.0,756.0,77.0,29.0,98.0,117.0,0.634,0.0,0.697
Boston Celtics,BOS,JD Davison,2022-23,12,65.7066666666667,19.0,9.0,11.0,2.0,2.0,4.0,0.421,0.286,0.5
Charlotte Hornets,CHA,JT Thor,2022-23,69,968.775,262.0,152.0,36.0,22.0,23.0,44.0,0.399,0.317,0.702
Memphis Grizzlies,MEM,Ja Morant,2022-23,61,1948.34833333333,1596.0,357.0,493.0,66.0,16.0,206.0,0.466,0.307,0.748
Golden State Warriors,GSW,JaMychal Green,2022-23,57,796.7,366.0,205.0,51.0,25.0,23.0,52.0,0.54,0.378,0.776
Dallas Mavericks,DAL,JaVale McGee,2022-23,42,354.54,186.0,107.0,11.0,4.0,26.0,36.0,0.64,0.4,0.585
Houston Rockets,HOU,Jabari Smith Jr.,2022-23,79,2450.54666666667,1010.0,569.0,101.0,43.0,74.0,104.0,0.408,0.307,0.786
Portland Trail Blazers,POR,Jabari Walker,2022-23,56,619.163333333333,216.0,131.0,34.0,10.0,13.0,29.0,0.419,0.286,0.756
Denver Nuggets,DEN,Jack White,2022-23,17,66.0333333333333,21.0,17.0,4.0,3.0,2.0,2.0,0.421,0.333,0.667
Memphis Grizzlies,MEM,Jacob Gilyard,2022-23,1,40.7833333333333,3.0,4.0,7.0,3.0,0.0,2.0,0.333,0.333,0.0
Dallas Mavericks,DAL,Jaden Hardy,2022-23,48,708.39,420.0,89.0,65.0,17.0,7.0,46.0,0.438,0.404,0.823
Detroit Pistons,DET,Jaden Ivey,2022-23,74,2304.31666666667,1204.0,288.0,387.0,61.0,17.0,237.0,0.416,0.343,0.747
Minnesota Timberwolves,MIN,Jaden McDaniels,2022-23,79,2416.48833333333,953.0,307.0,148.0,74.0,76.0,112.0,0.517,0.398,0.736
Philadelphia 76ers,PHI,Jaden Springer,2022-23,16,89.2666666666667,42.0,14.0,8.0,7.0,3.0,3.0,0.486,0.4,0.75
Milwaukee Bucks,MIL,Jae Crowder,2022-23,18,339.708333333333,124.0,69.0,27.0,12.0,6.0,7.0,0.479,0.436,0.833
Houston Rockets,HOU,Jae'Sean Tate,2022-23,31,677.488333333333,283.0,118.0,84.0,21.0,7.0,47.0,0.48,0.283,0.725
Memphis Grizzlies,MEM,Jake LaRavia,2022-23,35,414.286666666667,105.0,63.0,21.0,12.0,4.0,18.0,0.389,0.338,0.778
Toronto Raptors,TOR,Jakob Poeltl,2022-23,72,1906.125,897.0,653.0,197.0,66.0,86.0,125.0,0.629,0.0,0.592
New York Knicks,NYK,Jalen Brunson,2022-23,68,2378.67166666667,1633.0,241.0,421.0,61.0,15.0,142.0,0.491,0.416,0.829
Detroit Pistons,DET,Jalen Duren,2022-23,67,1670.145,612.0,595.0,75.0,44.0,59.0,92.0,0.648,0.0,0.611
Houston Rockets,HOU,Jalen Green,2022-23,76,2602.155,1683.0,284.0,281.0,59.0,18.0,200.0,0.416,0.338,0.786
Atlanta Hawks,ATL,Jalen Johnson,2022-23,70,1041.60166666667,395.0,282.0,83.0,38.0,34.0,41.0,0.491,0.288,0.628
Philadelphia 76ers,PHI,Jalen McDaniels,2022-23,80,1912.85333333333,755.0,346.0,130.0,83.0,34.0,93.0,0.455,0.332,0.841
Indiana Pacers,IND,Jalen Smith,2022-23,68,1278.825,642.0,394.0,66.0,21.0,60.0,72.0,0.476,0.283,0.759
Orlando Magic,ORL,Jalen Suggs,2022-23,53,1245.865,524.0,161.0,155.0,67.0,27.0,94.0,0.419,0.327,0.723
Oklahoma City Thunder,OKC,Jalen Williams,2022-23,75,2275.59166666667,1056.0,337.0,248.0,103.0,35.0,123.0,0.521,0.356,0.812
Miami Heat,MIA,Jamal Cain,2022-23,18,240.046666666667,98.0,52.0,12.0,11.0,1.0,6.0,0.561,0.35,0.773
Denver Nuggets,DEN,Jamal Murray,2022-23,65,2133.385,1298.0,257.0,400.0,66.0,16.0,145.0,0.454,0.398,0.833
Miami Heat,MIA,Jamaree Bouyea,2022-23,5,70.5383333333333,15.0,6.0,4.0,4.0,2.0,4.0,0.429,0.333,0.5
Charlotte Hornets,CHA,James Bouknight,2022-23,34,515.466666666667,191.0,72.0,41.0,14.0,5.0,32.0,0.358,0.303,0.667
Philadelphia 76ers,PHI,James Harden,2022-23,58,2135.005,1216.0,354.0,618.0,71.0,31.0,195.0,0.441,0.385,0.867
Indiana Pacers,IND,James Johnson,2022-23,18,162.358333333333,51.0,30.0,15.0,7.0,6.0,8.0,0.449,0.2,0.5
Detroit Pistons,DET,James Wiseman,2022-23,45,867.186666666667,450.0,267.0,30.0,7.0,27.0,51.0,0.558,0.2,0.701
Oklahoma City Thunder,OKC,Jared Butler,2022-23,6,76.5283333333333,37.0,4.0,8.0,5.0,0.0,5.0,0.469,0.5,0.0
Detroit Pistons,DET,Jared Rhoden,2022-23,14,197.87,45.0,37.0,4.0,4.0,1.0,3.0,0.386,0.25,1.0
Memphis Grizzlies,MEM,Jaren Jackson Jr.,2022-23,63,1787.50333333333,1173.0,426.0,60.0,65.0,189.0,107.0,0.506,0.355,0.788
Los Angeles Lakers,LAL,Jarred Vanderbilt,2022-23,78,1879.74166666667,619.0,582.0,184.0,83.0,21.0,97.0,0.548,0.322,0.691
Utah Jazz,UTA,Jarrell Brantley,2022-23,4,38.95,22.0,6.0,3.0,0.0,2.0,2.0,0.571,0.444,1.0
Cleveland Cavaliers,CLE,Jarrett Allen,2022-23,68,2220.11166666667,969.0,666.0,113.0,54.0,84.0,93.0,0.644,0.1,0.733
Atlanta Hawks,ATL,Jarrett Culver,2022-23,10,136.875,44.0,38.0,6.0,6.0,2.0,7.0,0.395,0.083,0.692
Los Angeles Clippers,LAC,Jason Preston,2022-23,14,123.768333333333,41.0,22.0,27.0,2.0,0.0,10.0,0.439,0.278,0.0
Chicago Bulls,CHI,Javonte Green,2022-23,32,480.256666666667,165.0,88.0,23.0,24.0,21.0,20.0,0.565,0.371,0.667
New Orleans Pelicans,NOP,Jaxson Hayes,2022-23,47,610.056666666667,233.0,132.0,34.0,20.0,19.0,31.0,0.551,0.103,0.699
Washington Wizards,WAS,Jay Huff,2022-23,7,94.9333333333333,51.0,21.0,10.0,3.0,4.0,5.0,0.6,0.5,0.938
Orlando Magic,ORL,Jay Scrubb,2022-23,2,30.1166666666667,13.0,6.0,1.0,2.0,0.0,3.0,0.714,1.0,0.5
Boston Celtics,BOS,Jaylen Brown,2022-23,67,2404.91833333333,1784.0,459.0,232.0,75.0,26.0,197.0,0.491,0.335,0.765
Minnesota Timberwolves,MIN,Jaylen Nowell,2022-23,65,1251.695,704.0,170.0,132.0,42.0,5.0,65.0,0.448,0.289,0.778
Oklahoma City Thunder,OKC,Jaylin Williams,2022-23,49,914.158333333333,288.0,241.0,76.0,28.0,12.0,37.0,0.436,0.407,0.704
Boston Celtics,BOS,Jayson Tatum,2022-23,74,2732.19666666667,2225.0,649.0,342.0,78.0,51.0,213.0,0.466,0.35,0.854
Toronto Raptors,TOR,Jeff Dowtin Jr.,2022-23,25,258.701666666667,61.0,23.0,31.0,9.0,3.0,5.0,0.439,0.313,0.667
Denver Nuggets,DEN,Jeff Green,2022-23,56,1091.11666666667,437.0,144.0,69.0,18.0,17.0,46.0,0.488,0.288,0.744
Portland Trail Blazers,POR,Jerami Grant,2022-23,63,2245.525,1290.0,283.0,150.0,51.0,53.0,116.0,0.475,0.401,0.813
Oklahoma City Thunder,OKC,Jeremiah Robinson-Earl,2022-23,43,813.708333333333,292.0,180.0,43.0,24.0,11.0,19.0,0.444,0.333,0.833
San Antonio Spurs,SAS,Jeremy Sochan,2022-23,56,1457.7,614.0,295.0,142.0,43.0,23.0,97.0,0.453,0.246,0.698
New York Knicks,NYK,Jericho Sims,2022-23,52,812.403333333333,178.0,242.0,25.0,15.0,28.0,27.0,0.776,0.0,0.75
Milwaukee Bucks,MIL,Jevon Carter,2022-23,81,1811.75166666667,651.0,202.0,197.0,66.0,29.0,78.0,0.423,0.421,0.816
Miami Heat,MIA,Jimmy Butler III,2022-23,64,2138.015,1466.0,375.0,340.0,117.0,21.0,101.0,0.539,0.35,0.85
Phoenix Suns,PHX,Jock Landale,2022-23,69,978.496666666667,456.0,280.0,68.0,16.0,30.0,59.0,0.528,0.25,0.752
Brooklyn Nets,BKN,Joe Harris,2022-23,74,1527.175,562.0,164.0,101.0,34.0,13.0,41.0,0.457,0.426,0.643
Milwaukee Bucks,MIL,Joe Ingles,2022-23,46,1043.49833333333,317.0,128.0,150.0,33.0,6.0,55.0,0.435,0.409,0.857
Toronto Raptors,TOR,Joe Wieskamp,2022-23,9,49.655,9.0,4.0,3.0,0.0,0.0,1.0,0.214,0.25,0.0
Philadelphia 76ers,PHI,Joel Embiid,2022-23,66,2284.10666666667,2183.0,670.0,274.0,66.0,112.0,226.0,0.548,0.33,0.857
Portland Trail Blazers,POR,John Butler Jr.,2022-23,19,221.101666666667,45.0,17.0,11.0,7.0,9.0,1.0,0.321,0.229,0.75
Atlanta Hawks,ATL,John Collins,2022-23,71,2129.64666666667,931.0,462.0,85.0,42.0,73.0,79.0,0.508,0.292,0.803
Memphis Grizzlies,MEM,John Konchar,2022-23,72,1493.81333333333,364.0,310.0,100.0,77.0,25.0,37.0,0.431,0.339,0.778
Los Angeles Clippers,LAC,John Wall,2022-23,34,754.73,386.0,92.0,178.0,27.0,12.0,80.0,0.407,0.303,0.681
Washington Wizards,WAS,Johnny Davis,2022-23,28,422.575,163.0,65.0,28.0,10.0,8.0,17.0,0.386,0.243,0.519
Utah Jazz,UTA,Johnny Juzang,2022-23,18,232.25,87.0,39.0,8.0,4.0,3.0,3.0,0.337,0.238,0.5
New Orleans Pelicans,NOP,Jonas Valanciunas,2022-23,79,1968.24333333333,1115.0,804.0,140.0,20.0,52.0,159.0,0.547,0.349,0.826
Orlando Magic,ORL,Jonathan Isaac,2022-23,11,124.035,55.0,44.0,6.0,14.0,4.0,4.0,0.415,0.4,0.556
Golden State Warriors,GSW,Jonathan Kuminga,2022-23,67,1394.425,666.0,231.0,125.0,41.0,31.0,95.0,0.525,0.37,0.652
Utah Jazz,UTA,Jordan Clarkson,2022-23,61,1988.30333333333,1271.0,246.0,270.0,33.0,13.0,186.0,0.444,0.338,0.816
Washington Wizards,WAS,Jordan Goodwin,2022-23,62,1105.42333333333,407.0,205.0,168.0,58.0,26.0,57.0,0.448,0.322,0.768
San Antonio Spurs,SAS,Jordan Hall,2022-23,9,82.66,28.0,12.0,11.0,1.0,0.0,7.0,0.321,0.2,0.778
Minnesota Timberwolves,MIN,Jordan McLaughlin,2022-23,43,678.49,161.0,62.0,148.0,32.0,4.0,33.0,0.421,0.308,0.833
Indiana Pacers,IND,Jordan Nwora,2022-23,62,1188.085,542.0,229.0,88.0,24.0,14.0,66.0,0.436,0.408,0.791
Golden State Warriors,GSW,Jordan Poole,2022-23,82,2458.09333333333,1675.0,225.0,369.0,63.0,21.0,252.0,0.43,0.336,0.87
Washington Wizards,WAS,Jordan Schakel,2022-23,2,6.23333333333333,3.0,0.0,1.0,1.0,0.0,0.0,0.5,1.0,0.0
New Orleans Pelicans,NOP,Jose Alvarado,2022-23,61,1309.98166666667,550.0,141.0,186.0,67.0,10.0,81.0,0.411,0.336,0.813
Houston Rockets,HOU,Josh Christopher,2022-23,64,786.215,372.0,71.0,73.0,33.0,15.0,60.0,0.465,0.236,0.75
Oklahoma City Thunder,OKC,Josh Giddey,2022-23,76,2367.27166666667,1260.0,599.0,469.0,57.0,31.0,211.0,0.482,0.325,0.731
Dallas Mavericks,DAL,Josh Green,2022-23,60,1539.23,546.0,182.0,103.0,42.0,5.0,72.0,0.537,0.402,0.723
New York Knicks,NYK,Josh Hart,2022-23,76,2454.025,743.0,593.0,290.0,88.0,21.0,117.0,0.529,0.372,0.75
Minnesota Timberwolves,MIN,Josh Minott,2022-23,15,96.2233333333333,46.0,25.0,5.0,4.0,6.0,3.0,0.5,0.333,1.0
Phoenix Suns,PHX,Josh Okogie,2022-23,72,1350.59,529.0,251.0,105.0,56.0,34.0,63.0,0.391,0.335,0.724
New Orleans Pelicans,NOP,Josh Richardson,2022-23,65,1529.60166666667,654.0,175.0,174.0,69.0,20.0,86.0,0.431,0.365,0.852
San Antonio Spurs,SAS,Joshua Primo,2022-23,4,93.3616666666667,28.0,13.0,18.0,1.0,2.0,11.0,0.346,0.25,0.778
Milwaukee Bucks,MIL,Jrue Holiday,2022-23,67,2182.54,1290.0,341.0,495.0,79.0,25.0,197.0,0.479,0.384,0.859
Utah Jazz,UTA,Juan Toscano-Anderson,2022-23,52,700.058333333333,155.0,124.0,65.0,16.0,10.0,34.0,0.448,0.186,0.792
Toronto Raptors,TOR,Juancho Hernangomez,2022-23,42,613.495,122.0,123.0,25.0,16.0,6.0,15.0,0.421,0.254,0.563
San Antonio Spurs,SAS,Julian Champagnie,2022-23,17,320.135,165.0,60.0,10.0,6.0,5.0,11.0,0.454,0.402,0.824
New York Knicks,NYK,Julius Randle,2022-23,77,2737.25166666667,1936.0,767.0,316.0,49.0,21.0,216.0,0.459,0.343,0.757
Boston Celtics,BOS,Justin Champagnie,2022-23,5,34.2833333333333,11.0,8.0,4.0,1.0,0.0,0.0,0.333,0.2,0.0
Dallas Mavericks,DAL,Justin Holiday,2022-23,46,706.113333333333,205.0,55.0,41.0,19.0,19.0,22.0,0.377,0.322,0.625
Boston Celtics,BOS,Justin Jackson,2022-23,23,107.423333333333,20.0,17.0,9.0,4.0,4.0,2.0,0.259,0.25,0.5
Portland Trail Blazers,POR,Justin Minaya,2022-23,4,88.85,17.0,15.0,4.0,2.0,5.0,4.0,0.304,0.25,0.0
Portland Trail Blazers,POR,Justise Winslow,2022-23,29,775.791666666667,196.0,145.0,98.0,30.0,11.0,43.0,0.409,0.311,0.714
Portland Trail Blazers,POR,Jusuf Nurkić,2022-23,52,1391.415,694.0,471.0,149.0,43.0,44.0,119.0,0.519,0.361,0.661
Houston Rockets,HOU,KJ Martin,2022-23,82,2292.15833333333,1039.0,452.0,123.0,41.0,30.0,91.0,0.569,0.315,0.68
Sacramento Kings,SAC,KZ Okpala,2022-23,35,248.025,46.0,34.0,13.0,7.0,7.0,7.0,0.421,0.333,0.875
Charlotte Hornets,CHA,Kai Jones,2022-23,46,549.626666666667,157.0,123.0,15.0,17.0,30.0,31.0,0.558,0.211,0.731
Minnesota Timberwolves,MIN,Karl-Anthony Towns,2022-23,29,957.05,602.0,236.0,140.0,20.0,17.0,86.0,0.495,0.366,0.874
Los Angeles Clippers,LAC,Kawhi Leonard,2022-23,52,1747.48833333333,1239.0,338.0,204.0,72.0,28.0,88.0,0.512,0.416,0.871
Sacramento Kings,SAC,Keegan Murray,2022-23,80,2381.67333333333,976.0,371.0,98.0,61.0,42.0,60.0,0.453,0.411,0.765
San Antonio Spurs,SAS,Keita Bates-Diop,2022-23,67,1452.58833333333,647.0,247.0,103.0,46.0,20.0,56.0,0.508,0.394,0.793
San Antonio Spurs,SAS,Keldon Johnson,2022-23,63,2063.33166666667,1385.0,318.0,183.0,46.0,11.0,134.0,0.452,0.329,0.749
Utah Jazz,UTA,Kelly Olynyk,2022-23,68,1941.59333333333,847.0,420.0,252.0,60.0,37.0,168.0,0.499,0.394,0.853
Charlotte Hornets,CHA,Kelly Oubre Jr.,2022-23,48,1547.51166666667,972.0,249.0,54.0,68.0,18.0,64.0,0.431,0.319,0.76
Dallas Mavericks,DAL,Kemba Walker,2022-23,9,143.901666666667,72.0,16.0,19.0,2.0,2.0,4.0,0.421,0.25,0.81
Indiana Pacers,IND,Kendall Brown,2022-23,6,40.295,9.0,6.0,3.0,4.0,0.0,2.0,0.571,0.0,0.5
Washington Wizards,WAS,Kendrick Nunn,2022-23,70,963.43,496.0,109.0,90.0,28.0,7.0,66.0,0.424,0.354,0.854
Memphis Grizzlies,MEM,Kennedy Chandler,2022-23,36,281.508333333333,78.0,38.0,58.0,12.0,5.0,18.0,0.422,0.133,0.462
Memphis Grizzlies,MEM,Kenneth Lofton Jr.,2022-23,24,175.958333333333,120.0,51.0,20.0,5.0,2.0,12.0,0.527,0.353,0.593
Oklahoma City Thunder,OKC,Kenrich Williams,2022-23,53,1205.98166666667,425.0,261.0,105.0,45.0,14.0,32.0,0.517,0.373,0.436
Denver Nuggets,DEN,Kentavious Caldwell-Pope,2022-23,76,2381.20666666667,822.0,208.0,183.0,112.0,35.0,86.0,0.462,0.423,0.824
Sacramento Kings,SAC,Keon Ellis,2022-23,16,70.8633333333333,24.0,8.0,6.0,5.0,1.0,1.0,0.438,0.5,0.571
Portland Trail Blazers,POR,Keon Johnson,2022-23,40,416.36,189.0,44.0,59.0,19.0,6.0,43.0,0.376,0.346,0.659
Sacramento Kings,SAC,Kessler Edwards,2022-23,36,385.753333333333,100.0,61.0,23.0,14.0,6.0,13.0,0.387,0.309,0.733
Phoenix Suns,PHX,Kevin Durant,2022-23,47,1671.75666666667,1366.0,313.0,235.0,34.0,67.0,156.0,0.56,0.404,0.919
Sacramento Kings,SAC,Kevin Huerter,2022-23,75,2202.77666666667,1140.0,251.0,221.0,80.0,24.0,97.0,0.485,0.402,0.725
Portland Trail Blazers,POR,Kevin Knox II,2022-23,63,951.723333333333,415.0,177.0,33.0,24.0,12.0,50.0,0.458,0.349,0.767
Miami Heat,MIA,Kevin Love,2022-23,62,1239.47833333333,509.0,399.0,116.0,16.0,12.0,70.0,0.389,0.334,0.879
Houston Rockets,HOU,Kevin Porter Jr.,2022-23,59,2023.88333333333,1130.0,314.0,338.0,82.0,17.0,188.0,0.442,0.366,0.784
Orlando Magic,ORL,Kevon Harris,2022-23,34,457.048333333333,141.0,70.0,16.0,17.0,5.0,21.0,0.439,0.372,0.756
Golden State Warriors,GSW,Kevon Looney,2022-23,82,1957.595,578.0,760.0,207.0,52.0,50.0,45.0,0.63,0.0,0.606
San Antonio Spurs,SAS,Khem Birch,2022-23,20,161.85,43.0,25.0,7.0,5.0,5.0,8.0,0.594,0.5,0.8
Milwaukee Bucks,MIL,Khris Middleton,2022-23,33,800.773333333333,497.0,140.0,163.0,23.0,5.0,71.0,0.436,0.315,0.902
Detroit Pistons,DET,Killian Hayes,2022-23,76,2153.58833333333,786.0,221.0,470.0,104.0,28.0,173.0,0.377,0.28,0.821
New Orleans Pelicans,NOP,Kira Lewis Jr.,2022-23,25,234.766666666667,114.0,33.0,23.0,10.0,2.0,10.0,0.455,0.441,0.864
Golden State Warriors,GSW,Klay Thompson,2022-23,69,2278.91166666667,1509.0,286.0,163.0,49.0,29.0,123.0,0.436,0.412,0.879
Charlotte Hornets,CHA,Kobi Simmons,2022-23,5,27.7716666666667,5.0,4.0,5.0,0.0,2.0,1.0,0.167,0.2,1.0
Utah Jazz,UTA,Kris Dunn,2022-23,22,567.541666666667,290.0,100.0,124.0,25.0,10.0,35.0,0.537,0.472,0.774
Washington Wizards,WAS,Kristaps Porziņģis,2022-23,65,2119.51166666667,1505.0,546.0,174.0,58.0,100.0,137.0,0.498,0.385,0.851
Minnesota Timberwolves,MIN,Kyle Anderson,2022-23,69,1956.57333333333,647.0,368.0,335.0,78.0,63.0,103.0,0.509,0.41,0.735
Washington Wizards,WAS,Kyle Kuzma,2022-23,64,2238.85166666667,1357.0,463.0,239.0,36.0,29.0,190.0,0.448,0.333,0.73
Miami Heat,MIA,Kyle Lowry,2022-23,55,1717.725,615.0,225.0,281.0,57.0,21.0,103.0,0.404,0.345,0.859
Dallas Mavericks,DAL,Kyrie Irving,2022-23,60,2240.57333333333,1623.0,304.0,331.0,66.0,45.0,128.0,0.494,0.379,0.905
Charlotte Hornets,CHA,LaMelo Ball,2022-23,36,1267.755,838.0,231.0,304.0,46.0,11.0,129.0,0.411,0.376,0.843
Cleveland Cavaliers,CLE,Lamar Stevens,2022-23,62,1120.48333333333,328.0,207.0,33.0,27.0,19.0,27.0,0.448,0.316,0.702
Phoenix Suns,PHX,Landry Shamet,2022-23,40,806.91,346.0,67.0,93.0,26.0,5.0,36.0,0.377,0.377,0.882
New Orleans Pelicans,NOP,Larry Nance Jr.,2022-23,65,1380.82666666667,441.0,354.0,119.0,56.0,37.0,42.0,0.61,0.333,0.696
Utah Jazz,UTA,Lauri Markkanen,2022-23,66,2272.48666666667,1691.0,570.0,123.0,42.0,38.0,127.0,0.499,0.391,0.875
Los Angeles Lakers,LAL,LeBron James,2022-23,55,1953.94,1590.0,457.0,375.0,50.0,32.0,178.0,0.5,0.321,0.768
Utah Jazz,UTA,Leandro Bolmaro,2022-23,14,68.4733333333333,6.0,7.0,7.0,3.0,1.0,7.0,0.15,0.0,0.0
Golden State Warriors,GSW,Lester Quinones,2022-23,4,18.1166666666667,10.0,3.0,2.0,1.0,0.0,5.0,0.4,0.5,0.667
Milwaukee Bucks,MIL,Lindell Wigginton,2022-23,7,86.65,50.0,7.0,14.0,0.0,2.0,12.0,0.486,0.333,0.889
Oklahoma City Thunder,OKC,Lindy Waters III,2022-23,41,530.825,214.0,75.0,28.0,14.0,11.0,10.0,0.393,0.358,0.8
Los Angeles Lakers,LAL,Lonnie Walker IV,2022-23,56,1297.03666666667,654.0,109.0,64.0,30.0,17.0,46.0,0.448,0.365,0.858
Philadelphia 76ers,PHI,Louis King,2022-23,1,28.8,20.0,4.0,2.0,1.0,0.0,2.0,0.615,0.5,0.0
Oklahoma City Thunder,OKC,Luguentz Dort,2022-23,74,2272.35666666667,1013.0,344.0,154.0,75.0,23.0,92.0,0.388,0.33,0.772
Dallas Mavericks,DAL,Luka Dončić,2022-23,66,2390.47166666667,2138.0,569.0,529.0,90.0,33.0,236.0,0.496,0.342,0.742
Minnesota Timberwolves,MIN,Luka Garza,2022-23,28,243.42,181.0,63.0,18.0,3.0,2.0,14.0,0.543,0.359,0.788
Utah Jazz,UTA,Luka Samanic,2022-23,7,160.813333333333,69.0,30.0,15.0,6.0,2.0,10.0,0.456,0.258,0.692
Memphis Grizzlies,MEM,Luke Kennard,2022-23,59,1315.085,546.0,158.0,91.0,32.0,5.0,46.0,0.492,0.494,0.949
Boston Celtics,BOS,Luke Kornet,2022-23,69,804.088333333333,261.0,197.0,53.0,11.0,46.0,25.0,0.665,0.231,0.821
Philadelphia 76ers,PHI,Mac McClung,2022-23,2,41.0666666666667,25.0,10.0,9.0,0.0,0.0,3.0,0.45,0.364,0.6
Toronto Raptors,TOR,Malachi Flynn,2022-23,53,690.788333333333,246.0,76.0,70.0,21.0,4.0,25.0,0.36,0.353,0.758
San Antonio Spurs,SAS,Malaki Branham,2022-23,66,1549.59666666667,673.0,181.0,127.0,33.0,7.0,76.0,0.44,0.302,0.829
Boston Celtics,BOS,Malcolm Brogdon,2022-23,67,1743.815,1000.0,280.0,248.0,45.0,18.0,98.0,0.484,0.444,0.87
Chicago Bulls,CHI,Malcolm Hill,2022-23,5,9.15,5.0,3.0,0.0,0.0,0.0,0.0,0.5,0.333,0.0
Los Angeles Lakers,LAL,Malik Beasley,2022-23,81,2093.085,1025.0,283.0,124.0,65.0,9.0,90.0,0.395,0.357,0.769
Sacramento Kings,SAC,Malik Monk,2022-23,77,1719.235,1041.0,203.0,298.0,49.0,20.0,146.0,0.448,0.359,0.889
Cleveland Cavaliers,CLE,Mamadi Diakite,2022-23,22,175.878333333333,57.0,30.0,8.0,4.0,9.0,12.0,0.48,0.333,1.0
Milwaukee Bucks,MIL,MarJon Beauchamp,2022-23,52,701.381666666667,266.0,115.0,35.0,21.0,7.0,45.0,0.395,0.331,0.73
Los Angeles Clippers,LAC,Marcus Morris Sr.,2022-23,65,1825.11333333333,728.0,258.0,114.0,42.0,21.0,56.0,0.426,0.365,0.782
Boston Celtics,BOS,Marcus Smart,2022-23,61,1956.76,703.0,191.0,382.0,93.0,23.0,143.0,0.415,0.336,0.746
Charlotte Hornets,CHA,Mark Williams,2022-23,43,827.975,387.0,304.0,18.0,28.0,45.0,40.0,0.637,0.0,0.691
Orlando Magic,ORL,Markelle Fultz,2022-23,60,1777.94166666667,837.0,234.0,341.0,87.0,26.0,139.0,0.514,0.31,0.783
Dallas Mavericks,DAL,Markieff Morris,2022-23,35,355.07,132.0,71.0,31.0,9.0,5.0,18.0,0.409,0.394,1.0
Chicago Bulls,CHI,Marko Simonovic,2022-23,7,19.5966666666667,6.0,2.0,0.0,0.0,0.0,0.0,0.286,0.25,0.5
Detroit Pistons,DET,Marvin Bagley III,2022-23,42,990.455,504.0,269.0,36.0,19.0,30.0,46.0,0.529,0.288,0.75
Los Angeles Clippers,LAC,Mason Plumlee,2022-23,79,2052.945,857.0,700.0,245.0,46.0,47.0,117.0,0.68,0.0,0.636
Portland Trail Blazers,POR,Matisse Thybulle,2022-23,71,1200.43833333333,293.0,140.0,53.0,83.0,32.0,24.0,0.435,0.365,0.679
Minnesota Timberwolves,MIN,Matt Ryan,2022-23,34,310.181666666667,122.0,26.0,16.0,5.0,1.0,7.0,0.37,0.381,0.833
Sacramento Kings,SAC,Matthew Dellavedova,2022-23,32,212.798333333333,47.0,13.0,41.0,7.0,0.0,10.0,0.34,0.333,0.571
Los Angeles Lakers,LAL,Max Christie,2022-23,41,512.425,128.0,75.0,21.0,9.0,7.0,13.0,0.415,0.419,0.875
Miami Heat,MIA,Max Strus,2022-23,80,2271.97833333333,923.0,258.0,171.0,42.0,12.0,69.0,0.41,0.35,0.876
Dallas Mavericks,DAL,Maxi Kleber,2022-23,37,929.768333333333,220.0,135.0,52.0,12.0,30.0,27.0,0.456,0.348,0.711
Dallas Mavericks,DAL,McKinley Wright IV,2022-23,27,335.03,114.0,47.0,58.0,8.0,5.0,19.0,0.469,0.321,0.684
Milwaukee Bucks,MIL,Meyers Leonard,2022-23,9,113.738333333333,43.0,34.0,1.0,2.0,0.0,6.0,0.483,0.389,0.889
Boston Celtics,BOS,Mfiondu Kabengele,2022-23,4,36.4333333333333,6.0,10.0,0.0,2.0,0.0,1.0,0.286,0.0,1.0
Utah Jazz,UTA,Micah Potter,2022-23,7,52.44,24.0,16.0,4.0,1.0,0.0,2.0,0.667,0.571,0.0
Orlando Magic,ORL,Michael Carter-Williams,2022-23,4,44.4833333333333,17.0,5.0,7.0,1.0,1.0,4.0,0.429,0.333,0.571
Philadelphia 76ers,PHI,Michael Foster Jr.,2022-23,1,1.03333333333333,0.0,0.0,0.0,0.0,0.0,0.0,0.0,0.0,0.0
Denver Nuggets,DEN,Michael Porter Jr.,2022-23,62,1797.89333333333,1080.0,341.0,65.0,37.0,29.0,68.0,0.487,0.414,0.8
Brooklyn Nets,BKN,Mikal Bridges,2022-23,83,2963.17666666667,1671.0,364.0,273.0,91.0,61.0,127.0,0.468,0.382,0.895
Minnesota Timberwolves,MIN,Mike Conley,2022-23,67,2028.055,798.0,182.0,450.0,73.0,14.0,103.0,0.428,0.385,0.834
Boston Celtics,BOS,Mike Muscala,2022-23,63,945.09,383.0,203.0,50.0,15.0,24.0,23.0,0.449,0.391,0.769
New York Knicks,NYK,Miles McBride,2022-23,64,760.246666666667,222.0,50.0,72.0,37.0,8.0,25.0,0.358,0.299,0.667
New York Knicks,NYK,Mitchell Robinson,2022-23,59,1588.82833333333,435.0,555.0,53.0,56.0,109.0,41.0,0.671,0.0,0.484
Los Angeles Lakers,LAL,Mo Bamba,2022-23,49,768.428333333333,323.0,225.0,46.0,13.0,43.0,30.0,0.485,0.387,0.661
Washington Wizards,WAS,Monte Morris,2022-23,62,1696.08666666667,636.0,210.0,326.0,43.0,13.0,60.0,0.48,0.382,0.831
Philadelphia 76ers,PHI,Montrezl Harrell,2022-23,57,681.075,320.0,159.0,33.0,17.0,25.0,35.0,0.598,0.0,0.693
Orlando Magic,ORL,Moritz Wagner,2022-23,57,1109.46666666667,600.0,259.0,84.0,37.0,13.0,68.0,0.5,0.313,0.841
Los Angeles Clippers,LAC,Moses Brown,2022-23,36,294.145,155.0,139.0,4.0,4.0,14.0,15.0,0.635,0.0,0.458
Golden State Warriors,GSW,Moses Moody,2022-23,63,817.146666666667,302.0,105.0,51.0,18.0,7.0,34.0,0.476,0.363,0.698
Los Angeles Clippers,LAC,Moussa Diabaté,2022-23,22,195.496666666667,59.0,50.0,4.0,7.0,8.0,9.0,0.511,0.5,0.625
Indiana Pacers,IND,Myles Turner,2022-23,62,1825.21,1113.0,466.0,89.0,36.0,140.0,103.0,0.548,0.373,0.783
New Orleans Pelicans,NOP,Naji Marshall,2022-23,77,1792.03666666667,698.0,279.0,189.0,54.0,14.0,97.0,0.433,0.303,0.789
Portland Trail Blazers,POR,Nassir Little,2022-23,54,976.056666666667,359.0,141.0,50.0,20.0,20.0,36.0,0.442,0.367,0.717
Portland Trail Blazers,POR,Nate Williams,2022-23,5,126.566666666667,53.0,15.0,10.0,3.0,2.0,4.0,0.615,0.375,0.667
Minnesota Timberwolves,MIN,Nathan Knight,2022-23,38,290.748333333333,139.0,56.0,13.0,10.0,6.0,21.0,0.568,0.364,0.684
Minnesota Timberwolves,MIN,Naz Reid,2022-23,68,1250.90833333333,781.0,333.0,77.0,42.0,53.0,92.0,0.537,0.346,0.677
Sacramento Kings,SAC,Neemias Queta,2022-23,5,28.69,12.0,11.0,1.0,0.0,2.0,1.0,0.667,0.0,0.0
Brooklyn Nets,BKN,Nerlens Noel,2022-23,17,194.68,35.0,46.0,10.0,16.0,10.0,13.0,0.361,0.5,0.667
Brooklyn Nets,BKN,Nic Claxton,2022-23,76,2270.65666666667,961.0,702.0,144.0,65.0,189.0,96.0,0.705,0.0,0.541
Charlotte Hornets,CHA,Nick Richards,2022-23,65,1217.675,532.0,416.0,38.0,11.0,71.0,59.0,0.629,1.0,0.749
Minnesota Timberwolves,MIN,Nickeil Alexander-Walker,2022-23,59,883.885,363.0,101.0,108.0,32.0,21.0,55.0,0.444,0.384,0.667
Los Angeles Clippers,LAC,Nicolas Batum,2022-23,78,1709.57,478.0,299.0,121.0,54.0,44.0,50.0,0.42,0.391,0.708
Denver Nuggets,DEN,Nikola Jokić,2022-23,69,2323.00666666667,1690.0,817.0,678.0,87.0,47.0,247.0,0.632,0.383,0.822
Miami Heat,MIA,Nikola Jović,2022-23,15,204.455,82.0,31.0,10.0,7.0,2.0,10.0,0.406,0.229,0.947
Chicago Bulls,CHI,Nikola Vučević,2022-23,82,2746.355,1447.0,903.0,265.0,60.0,57.0,139.0,0.52,0.349,0.835
Boston Celtics,BOS,Noah Vonleh,2022-23,23,171.635,25.0,48.0,7.0,2.0,8.0,11.0,0.458,0.25,1.0
Los Angeles Clippers,LAC,Norman Powell,2022-23,60,1567.135,1019.0,175.0,109.0,50.0,18.0,101.0,0.479,0.397,0.812
Toronto Raptors,TOR,OG Anunoby,2022-23,67,2385.65166666667,1124.0,332.0,131.0,128.0,50.0,132.0,0.476,0.387,0.838
New York Knicks,NYK,Obi Toppin,2022-23,67,1050.50833333333,497.0,187.0,66.0,23.0,12.0,38.0,0.446,0.344,0.809
Utah Jazz,UTA,Ochai Agbaji,2022-23,59,1209.20666666667,467.0,121.0,67.0,16.0,15.0,41.0,0.427,0.355,0.812
Oklahoma City Thunder,OKC,Olivier Sarr,2022-23,9,113.641666666667,36.0,31.0,4.0,1.0,5.0,4.0,0.5,0.125,0.714
Miami Heat,MIA,Omer Yurtseven,2022-23,9,83.2316666666667,40.0,23.0,2.0,2.0,2.0,4.0,0.593,0.429,0.833
Atlanta Hawks,ATL,Onyeka Okongwu,2022-23,80,1848.555,791.0,576.0,81.0,56.0,107.0,81.0,0.638,0.308,0.781
Miami Heat,MIA,Orlando Robinson,2022-23,31,425.15,116.0,126.0,25.0,12.0,12.0,16.0,0.528,0.0,0.71
Indiana Pacers,IND,Oshae Brissett,2022-23,65,1083.17666666667,398.0,218.0,44.0,33.0,13.0,34.0,0.386,0.31,0.717
Toronto Raptors,TOR,Otto Porter Jr.,2022-23,8,146.341666666667,44.0,19.0,8.0,11.0,0.0,4.0,0.5,0.353,1.0
Oklahoma City Thunder,OKC,Ousmane Dieng,2022-23,39,568.71,193.0,105.0,46.0,14.0,7.0,26.0,0.42,0.265,0.652
Philadelphia 76ers,PHI,P.J. Tucker,2022-23,75,1920.055,266.0,295.0,60.0,39.0,15.0,44.0,0.427,0.393,0.826
Charlotte Hornets,CHA,P.J. Washington,2022-23,73,2379.56333333333,1144.0,358.0,175.0,66.0,79.0,110.0,0.444,0.348,0.73
Sacramento Kings,SAC,PJ Dozier,2022-23,16,79.3466666666667,22.0,14.0,10.0,6.0,1.0,5.0,0.303,0.125,0.0
Orlando Magic,ORL,Paolo Banchero,2022-23,72,2429.72333333333,1437.0,497.0,269.0,60.0,39.0,200.0,0.427,0.298,0.738
Toronto Raptors,TOR,Pascal Siakam,2022-23,71,2652.03666666667,1720.0,556.0,415.0,65.0,36.0,169.0,0.48,0.324,0.774
Milwaukee Bucks,MIL,Pat Connaughton,2022-23,61,1442.735,466.0,283.0,77.0,37.0,11.0,33.0,0.392,0.339,0.659
Golden State Warriors,GSW,Patrick Baldwin Jr.,2022-23,31,225.845,122.0,40.0,11.0,6.0,4.0,11.0,0.394,0.381,0.667
Chicago Bulls,CHI,Patrick Beverley,2022-23,67,1816.52666666667,415.0,247.0,194.0,63.0,41.0,60.0,0.4,0.335,0.723
Chicago Bulls,CHI,Patrick Williams,2022-23,82,2322.84166666667,833.0,327.0,100.0,72.0,70.0,101.0,0.464,0.415,0.857
Brooklyn Nets,BKN,Patty Mills,2022-23,40,566.648333333333,246.0,44.0,56.0,15.0,3.0,30.0,0.411,0.366,0.833
Los Angeles Clippers,LAC,Paul George,2022-23,56,1938.89166666667,1332.0,342.0,288.0,83.0,20.0,176.0,0.457,0.371,0.871
Philadelphia 76ers,PHI,Paul Reed,2022-23,69,755.163333333333,287.0,262.0,27.0,45.0,51.0,45.0,0.593,0.167,0.745
Boston Celtics,BOS,Payton Pritchard,2022-23,48,642.776666666667,270.0,88.0,64.0,14.0,1.0,40.0,0.412,0.364,0.75
Denver Nuggets,DEN,Peyton Watson,2022-23,23,186.111666666667,75.0,37.0,11.0,2.0,11.0,8.0,0.492,0.429,0.55
Toronto Raptors,TOR,Precious Achiuwa,2022-23,55,1140.52,508.0,328.0,50.0,31.0,30.0,59.0,0.485,0.269,0.702
New York Knicks,NYK,Quentin Grimes,2022-23,71,2120.90666666667,799.0,229.0,150.0,47.0,26.0,69.0,0.468,0.386,0.796
Washington Wizards,WAS,Quenton Jackson,2022-23,9,134.583333333333,56.0,8.0,15.0,4.0,1.0,4.0,0.452,0.083,0.773
Detroit Pistons,DET,R.J. Hampton,2022-23,47,749.635,302.0,87.0,54.0,27.0,9.0,42.0,0.43,0.353,0.75
New York Knicks,NYK,RJ Barrett,2022-23,73,2475.465,1431.0,368.0,201.0,31.0,15.0,164.0,0.434,0.31,0.74
Brooklyn Nets,BKN,RaiQuan Gray,2022-23,1,35.0833333333333,16.0,9.0,7.0,0.0,1.0,4.0,0.5,0.4,1.0
Cleveland Cavaliers,CLE,Raul Neto,2022-23,48,505.231666666667,157.0,46.0,79.0,17.0,4.0,24.0,0.518,0.286,0.912
Dallas Mavericks,DAL,Reggie Bullock Jr.,2022-23,78,2364.485,561.0,283.0,108.0,54.0,13.0,36.0,0.409,0.38,0.703
Denver Nuggets,DEN,Reggie Jackson,2022-23,68,1656.85333333333,693.0,144.0,233.0,47.0,6.0,115.0,0.411,0.333,0.91
Sacramento Kings,SAC,Richaun Holmes,2022-23,42,347.575,130.0,80.0,9.0,3.0,11.0,14.0,0.618,0.625,0.789
Cleveland Cavaliers,CLE,Ricky Rubio,2022-23,33,565.993333333333,171.0,70.0,115.0,26.0,6.0,31.0,0.343,0.256,0.8
Los Angeles Clippers,LAC,Robert Covington,2022-23,48,778.641666666667,288.0,166.0,57.0,38.0,33.0,32.0,0.445,0.397,0.75
Boston Celtics,BOS,Robert Williams III,2022-23,35,823.55,279.0,292.0,50.0,22.0,48.0,34.0,0.747,0.0,0.61
Cleveland Cavaliers,CLE,Robin Lopez,2022-23,37,298.498333333333,112.0,51.0,19.0,2.0,8.0,25.0,0.64,0.5,0.778
Detroit Pistons,DET,Rodney McGruder,2022-23,32,523.901666666667,183.0,74.0,28.0,16.0,1.0,11.0,0.408,0.423,0.818
San Antonio Spurs,SAS,Romeo Langford,2022-23,43,844.301666666667,297.0,114.0,50.0,24.0,13.0,30.0,0.467,0.262,0.696
Toronto Raptors,TOR,Ron Harper Jr.,2022-23,9,47.5,20.0,7.0,4.0,0.0,1.0,0.0,0.5,0.333,1.0
Brooklyn Nets,BKN,Royce O'Neale,2022-23,76,2409.235,671.0,384.0,283.0,65.0,49.0,114.0,0.386,0.389,0.725
Utah Jazz,UTA,Rudy Gay,2022-23,56,815.568333333333,293.0,163.0,57.0,19.0,18.0,37.0,0.38,0.254,0.857
Minnesota Timberwolves,MIN,Rudy Gobert,2022-23,70,2148.48333333333,939.0,814.0,87.0,56.0,95.0,122.0,0.659,0.0,0.644
Los Angeles Lakers,LAL,Rui Hachimura,2022-23,63,1466.03,707.0,283.0,58.0,19.0,26.0,53.0,0.486,0.319,0.739
Los Angeles Clippers,LAC,Russell Westbrook,2022-23,73,2125.82666666667,1159.0,423.0,551.0,76.0,33.0,255.0,0.436,0.311,0.656
New York Knicks,NYK,Ryan Arcidiacono,2022-23,20,172.353333333333,26.0,15.0,23.0,5.0,0.0,7.0,0.243,0.348,0.0
Golden State Warriors,GSW,Ryan Rollins,2022-23,12,62.07,23.0,12.0,6.0,1.0,1.0,16.0,0.35,0.333,1.0
Phoenix Suns,PHX,Saben Lee,2022-23,25,373.53,151.0,45.0,67.0,19.0,1.0,24.0,0.405,0.367,0.737
Atlanta Hawks,ATL,Saddiq Bey,2022-23,77,2128.695,1062.0,362.0,118.0,70.0,13.0,71.0,0.422,0.361,0.861
Boston Celtics,BOS,Sam Hauser,2022-23,80,1289.89833333333,512.0,204.0,71.0,29.0,21.0,30.0,0.455,0.418,0.706
Cleveland Cavaliers,CLE,Sam Merrill,2022-23,5,58.5166666666667,25.0,9.0,5.0,4.0,0.0,0.0,0.409,0.278,1.0
San Antonio Spurs,SAS,Sandro Mamukelashvili,2022-23,43,659.653333333333,263.0,185.0,62.0,14.0,12.0,35.0,0.422,0.303,0.684
Memphis Grizzlies,MEM,Santi Aldama,2022-23,77,1681.74833333333,696.0,371.0,97.0,45.0,48.0,60.0,0.47,0.353,0.75
Toronto Raptors,TOR,Scottie Barnes,2022-23,77,2677.55,1179.0,512.0,371.0,83.0,61.0,154.0,0.456,0.281,0.772
Los Angeles Lakers,LAL,Scotty Pippen Jr.,2022-23,6,31.5166666666667,14.0,4.0,2.0,2.0,1.0,2.0,0.333,0.333,0.556
Milwaukee Bucks,MIL,Serge Ibaka,2022-23,16,185.358333333333,66.0,44.0,4.0,2.0,7.0,11.0,0.481,0.333,0.615
Brooklyn Nets,BKN,Seth Curry,2022-23,61,1210.715,561.0,100.0,99.0,36.0,7.0,51.0,0.463,0.405,0.927
Portland Trail Blazers,POR,Shaedon Sharpe,2022-23,80,1778.60333333333,789.0,236.0,94.0,38.0,24.0,83.0,0.472,0.36,0.714
Oklahoma City Thunder,OKC,Shai Gilgeous-Alexander,2022-23,68,2415.985,2135.0,329.0,371.0,112.0,65.0,192.0,0.51,0.345,0.905
Philadelphia 76ers,PHI,Shake Milton,2022-23,76,1567.35333333333,637.0,191.0,240.0,25.0,13.0,94.0,0.479,0.378,0.853
Los Angeles Lakers,LAL,Shaquille Harrison,2022-23,5,119.916666666667,44.0,22.0,30.0,11.0,2.0,6.0,0.417,0.3,0.733
Utah Jazz,UTA,Simone Fontecchio,2022-23,52,765.811666666667,328.0,86.0,42.0,15.0,8.0,39.0,0.369,0.33,0.795
Portland Trail Blazers,POR,Skylar Mays,2022-23,6,188.766666666667,92.0,19.0,50.0,6.0,1.0,10.0,0.5,0.462,0.923
Brooklyn Nets,BKN,Spencer Dinwiddie,2022-23,79,2725.335,1369.0,270.0,515.0,67.0,24.0,145.0,0.438,0.369,0.812
Utah Jazz,UTA,Stanley Johnson,2022-23,30,469.495,174.0,95.0,67.0,16.0,6.0,33.0,0.533,0.45,0.667
Detroit Pistons,DET,Stanley Umude,2022-23,1,2.11666666666667,2.0,0.0,0.0,1.0,1.0,0.0,0.0,0.0,1.0
Golden State Warriors,GSW,Stephen Curry,2022-23,56,1941.15166666667,1648.0,341.0,352.0,52.0,20.0,179.0,0.493,0.427,0.915
Los Angeles Lakers,LAL,Sterling Brown,2022-23,4,24.3633333333333,0.0,8.0,2.0,3.0,0.0,0.0,0.0,0.0,0.0
Memphis Grizzlies,MEM,Steven Adams,2022-23,42,1133.29166666667,361.0,485.0,97.0,36.0,46.0,79.0,0.597,0.0,0.364
Charlotte Hornets,CHA,Svi Mykhailiuk,2022-23,32,467.901666666667,222.0,53.0,53.0,15.0,4.0,24.0,0.445,0.424,0.667
Indiana Pacers,IND,T.J. McConnell,2022-23,75,1526.41333333333,650.0,234.0,397.0,81.0,10.0,143.0,0.543,0.441,0.853
Phoenix Suns,PHX,T.J. Warren,2022-23,42,686.708333333333,314.0,121.0,40.0,22.0,12.0,20.0,0.489,0.328,0.8
Washington Wizards,WAS,Taj Gibson,2022-23,49,480.445,168.0,93.0,34.0,15.0,12.0,26.0,0.52,0.333,0.714
Utah Jazz,UTA,Talen Horton-Tucker,2022-23,65,1313.215,698.0,210.0,246.0,41.0,29.0,126.0,0.419,0.286,0.75
Houston Rockets,HOU,Tari Eason,2022-23,82,1767.22,760.0,496.0,88.0,96.0,47.0,101.0,0.448,0.343,0.752
Minnesota Timberwolves,MIN,Taurean Prince,2022-23,54,1192.54833333333,493.0,132.0,84.0,28.0,15.0,69.0,0.467,0.381,0.844
Los Angeles Clippers,LAC,Terance Mann,2022-23,81,1872.17666666667,713.0,276.0,184.0,42.0,22.0,80.0,0.519,0.389,0.78
Sacramento Kings,SAC,Terence Davis,2022-23,64,840.976666666667,431.0,139.0,67.0,43.0,12.0,53.0,0.423,0.366,0.791
Phoenix Suns,PHX,Terrence Ross,2022-23,63,1330.50833333333,522.0,154.0,95.0,35.0,10.0,43.0,0.43,0.368,0.794
Charlotte Hornets,CHA,Terry Rozier,2022-23,63,2220.92666666667,1329.0,259.0,319.0,74.0,16.0,134.0,0.415,0.327,0.809
Chicago Bulls,CHI,Terry Taylor,2022-23,31,263.436666666667,89.0,47.0,10.0,3.0,6.0,9.0,0.52,0.263,0.545
Toronto Raptors,TOR,Thaddeus Young,2022-23,54,795.46,240.0,166.0,75.0,54.0,5.0,42.0,0.545,0.176,0.692
Milwaukee Bucks,MIL,Thanasis Antetokounmpo,2022-23,37,206.206666666667,51.0,44.0,15.0,3.0,3.0,12.0,0.435,0.0,0.5
Charlotte Hornets,CHA,Theo Maledon,2022-23,44,853.656666666667,295.0,123.0,152.0,37.0,12.0,59.0,0.402,0.295,0.851
Dallas Mavericks,DAL,Theo Pinson,2022-23,40,322.956666666667,95.0,63.0,46.0,6.0,1.0,12.0,0.356,0.355,0.846
Denver Nuggets,DEN,Thomas Bryant,2022-23,59,1081.48666666667,579.0,339.0,31.0,16.0,30.0,38.0,0.623,0.441,0.738
Dallas Mavericks,DAL,Tim Hardaway Jr.,2022-23,71,2152.23333333333,1019.0,251.0,129.0,49.0,12.0,60.0,0.401,0.385,0.77
Philadelphia 76ers,PHI,Tobias Harris,2022-23,74,2435.87833333333,1085.0,424.0,186.0,68.0,40.0,89.0,0.501,0.389,0.876
Chicago Bulls,CHI,Tony Bradley,2022-23,12,33.365,19.0,11.0,1.0,1.0,1.0,1.0,0.5,0.6,1.0
Phoenix Suns,PHX,Torrey Craig,2022-23,79,1947.84166666667,588.0,426.0,117.0,50.0,62.0,73.0,0.456,0.395,0.711
Atlanta Hawks,ATL,Trae Young,2022-23,73,2540.74,1914.0,217.0,741.0,80.0,9.0,300.0,0.429,0.335,0.886
San Antonio Spurs,SAS,Tre Jones,2022-23,68,1983.73833333333,875.0,245.0,448.0,89.0,9.0,110.0,0.459,0.285,0.86
Oklahoma City Thunder,OKC,Tre Mann,2022-23,67,1183.38833333333,517.0,155.0,120.0,40.0,11.0,62.0,0.393,0.315,0.764
Portland Trail Blazers,POR,Trendon Watford,2022-23,62,1181.60833333333,459.0,238.0,130.0,32.0,12.0,71.0,0.56,0.391,0.72
Atlanta Hawks,ATL,Trent Forrest,2022-23,23,276.975,52.0,37.0,38.0,7.0,2.0,15.0,0.417,0.0,0.667
Philadelphia 76ers,PHI,Trevelin Queen,2022-23,7,70.0,21.0,17.0,6.0,2.0,5.0,7.0,0.241,0.133,1.0
Houston Rockets,HOU,Trevor Hudgins,2022-23,5,28.3333333333333,9.0,0.0,3.0,0.0,0.0,1.0,0.222,0.25,1.0
New York Knicks,NYK,Trevor Keels,2022-23,3,8.04,3.0,2.0,0.0,0.0,0.0,0.0,0.25,0.25,0.0
Sacramento Kings,SAC,Trey Lyles,2022-23,74,1247.235,562.0,300.0,66.0,27.0,31.0,64.0,0.458,0.363,0.815
New Orleans Pelicans,NOP,Trey Murphy III,2022-23,79,2448.005,1148.0,281.0,112.0,89.0,43.0,61.0,0.484,0.406,0.905
Los Angeles Lakers,LAL,Troy Brown Jr.,2022-23,76,1859.79,541.0,308.0,95.0,59.0,16.0,49.0,0.43,0.381,0.872
Golden State Warriors,GSW,Ty Jerome,2022-23,45,815.578333333333,309.0,78.0,135.0,23.0,5.0,30.0,0.488,0.389,0.927
Houston Rockets,HOU,TyTy Washington Jr.,2022-23,31,432.713333333333,145.0,45.0,47.0,15.0,2.0,14.0,0.363,0.238,0.556
Dallas Mavericks,DAL,Tyler Dorsey,2022-23,3,8.25,9.0,2.0,0.0,0.0,0.0,0.0,0.8,0.5,0.0
Miami Heat,MIA,Tyler Herro,2022-23,67,2335.39166666667,1347.0,360.0,280.0,51.0,16.0,158.0,0.439,0.378,0.934
Indiana Pacers,IND,Tyrese Haliburton,2022-23,56,1882.85333333333,1160.0,205.0,585.0,91.0,25.0,141.0,0.49,0.4,0.871
Atlanta Hawks,ATL,Tyrese Martin,2022-23,16,65.54,21.0,12.0,2.0,1.0,0.0,2.0,0.391,0.143,1.0
Philadelphia 76ers,PHI,Tyrese Maxey,2022-23,60,2015.77,1218.0,176.0,212.0,49.0,8.0,80.0,0.481,0.434,0.845
Memphis Grizzlies,MEM,Tyus Jones,2022-23,80,1939.42333333333,822.0,200.0,417.0,83.0,6.0,74.0,0.438,0.371,0.806
Utah Jazz,UTA,Udoka Azubuike,2022-23,36,358.535,125.0,119.0,11.0,6.0,15.0,18.0,0.819,0.0,0.35
Miami Heat,MIA,Udonis Haslem,2022-23,7,72.1183333333333,27.0,11.0,0.0,1.0,2.0,1.0,0.345,0.333,0.8
Houston Rockets,HOU,Usman Garuba,2022-23,75,970.18,225.0,307.0,64.0,44.0,29.0,47.0,0.486,0.407,0.617
Utah Jazz,UTA,Vernon Carey Jr.,2022-23,11,28.4833333333333,6.0,11.0,3.0,2.0,2.0,2.0,0.25,0.0,1.0
Miami Heat,MIA,Victor Oladipo,2022-23,42,1105.64,449.0,128.0,146.0,57.0,12.0,87.0,0.397,0.33,0.747
Memphis Grizzlies,MEM,Vince Williams Jr.,2022-23,15,104.59,30.0,15.0,4.0,6.0,2.0,5.0,0.3,0.143,1.0
Denver Nuggets,DEN,Vlatko Čančar,2022-23,60,889.023333333333,297.0,128.0,80.0,22.0,14.0,37.0,0.476,0.374,0.927
Atlanta Hawks,ATL,Vít Krejčí,2022-23,29,165.423333333333,36.0,26.0,17.0,5.0,1.0,5.0,0.405,0.238,0.5
Utah Jazz,UTA,Walker Kessler,2022-23,74,1703.20666666667,679.0,620.0,69.0,26.0,173.0,58.0,0.72,0.333,0.516
Orlando Magic,ORL,Wendell Carter Jr.,2022-23,57,1689.54,868.0,497.0,132.0,30.0,33.0,106.0,0.525,0.356,0.738
Minnesota Timberwolves,MIN,Wendell Moore Jr.,2022-23,29,152.658333333333,42.0,18.0,18.0,8.0,5.0,8.0,0.419,0.118,0.8
Los Angeles Lakers,LAL,Wenyen Gabriel,2022-23,68,1023.75,372.0,286.0,36.0,26.0,35.0,46.0,0.596,0.278,0.619
Milwaukee Bucks,MIL,Wesley Matthews,2022-23,52,820.425,179.0,113.0,34.0,20.0,13.0,18.0,0.363,0.315,0.857
Toronto Raptors,TOR,Will Barton,2022-23,56,992.96,379.0,137.0,112.0,28.0,13.0,48.0,0.379,0.367,0.787
New Orleans Pelicans,NOP,Willy Hernangomez,2022-23,38,457.661666666667,262.0,180.0,33.0,17.0,13.0,39.0,0.527,0.273,0.779
Washington Wizards,WAS,Xavier Cooks,2022-23,10,125.783333333333,38.0,38.0,6.0,6.0,4.0,8.0,0.607,0.0,0.4
Los Angeles Clippers,LAC,Xavier Moon,2022-23,4,19.5666666666667,7.0,3.0,5.0,0.0,0.0,1.0,0.333,0.333,0.0
Charlotte Hornets,CHA,Xavier Sneed,2022-23,4,48.2266666666667,17.0,5.0,5.0,0.0,1.0,3.0,0.5,0.5,1.0
Memphis Grizzlies,MEM,Xavier Tillman,2022-23,61,1180.10833333333,429.0,307.0,96.0,58.0,29.0,44.0,0.614,0.267,0.551
Brooklyn Nets,BKN,Yuta Watanabe,2022-23,58,927.786666666667,322.0,141.0,48.0,25.0,17.0,22.0,0.491,0.444,0.723
San Antonio Spurs,SAS,Zach Collins,2022-23,63,1440.59666666667,731.0,402.0,180.0,37.0,49.0,129.0,0.518,0.374,0.761
Chicago Bulls,CHI,Zach LaVine,2022-23,77,2767.95,1913.0,345.0,327.0,69.0,18.0,194.0,0.485,0.375,0.848
Denver Nuggets,DEN,Zeke Nnaji,2022-23,53,727.798333333333,277.0,138.0,18.0,17.0,23.0,31.0,0.561,0.262,0.645
Memphis Grizzlies,MEM,Ziaire Williams,2022-23,37,560.755,210.0,79.0,35.0,14.0,6.0,37.0,0.429,0.258,0.773
New Orleans Pelicans,NOP,Zion Williamson,2022-23,29,956.098333333333,754.0,202.0,133.0,32.0,16.0,99.0,0.608,0.368,0.714
Dallas Mavericks,DAL,A.J. Lawson,2023-24,42,310.9,136.0,50.0,20.0,10.0,3.0,14.0,0.446,0.26,0.652
Milwaukee Bucks,MIL,AJ Green,2023-24,56,614.281666666667,252.0,64.0,30.0,9.0,4.0,12.0,0.423,0.408,0.895
Atlanta Hawks,ATL,AJ Griffin,2023-24,20,170.73,48.0,18.0,5.0,1.0,2.0,8.0,0.29,0.256,1.0
Denver Nuggets,DEN,Aaron Gordon,2023-24,73,2296.81,1013.0,471.0,259.0,56.0,45.0,105.0,0.556,0.29,0.658
Houston Rockets,HOU,Aaron Holiday,2023-24,78,1269.29666666667,514.0,123.0,140.0,42.0,6.0,53.0,0.446,0.387,0.921
Indiana Pacers,IND,Aaron Nesmith,2023-24,72,1994.655,877.0,275.0,108.0,65.0,49.0,64.0,0.496,0.419,0.781
Oklahoma City Thunder,OKC,Aaron Wiggins,2023-24,78,1227.93833333333,542.0,186.0,86.0,56.0,19.0,56.0,0.562,0.492,0.789
Oklahoma City Thunder,OKC,Adam Flagler,2023-24,2,14.0166666666667,3.0,0.0,4.0,0.0,0.0,0.0,0.143,0.167,0.0
Chicago Bulls,CHI,Adama Sanogo,2023-24,9,65.7616666666667,36.0,36.0,0.0,1.0,0.0,5.0,0.519,0.0,0.667
Orlando Magic,ORL,Admiral Schofield,2023-24,23,84.3583333333333,26.0,17.0,7.0,1.0,0.0,5.0,0.385,0.375,0.0
Boston Celtics,BOS,Al Horford,2023-24,65,1739.79666666667,562.0,413.0,168.0,38.0,62.0,48.0,0.511,0.419,0.867
New York Knicks,NYK,Alec Burks,2023-24,66,1211.545,689.0,150.0,88.0,28.0,12.0,48.0,0.369,0.376,0.868
Charlotte Hornets,CHA,Aleksej Pokusevski,2023-24,28,405.383333333333,146.0,89.0,35.0,15.0,13.0,19.0,0.405,0.327,0.732
Chicago Bulls,CHI,Alex Caruso,2023-24,71,2040.34333333333,715.0,273.0,247.0,120.0,70.0,102.0,0.468,0.408,0.76
Dallas Mavericks,DAL,Alex Fudge,2023-24,6,40.2166666666667,15.0,5.0,0.0,3.0,0.0,2.0,0.4,0.2,1.0
Sacramento Kings,SAC,Alex Len,2023-24,48,444.245,120.0,128.0,50.0,11.0,33.0,27.0,0.617,0.0,0.588
Miami Heat,MIA,Alondes Williams,2023-24,7,15.595,5.0,1.0,0.0,0.0,1.0,2.0,0.25,0.0,1.0
Houston Rockets,HOU,Alperen Sengun,2023-24,63,2045.635,1331.0,589.0,312.0,76.0,46.0,162.0,0.537,0.297,0.693
Charlotte Hornets,CHA,Amari Bailey,2023-24,10,64.6333333333333,23.0,9.0,7.0,3.0,0.0,4.0,0.333,0.125,0.857
Houston Rockets,HOU,Amen Thompson,2023-24,62,1388.53166666667,592.0,409.0,163.0,78.0,38.0,90.0,0.536,0.138,0.684
Los Angeles Clippers,LAC,Amir Coffey,2023-24,70,1460.59666666667,463.0,148.0,76.0,41.0,14.0,33.0,0.472,0.38,0.859
Chicago Bulls,CHI,Andre Drummond,2023-24,79,1351.25166666667,663.0,708.0,37.0,73.0,48.0,81.0,0.556,0.0,0.592
Milwaukee Bucks,MIL,Andre Jackson Jr.,2023-24,57,572.328333333333,125.0,113.0,50.0,16.0,6.0,28.0,0.5,0.37,0.727
Chicago Bulls,CHI,Andrew Funk,2023-24,5,13.4,0.0,0.0,0.0,1.0,1.0,0.0,0.0,0.0,0.0
Indiana Pacers,IND,Andrew Nembhard,2023-24,68,1696.685,626.0,141.0,280.0,63.0,6.0,101.0,0.498,0.357,0.804
Golden State Warriors,GSW,Andrew Wiggins,2023-24,71,1920.44833333333,939.0,321.0,119.0,42.0,41.0,87.0,0.453,0.358,0.751
Portland Trail Blazers,POR,Anfernee Simons,2023-24,46,1581.74333333333,1039.0,167.0,255.0,23.0,5.0,126.0,0.43,0.385,0.916
Orlando Magic,ORL,Anthony Black,2023-24,69,1164.21,316.0,139.0,91.0,35.0,21.0,56.0,0.466,0.394,0.613
Los Angeles Lakers,LAL,Anthony Davis,2023-24,76,2700.24333333333,1876.0,961.0,266.0,91.0,178.0,159.0,0.556,0.271,0.816
Minnesota Timberwolves,MIN,Anthony Edwards,2023-24,79,2770.38333333333,2049.0,430.0,405.0,101.0,42.0,241.0,0.461,0.357,0.836
Washington Wizards,WAS,Anthony Gill,2023-24,50,466.496666666667,189.0,94.0,34.0,13.0,11.0,23.0,0.469,0.244,0.806
Brooklyn Nets,BKN,Armoni Brooks,2023-24,10,104.023333333333,42.0,18.0,5.0,1.0,1.0,3.0,0.326,0.344,0.5
Portland Trail Blazers,POR,Ashton Hagans,2023-24,19,315.571666666667,80.0,45.0,54.0,11.0,9.0,30.0,0.408,0.32,0.824
Detroit Pistons,DET,Ausar Thompson,2023-24,63,1582.805,556.0,402.0,120.0,68.0,59.0,84.0,0.483,0.186,0.597
Los Angeles Lakers,LAL,Austin Reaves,2023-24,82,2628.95,1300.0,352.0,450.0,66.0,25.0,174.0,0.486,0.367,0.853
Chicago Bulls,CHI,Ayo Dosunmu,2023-24,76,2212.46833333333,924.0,216.0,242.0,68.0,36.0,103.0,0.501,0.403,0.81
Miami Heat,MIA,Bam Adebayo,2023-24,71,2416.47333333333,1367.0,737.0,278.0,81.0,66.0,162.0,0.521,0.357,0.755
Indiana Pacers,IND,Ben Sheppard,2023-24,57,814.26,252.0,89.0,53.0,33.0,2.0,15.0,0.393,0.314,0.885
Brooklyn Nets,BKN,Ben Simmons,2023-24,15,358.916666666667,92.0,119.0,86.0,12.0,9.0,27.0,0.581,0.0,0.4
Indiana Pacers,IND,Bennedict Mathurin,2023-24,59,1538.39,856.0,234.0,119.0,35.0,14.0,97.0,0.446,0.374,0.821
Washington Wizards,WAS,Bilal Coulibaly,2023-24,63,1715.25,532.0,256.0,110.0,57.0,48.0,87.0,0.435,0.346,0.702
Oklahoma City Thunder,OKC,Bismack Biyombo,2023-24,40,791.461666666667,174.0,209.0,53.0,11.0,37.0,42.0,0.565,0.0,0.481
San Antonio Spurs,SAS,Blake Wesley,2023-24,61,875.925,268.0,94.0,166.0,29.0,9.0,55.0,0.474,0.218,0.667
Houston Rockets,HOU,Boban Marjanovic,2023-24,14,70.91,45.0,32.0,6.0,1.0,2.0,5.0,0.529,0.0,0.643
Milwaukee Bucks,MIL,Bobby Portis Jr.,2023-24,82,2008.16666666667,1130.0,607.0,104.0,68.0,34.0,91.0,0.508,0.407,0.79
Atlanta Hawks,ATL,Bogdan Bogdanović,2023-24,79,2401.40833333333,1333.0,272.0,247.0,96.0,26.0,112.0,0.428,0.374,0.921
New York Knicks,NYK,Bojan Bogdanovic,2023-24,57,1478.00333333333,868.0,152.0,97.0,30.0,5.0,101.0,0.454,0.398,0.785
Phoenix Suns,PHX,Bol Bol,2023-24,43,469.028333333333,223.0,137.0,17.0,10.0,25.0,19.0,0.616,0.423,0.789
Los Angeles Clippers,LAC,Bones Hyland,2023-24,37,540.21,256.0,55.0,93.0,26.0,4.0,44.0,0.386,0.326,0.783
Phoenix Suns,PHX,Bradley Beal,2023-24,53,1766.73333333333,964.0,232.0,265.0,52.0,27.0,131.0,0.513,0.43,0.813
Golden State Warriors,GSW,Brandin Podziemski,2023-24,74,1968.25333333333,682.0,427.0,273.0,61.0,14.0,88.0,0.454,0.385,0.633
Los Angeles Clippers,LAC,Brandon Boston,2023-24,32,345.171666666667,167.0,52.0,13.0,11.0,8.0,24.0,0.404,0.269,0.697
Memphis Grizzlies,MEM,Brandon Clarke,2023-24,6,134.318333333333,68.0,32.0,9.0,5.0,6.0,3.0,0.559,0.167,0.143
New Orleans Pelicans,NOP,Brandon Ingram,2023-24,64,2102.68,1332.0,324.0,363.0,50.0,40.0,163.0,0.492,0.355,0.801
Charlotte Hornets,CHA,Brandon Miller,2023-24,74,2382.96333333333,1279.0,315.0,175.0,66.0,42.0,132.0,0.44,0.373,0.827
Dallas Mavericks,DAL,Brandon Williams,2023-24,17,112.87,54.0,13.0,17.0,1.0,1.0,7.0,0.37,0.2,0.647
Denver Nuggets,DEN,Braxton Key,2023-24,20,59.9833333333333,22.0,18.0,9.0,2.0,1.0,1.0,0.412,0.4,0.75
Utah Jazz,UTA,Brice Sensabaugh,2023-24,32,584.363333333333,241.0,102.0,55.0,13.0,6.0,47.0,0.39,0.296,0.902
Milwaukee Bucks,MIL,Brook Lopez,2023-24,79,2411.15166666667,990.0,409.0,127.0,43.0,189.0,79.0,0.485,0.366,0.821
Toronto Raptors,TOR,Bruce Brown,2023-24,67,1865.36666666667,726.0,284.0,192.0,59.0,17.0,86.0,0.478,0.323,0.824
Atlanta Hawks,ATL,Bruno Fernando,2023-24,45,682.303333333333,282.0,193.0,46.0,25.0,28.0,44.0,0.583,0.0,0.667
Charlotte Hornets,CHA,Bryce McGowens,2023-24,59,881.595,302.0,102.0,51.0,21.0,10.0,30.0,0.439,0.333,0.776
Detroit Pistons,DET,Buddy Boeheim,2023-24,10,84.0016666666667,34.0,10.0,3.0,0.0,1.0,0.0,0.31,0.32,0.8
Philadelphia 76ers,PHI,Buddy Hield,2023-24,84,2159.88833333333,1013.0,269.0,236.0,70.0,42.0,103.0,0.436,0.386,0.881
New Orleans Pelicans,NOP,CJ McCollum,2023-24,66,2158.53666666667,1322.0,286.0,305.0,62.0,41.0,110.0,0.459,0.429,0.827
Detroit Pistons,DET,Cade Cunningham,2023-24,62,2074.225,1405.0,268.0,464.0,56.0,22.0,212.0,0.449,0.355,0.869
Orlando Magic,ORL,Caleb Houstan,2023-24,59,815.335,253.0,84.0,29.0,15.0,4.0,16.0,0.388,0.373,0.808
Miami Heat,MIA,Caleb Martin,2023-24,64,1756.55333333333,640.0,281.0,143.0,47.0,29.0,77.0,0.431,0.349,0.778
Los Angeles Lakers,LAL,Cam Reddish,2023-24,48,984.061666666667,260.0,99.0,48.0,47.0,14.0,31.0,0.389,0.336,0.759
Brooklyn Nets,BKN,Cam Thomas,2023-24,66,2074.85,1482.0,214.0,192.0,45.0,16.0,124.0,0.442,0.364,0.856
Houston Rockets,HOU,Cam Whitmore,2023-24,47,880.333333333333,579.0,180.0,33.0,30.0,17.0,46.0,0.454,0.359,0.679
Brooklyn Nets,BKN,Cameron Johnson,2023-24,58,1599.03833333333,776.0,251.0,138.0,49.0,15.0,57.0,0.446,0.391,0.789
Philadelphia 76ers,PHI,Cameron Payne,2023-24,78,1304.07666666667,578.0,117.0,205.0,42.0,11.0,66.0,0.432,0.39,0.866
Cleveland Cavaliers,CLE,Caris LeVert,2023-24,68,1958.08333333333,952.0,280.0,346.0,76.0,34.0,117.0,0.421,0.325,0.766
Oklahoma City Thunder,OKC,Cason Wallace,2023-24,82,1691.92166666667,561.0,187.0,120.0,76.0,37.0,45.0,0.491,0.419,0.784
San Antonio Spurs,SAS,Cedi Osman,2023-24,72,1268.75166666667,489.0,180.0,119.0,36.0,11.0,47.0,0.479,0.389,0.673
San Antonio Spurs,SAS,Charles Bassey,2023-24,19,205.275,63.0,76.0,21.0,8.0,17.0,15.0,0.725,0.0,0.833
New York Knicks,NYK,Charlie Brown Jr.,2023-24,8,37.2833333333333,6.0,2.0,0.0,0.0,2.0,2.0,0.2,0.286,0.0
Oklahoma City Thunder,OKC,Chet Holmgren,2023-24,82,2412.79666666667,1357.0,648.0,200.0,53.0,190.0,131.0,0.53,0.37,0.793
Detroit Pistons,DET,Chimezie Metu,2023-24,51,858.906666666667,332.0,194.0,46.0,43.0,16.0,52.0,0.504,0.298,0.906
Toronto Raptors,TOR,Chris Boucher,2023-24,50,704.883333333333,322.0,207.0,23.0,14.0,24.0,28.0,0.507,0.33,0.772
Sacramento Kings,SAC,Chris Duarte,2023-24,59,719.518333333333,230.0,106.0,44.0,28.0,8.0,26.0,0.381,0.346,0.788
Milwaukee Bucks,MIL,Chris Livingston,2023-24,21,90.5333333333333,26.0,21.0,5.0,2.0,0.0,5.0,0.5,0.2,0.75
Golden State Warriors,GSW,Chris Paul,2023-24,58,1530.89,533.0,225.0,393.0,70.0,6.0,76.0,0.441,0.371,0.827
Denver Nuggets,DEN,Christian Braun,2023-24,82,1655.565,600.0,306.0,132.0,42.0,35.0,55.0,0.46,0.384,0.694
Los Angeles Lakers,LAL,Christian Wood,2023-24,50,871.943333333333,347.0,254.0,49.0,16.0,33.0,50.0,0.466,0.307,0.702
Orlando Magic,ORL,Chuma Okeke,2023-24,47,431.73,107.0,80.0,20.0,9.0,7.0,16.0,0.357,0.28,0.571
Atlanta Hawks,ATL,Clint Capela,2023-24,73,1883.08666666667,836.0,776.0,91.0,43.0,106.0,74.0,0.571,0.0,0.631
Chicago Bulls,CHI,Coby White,2023-24,79,2881.35666666667,1509.0,358.0,405.0,53.0,18.0,166.0,0.447,0.376,0.838
Charlotte Hornets,CHA,Cody Martin,2023-24,28,752.991666666667,211.0,109.0,104.0,32.0,18.0,44.0,0.381,0.314,0.606
New Orleans Pelicans,NOP,Cody Zeller,2023-24,43,319.706666666667,76.0,112.0,39.0,9.0,5.0,16.0,0.419,0.333,0.605
Sacramento Kings,SAC,Colby Jones,2023-24,30,191.736666666667,64.0,40.0,20.0,7.0,5.0,10.0,0.394,0.091,0.545
Orlando Magic,ORL,Cole Anthony,2023-24,81,1817.31166666667,937.0,311.0,236.0,64.0,37.0,126.0,0.435,0.338,0.826
Miami Heat,MIA,Cole Swider,2023-24,18,86.7983333333333,42.0,7.0,5.0,1.0,1.0,8.0,0.395,0.333,1.0
Los Angeles Lakers,LAL,Colin Castleton,2023-24,16,59.08,24.0,12.0,3.0,2.0,0.0,3.0,0.563,0.0,1.0
Denver Nuggets,DEN,Collin Gillespie,2023-24,24,225.365,87.0,21.0,27.0,13.0,0.0,14.0,0.464,0.395,0.667
Utah Jazz,UTA,Collin Sexton,2023-24,78,2074.76333333333,1458.0,205.0,383.0,62.0,18.0,165.0,0.487,0.394,0.859
Washington Wizards,WAS,Corey Kispert,2023-24,80,2067.435,1070.0,225.0,157.0,42.0,16.0,98.0,0.486,0.383,0.726
Golden State Warriors,GSW,Cory Joseph,2023-24,26,295.893333333333,63.0,30.0,42.0,4.0,3.0,12.0,0.359,0.31,0.571
Cleveland Cavaliers,CLE,Craig Porter Jr.,2023-24,51,649.355,285.0,109.0,118.0,21.0,15.0,45.0,0.509,0.353,0.732
Los Angeles Lakers,LAL,D'Angelo Russell,2023-24,76,2484.12833333333,1369.0,236.0,482.0,69.0,36.0,156.0,0.456,0.415,0.828
Los Angeles Lakers,LAL,D'Moi Hodge,2023-24,7,41.2433333333333,14.0,0.0,5.0,1.0,1.0,1.0,0.333,0.25,0.5
Toronto Raptors,TOR,D.J. Carton,2023-24,4,35.5333333333333,11.0,4.0,3.0,1.0,0.0,1.0,0.375,0.25,0.8
Orlando Magic,ORL,D.J. Wilson,2023-24,2,15.4666666666667,10.0,2.0,2.0,0.0,2.0,0.0,0.667,1.0,0.0
New York Knicks,NYK,DaQuan Jeffries,2023-24,17,45.975,14.0,5.0,5.0,0.0,1.0,3.0,0.353,0.2,0.0
Minnesota Timberwolves,MIN,Daishen Nix,2023-24,15,49.7833333333333,27.0,3.0,6.0,5.0,0.0,5.0,0.375,0.353,0.5
Portland Trail Blazers,POR,Dalano Banton,2023-24,54,1046.84666666667,557.0,178.0,127.0,33.0,20.0,77.0,0.404,0.296,0.783
Chicago Bulls,CHI,Dalen Terry,2023-24,59,680.71,180.0,113.0,81.0,27.0,18.0,32.0,0.439,0.23,0.581
Cleveland Cavaliers,CLE,Damian Jones,2023-24,39,269.731666666667,107.0,62.0,15.0,7.0,13.0,13.0,0.597,0.214,0.857
Milwaukee Bucks,MIL,Damian Lillard,2023-24,73,2578.42833333333,1775.0,320.0,508.0,72.0,18.0,193.0,0.424,0.354,0.92
Dallas Mavericks,DAL,Daniel Gafford,2023-24,74,1814.355,814.0,562.0,115.0,65.0,153.0,74.0,0.725,0.0,0.674
Los Angeles Clippers,LAC,Daniel Theis,2023-24,60,1014.84,376.0,244.0,61.0,21.0,51.0,42.0,0.532,0.366,0.76
Milwaukee Bucks,MIL,Danilo Gallinari,2023-24,49,629.29,280.0,108.0,55.0,14.0,6.0,23.0,0.437,0.323,0.857
Philadelphia 76ers,PHI,Danny Green,2023-24,2,18.45,0.0,2.0,1.0,1.0,0.0,0.0,0.0,0.0,0.0
Dallas Mavericks,DAL,Dante Exum,2023-24,55,1087.62166666667,428.0,149.0,157.0,22.0,5.0,49.0,0.533,0.491,0.779
Philadelphia 76ers,PHI,Danuel House Jr.,2023-24,34,509.055,144.0,58.0,28.0,15.0,5.0,19.0,0.448,0.3,0.761
Golden State Warriors,GSW,Dario Saric,2023-24,64,1097.75166666667,515.0,283.0,144.0,31.0,10.0,78.0,0.466,0.376,0.849
Brooklyn Nets,BKN,Dariq Whitehead,2023-24,2,23.9833333333333,3.0,4.0,3.0,0.0,1.0,0.0,0.2,0.0,0.5
Utah Jazz,UTA,Darius Bazley,2023-24,9,151.825,48.0,28.0,7.0,6.0,7.0,8.0,0.6,0.25,0.833
Cleveland Cavaliers,CLE,Darius Garland,2023-24,57,1900.43833333333,1028.0,152.0,373.0,74.0,7.0,176.0,0.446,0.371,0.834
San Antonio Spurs,SAS,David Duke Jr.,2023-24,4,51.35,26.0,10.0,5.0,2.0,0.0,3.0,0.556,0.5,1.0
Phoenix Suns,PHX,David Roddy,2023-24,65,1176.98166666667,425.0,211.0,80.0,27.0,11.0,57.0,0.403,0.293,0.691
Sacramento Kings,SAC,Davion Mitchell,2023-24,72,1101.1,379.0,95.0,134.0,17.0,3.0,43.0,0.452,0.361,0.714
Charlotte Hornets,CHA,Davis Bertans,2023-24,43,674.071666666667,290.0,61.0,35.0,26.0,12.0,18.0,0.393,0.38,0.909
Brooklyn Nets,BKN,Day'Ron Sharpe,2023-24,61,920.575,415.0,389.0,85.0,24.0,44.0,70.0,0.571,0.267,0.61
Sacramento Kings,SAC,De'Aaron Fox,2023-24,74,2658.76333333333,1966.0,340.0,418.0,150.0,31.0,194.0,0.465,0.369,0.738
Atlanta Hawks,ATL,De'Andre Hunter,2023-24,57,1681.09333333333,891.0,222.0,87.0,40.0,16.0,83.0,0.459,0.385,0.847
Philadelphia 76ers,PHI,De'Anthony Melton,2023-24,38,1023.33166666667,421.0,141.0,114.0,60.0,16.0,39.0,0.386,0.36,0.835
Denver Nuggets,DEN,DeAndre Jordan,2023-24,36,395.716666666667,142.0,157.0,26.0,6.0,16.0,23.0,0.624,0.0,0.491
Memphis Grizzlies,MEM,DeJon Jarreau,2023-24,9,149.546666666667,43.0,44.0,26.0,6.0,2.0,9.0,0.34,0.308,0.455
Chicago Bulls,CHI,DeMar DeRozan,2023-24,79,2988.56833333333,1897.0,340.0,421.0,90.0,45.0,135.0,0.48,0.333,0.853
Cleveland Cavaliers,CLE,Dean Wade,2023-24,54,1108.08,291.0,218.0,43.0,40.0,25.0,20.0,0.414,0.391,0.769
Portland Trail Blazers,POR,Deandre Ayton,2023-24,55,1783.49833333333,920.0,609.0,90.0,56.0,42.0,99.0,0.57,0.1,0.823
Atlanta Hawks,ATL,Dejounte Murray,2023-24,78,2783.34333333333,1753.0,416.0,502.0,111.0,24.0,201.0,0.459,0.363,0.794
Miami Heat,MIA,Delon Wright,2023-24,47,741.566666666667,210.0,86.0,119.0,54.0,11.0,14.0,0.394,0.368,0.822
Washington Wizards,WAS,Deni Avdija,2023-24,75,2256.64333333333,1102.0,540.0,286.0,59.0,36.0,160.0,0.506,0.374,0.74
Brooklyn Nets,BKN,Dennis Schröder,2023-24,80,2485.945,1122.0,242.0,488.0,63.0,17.0,153.0,0.435,0.375,0.836
Brooklyn Nets,BKN,Dennis Smith Jr.,2023-24,56,1058.65833333333,369.0,164.0,203.0,68.0,12.0,68.0,0.435,0.294,0.741
Dallas Mavericks,DAL,Dereck Lively II,2023-24,55,1294.28166666667,483.0,378.0,60.0,36.0,77.0,50.0,0.747,0.0,0.506
New Orleans Pelicans,NOP,Dereon Seabron,2023-24,6,55.0833333333333,14.0,7.0,5.0,2.0,1.0,0.0,0.308,0.5,0.833
Dallas Mavericks,DAL,Derrick Jones Jr.,2023-24,76,1782.85666666667,657.0,250.0,75.0,53.0,51.0,65.0,0.483,0.343,0.713
Memphis Grizzlies,MEM,Derrick Rose,2023-24,24,399.336666666667,191.0,45.0,78.0,8.0,2.0,31.0,0.461,0.366,0.889
Boston Celtics,BOS,Derrick White,2023-24,73,2380.985,1107.0,310.0,377.0,74.0,87.0,112.0,0.461,0.396,0.901
Memphis Grizzlies,MEM,Desmond Bane,2023-24,42,1442.84833333333,997.0,185.0,230.0,43.0,22.0,112.0,0.464,0.381,0.87
Phoenix Suns,PHX,Devin Booker,2023-24,68,2446.65666666667,1841.0,308.0,472.0,61.0,28.0,178.0,0.492,0.364,0.886
San Antonio Spurs,SAS,Devin Vassell,2023-24,68,2247.74333333333,1323.0,261.0,277.0,73.0,23.0,108.0,0.472,0.372,0.801
San Antonio Spurs,SAS,Devonte' Graham,2023-24,23,312.923333333333,114.0,36.0,49.0,9.0,2.0,17.0,0.352,0.301,0.813
Dallas Mavericks,DAL,Dexter Dennis,2023-24,4,29.8666666666667,22.0,9.0,4.0,0.0,1.0,3.0,0.526,0.125,0.333
Houston Rockets,HOU,Dillon Brooks,2023-24,72,2226.73833333333,915.0,246.0,119.0,64.0,10.0,88.0,0.428,0.359,0.844
New York Knicks,NYK,Dmytro Skapintsev,2023-24,2,2.13333333333333,0.0,0.0,0.0,0.0,0.0,0.0,0.0,0.0,0.0
Sacramento Kings,SAC,Domantas Sabonis,2023-24,82,2928.02166666667,1593.0,1120.0,673.0,74.0,48.0,272.0,0.594,0.379,0.704
San Antonio Spurs,SAS,Dominick Barlow,2023-24,33,419.54,144.0,113.0,36.0,12.0,14.0,9.0,0.496,0.333,0.69
Cleveland Cavaliers,CLE,Donovan Mitchell,2023-24,55,1942.65,1463.0,280.0,333.0,101.0,30.0,154.0,0.462,0.368,0.865
New York Knicks,NYK,Donte DiVincenzo,2023-24,81,2360.39333333333,1259.0,297.0,216.0,107.0,36.0,113.0,0.443,0.401,0.754
Brooklyn Nets,BKN,Dorian Finney-Smith,2023-24,68,1934.59333333333,580.0,317.0,107.0,56.0,38.0,59.0,0.421,0.348,0.717
Indiana Pacers,IND,Doug McDermott,2023-24,64,904.478333333333,351.0,59.0,70.0,16.0,2.0,28.0,0.433,0.41,0.579
Golden State Warriors,GSW,Draymond Green,2023-24,55,1490.18333333333,475.0,398.0,332.0,55.0,47.0,135.0,0.497,0.395,0.73
Phoenix Suns,PHX,Drew Eubanks,2023-24,75,1168.705,379.0,322.0,63.0,27.0,61.0,61.0,0.601,1.0,0.774
Boston Celtics,BOS,Drew Peterson,2023-24,3,22.6833333333333,11.0,1.0,1.0,2.0,0.0,1.0,0.667,0.6,0.0
Miami Heat,MIA,Dru Smith,2023-24,9,130.895,39.0,14.0,14.0,9.0,3.0,5.0,0.455,0.412,1.0
Miami Heat,MIA,Duncan Robinson,2023-24,68,1905.44833333333,875.0,173.0,192.0,46.0,16.0,95.0,0.45,0.395,0.889
Portland Trail Blazers,POR,Duop Reath,2023-24,68,1214.115,617.0,250.0,67.0,33.0,38.0,52.0,0.461,0.359,0.742
Dallas Mavericks,DAL,Dwight Powell,2023-24,63,836.303333333333,208.0,214.0,84.0,26.0,20.0,32.0,0.679,0.333,0.708
Atlanta Hawks,ATL,Dylan Windler,2023-24,17,108.41,43.0,16.0,10.0,2.0,0.0,2.0,0.5,0.481,0.0
New Orleans Pelicans,NOP,Dyson Daniels,2023-24,61,1358.525,354.0,236.0,164.0,85.0,25.0,59.0,0.447,0.311,0.642
New Orleans Pelicans,NOP,E.J. Liddell,2023-24,8,23.0833333333333,4.0,5.0,1.0,2.0,2.0,2.0,0.167,0.0,1.0
Cleveland Cavaliers,CLE,Emoni Bates,2023-24,15,132.815,41.0,14.0,10.0,1.0,2.0,8.0,0.306,0.303,0.25
Phoenix Suns,PHX,Eric Gordon,2023-24,68,1892.63,749.0,122.0,139.0,66.0,30.0,73.0,0.443,0.378,0.797
Washington Wizards,WAS,Eugene Omoruyi,2023-24,43,393.306666666667,207.0,85.0,35.0,27.0,5.0,21.0,0.485,0.283,0.653
Detroit Pistons,DET,Evan Fournier,2023-24,32,579.673333333333,220.0,58.0,48.0,29.0,7.0,21.0,0.357,0.254,0.806
Cleveland Cavaliers,CLE,Evan Mobley,2023-24,50,1532.35,785.0,468.0,160.0,45.0,72.0,90.0,0.58,0.373,0.719
Philadelphia 76ers,PHI,Filip Petrusev,2023-24,3,9.31,3.0,1.0,0.0,0.0,0.0,0.0,0.5,0.0,0.5
Charlotte Hornets,CHA,Frank Ntilikina,2023-24,5,42.9,5.0,6.0,4.0,0.0,0.0,1.0,0.111,0.125,1.0
Orlando Magic,ORL,Franz Wagner,2023-24,72,2337.41666666667,1421.0,381.0,269.0,76.0,28.0,137.0,0.482,0.281,0.85
Houston Rockets,HOU,Fred VanVleet,2023-24,73,2684.42666666667,1270.0,278.0,589.0,101.0,59.0,126.0,0.416,0.387,0.86
Philadelphia 76ers,PHI,Furkan Korkmaz,2023-24,35,299.926666666667,88.0,30.0,25.0,14.0,3.0,10.0,0.395,0.35,0.7
Memphis Grizzlies,MEM,GG Jackson,2023-24,48,1233.165,699.0,196.0,59.0,28.0,24.0,65.0,0.428,0.357,0.752
Los Angeles Lakers,LAL,Gabe Vincent,2023-24,11,217.635,34.0,9.0,21.0,9.0,0.0,5.0,0.306,0.107,0.5
Toronto Raptors,TOR,Garrett Temple,2023-24,27,288.753333333333,88.0,45.0,28.0,12.0,3.0,14.0,0.372,0.3,0.818
Atlanta Hawks,ATL,Garrison Mathews,2023-24,66,992.121666666667,325.0,92.0,37.0,20.0,8.0,19.0,0.456,0.44,0.81
Orlando Magic,ORL,Gary Harris,2023-24,54,1297.34666666667,372.0,91.0,87.0,49.0,14.0,31.0,0.441,0.371,0.756
Golden State Warriors,GSW,Gary Payton II,2023-24,44,679.9,240.0,113.0,48.0,39.0,18.0,27.0,0.563,0.364,0.609
Toronto Raptors,TOR,Gary Trent Jr.,2023-24,71,1993.59833333333,974.0,188.0,119.0,77.0,10.0,47.0,0.426,0.393,0.771
Cleveland Cavaliers,CLE,Georges Niang,2023-24,82,1831.125,768.0,278.0,98.0,30.0,18.0,72.0,0.449,0.376,0.85
Milwaukee Bucks,MIL,Giannis Antetokounmpo,2023-24,73,2567.24333333333,2222.0,841.0,476.0,87.0,79.0,250.0,0.611,0.274,0.657
Orlando Magic,ORL,Goga Bitadze,2023-24,62,957.086666666667,311.0,286.0,79.0,32.0,72.0,44.0,0.603,0.143,0.655
Oklahoma City Thunder,OKC,Gordon Hayward,2023-24,51,1245.25,500.0,181.0,158.0,40.0,13.0,66.0,0.464,0.411,0.742
Toronto Raptors,TOR,Gradey Dick,2023-24,60,1267.66833333333,510.0,132.0,68.0,34.0,2.0,50.0,0.425,0.365,0.863
Charlotte Hornets,CHA,Grant Williams,2023-24,76,2129.56,784.0,318.0,174.0,44.0,39.0,109.0,0.456,0.375,0.757
Phoenix Suns,PHX,Grayson Allen,2023-24,75,2513.3,1014.0,295.0,227.0,69.0,45.0,95.0,0.499,0.461,0.878
Dallas Mavericks,DAL,Greg Brown III,2023-24,6,39.7433333333333,15.0,9.0,4.0,0.0,4.0,4.0,0.455,0.333,0.444
Golden State Warriors,GSW,Gui Santos,2023-24,23,192.09,82.0,49.0,14.0,4.0,2.0,7.0,0.509,0.37,0.941
Washington Wizards,WAS,Hamidou Diallo,2023-24,2,4.75,2.0,2.0,1.0,2.0,0.0,1.0,0.5,0.0,0.0
Sacramento Kings,SAC,Harrison Barnes,2023-24,82,2380.87,1000.0,249.0,99.0,54.0,12.0,58.0,0.474,0.387,0.801
Los Angeles Lakers,LAL,Harry Giles III,2023-24,23,99.92,56.0,30.0,6.0,2.0,3.0,6.0,0.46,0.214,0.538
Miami Heat,MIA,Haywood Highsmith,2023-24,66,1365.835,405.0,210.0,70.0,53.0,30.0,34.0,0.465,0.396,0.639
Chicago Bulls,CHI,Henri Drell,2023-24,4,29.9166666666667,11.0,4.0,4.0,2.0,1.0,2.0,0.4,0.333,0.5
New Orleans Pelicans,NOP,Herbert Jones,2023-24,76,2321.42833333333,837.0,272.0,199.0,105.0,62.0,93.0,0.498,0.418,0.867
Denver Nuggets,DEN,Hunter Tyson,2023-24,18,47.9766666666667,20.0,9.0,2.0,1.0,0.0,2.0,0.4,0.286,0.0
Portland Trail Blazers,POR,Ibou Badji,2023-24,22,225.818333333333,34.0,51.0,13.0,3.0,20.0,15.0,0.636,0.0,0.5
Toronto Raptors,TOR,Immanuel Quickley,2023-24,68,1985.33666666667,1156.0,259.0,331.0,50.0,10.0,101.0,0.434,0.395,0.853
Cleveland Cavaliers,CLE,Isaac Okoro,2023-24,69,1887.05666666667,647.0,206.0,132.0,57.0,34.0,54.0,0.49,0.391,0.679
New York Knicks,NYK,Isaiah Hartenstein,2023-24,75,1896.34833333333,582.0,626.0,188.0,87.0,85.0,93.0,0.644,0.333,0.707
Indiana Pacers,IND,Isaiah Jackson,2023-24,60,770.905,383.0,238.0,50.0,34.0,61.0,39.0,0.665,0.0,0.716
Oklahoma City Thunder,OKC,Isaiah Joe,2023-24,78,1444.86666666667,636.0,180.0,99.0,46.0,22.0,47.0,0.458,0.416,0.865
Detroit Pistons,DET,Isaiah Livers,2023-24,23,469.396666666667,114.0,48.0,25.0,13.0,5.0,16.0,0.345,0.286,0.667
Cleveland Cavaliers,CLE,Isaiah Mobley,2023-24,10,71.9216666666667,23.0,10.0,6.0,2.0,0.0,2.0,0.417,0.3,0.0
Detroit Pistons,DET,Isaiah Stewart,2023-24,46,1422.81666666667,503.0,305.0,73.0,17.0,38.0,66.0,0.487,0.383,0.753
Phoenix Suns,PHX,Isaiah Thomas,2023-24,6,19.3833333333333,8.0,0.0,3.0,0.0,0.0,0.0,0.3,0.5,0.0
Indiana Pacers,IND,Isaiah Wong,2023-24,1,4.28333333333333,2.0,0.0,0.0,0.0,0.0,0.0,0.333,0.0,0.0
Charlotte Hornets,CHA,Ish Smith,2023-24,43,740.846666666667,139.0,76.0,145.0,17.0,4.0,47.0,0.418,0.5,0.75
Phoenix Suns,PHX,Ish Wainright,2023-24,11,62.39,23.0,14.0,1.0,4.0,1.0,2.0,0.292,0.35,1.0
Los Angeles Clippers,LAC,Ivica Zubac,2023-24,68,1794.44833333333,794.0,626.0,93.0,22.0,83.0,79.0,0.649,0.0,0.723
New Orleans Pelicans,NOP,Izaiah Brockington,2023-24,1,3.38333333333333,4.0,2.0,0.0,0.0,0.0,0.0,0.4,0.0,0.0
Boston Celtics,BOS,JD Davison,2023-24,8,39.01,16.0,10.0,10.0,1.0,1.0,2.0,0.417,0.429,0.75
Charlotte Hornets,CHA,JT Thor,2023-24,63,780.626666666667,199.0,146.0,29.0,11.0,27.0,15.0,0.437,0.346,0.55
Memphis Grizzlies,MEM,Ja Morant,2023-24,9,317.925,226.0,50.0,73.0,7.0,5.0,27.0,0.471,0.275,0.813
Sacramento Kings,SAC,JaVale McGee,2023-24,46,339.361666666667,185.0,126.0,17.0,14.0,20.0,34.0,0.598,0.143,0.578
Houston Rockets,HOU,Jabari Smith Jr.,2023-24,76,2423.845,1044.0,616.0,121.0,52.0,61.0,89.0,0.454,0.363,0.811
Portland Trail Blazers,POR,Jabari Walker,2023-24,72,1700.57333333333,638.0,508.0,71.0,42.0,22.0,66.0,0.46,0.295,0.754
Oklahoma City Thunder,OKC,Jack White,2023-24,4,63.6483333333333,6.0,12.0,1.0,4.0,1.0,2.0,0.125,0.2,0.0
Brooklyn Nets,BKN,Jacob Gilyard,2023-24,41,698.405,173.0,46.0,137.0,33.0,5.0,30.0,0.4,0.405,1.0
New York Knicks,NYK,Jacob Toppin,2023-24,9,38.1516666666667,13.0,7.0,3.0,0.0,1.0,1.0,0.556,0.25,1.0
Dallas Mavericks,DAL,Jaden Hardy,2023-24,73,989.213333333333,530.0,131.0,109.0,22.0,4.0,62.0,0.407,0.362,0.776
Detroit Pistons,DET,Jaden Ivey,2023-24,77,2217.47666666667,1185.0,264.0,296.0,57.0,41.0,190.0,0.429,0.336,0.749
Minnesota Timberwolves,MIN,Jaden McDaniels,2023-24,72,2105.45333333333,757.0,224.0,101.0,63.0,42.0,87.0,0.489,0.337,0.722
Boston Celtics,BOS,Jaden Springer,2023-24,49,506.995,163.0,78.0,44.0,36.0,15.0,34.0,0.399,0.208,0.833
Milwaukee Bucks,MIL,Jae Crowder,2023-24,50,1155.69833333333,312.0,161.0,66.0,38.0,9.0,23.0,0.422,0.349,0.722
Houston Rockets,HOU,Jae'Sean Tate,2023-24,65,1031.45666666667,265.0,197.0,64.0,42.0,15.0,37.0,0.472,0.299,0.667
Toronto Raptors,TOR,Jahmi'us Ramsey,2023-24,7,121.085,47.0,22.0,8.0,7.0,0.0,7.0,0.439,0.273,0.833
Miami Heat,MIA,Jaime Jaquez Jr.,2023-24,75,2113.195,889.0,285.0,195.0,77.0,20.0,110.0,0.489,0.322,0.811
Memphis Grizzlies,MEM,Jake LaRavia,2023-24,35,805.55,379.0,128.0,58.0,29.0,12.0,45.0,0.389,0.34,0.826
Toronto Raptors,TOR,Jakob Poeltl,2023-24,50,1319.10833333333,555.0,429.0,127.0,35.0,76.0,77.0,0.656,0.0,0.551
New York Knicks,NYK,Jalen Brunson,2023-24,77,2726.30333333333,2212.0,278.0,519.0,70.0,13.0,186.0,0.479,0.401,0.847
New Orleans Pelicans,NOP,Jalen Crutcher,2023-24,1,2.65,0.0,0.0,0.0,0.0,0.0,0.0,0.0,0.0,0.0
Detroit Pistons,DET,Jalen Duren,2023-24,61,1777.48166666667,841.0,709.0,147.0,33.0,47.0,129.0,0.619,0.0,0.79
Houston Rockets,HOU,Jalen Green,2023-24,82,2601.38166666667,1610.0,423.0,291.0,66.0,28.0,191.0,0.423,0.332,0.804
Los Angeles Lakers,LAL,Jalen Hood-Schifino,2023-24,21,108.983333333333,34.0,13.0,8.0,3.0,2.0,9.0,0.222,0.133,0.6
Atlanta Hawks,ATL,Jalen Johnson,2023-24,56,1888.86666666667,896.0,488.0,203.0,67.0,47.0,101.0,0.511,0.355,0.728
Toronto Raptors,TOR,Jalen McDaniels,2023-24,50,538.006666666667,169.0,79.0,37.0,19.0,6.0,30.0,0.344,0.169,0.73
Denver Nuggets,DEN,Jalen Pickett,2023-24,27,121.788333333333,42.0,14.0,21.0,4.0,0.0,9.0,0.429,0.36,0.75
Sacramento Kings,SAC,Jalen Slawson,2023-24,12,36.975,8.0,7.0,2.0,1.0,1.0,2.0,0.667,0.0,0.0
Indiana Pacers,IND,Jalen Smith,2023-24,61,1046.625,601.0,337.0,63.0,17.0,38.0,44.0,0.592,0.424,0.692
Orlando Magic,ORL,Jalen Suggs,2023-24,75,2024.59,943.0,229.0,205.0,106.0,47.0,132.0,0.471,0.397,0.756
Oklahoma City Thunder,OKC,Jalen Williams,2023-24,71,2223.59833333333,1355.0,282.0,322.0,80.0,45.0,123.0,0.54,0.427,0.814
Brooklyn Nets,BKN,Jalen Wilson,2023-24,43,664.536666666667,214.0,131.0,45.0,11.0,4.0,19.0,0.425,0.324,0.826
Miami Heat,MIA,Jamal Cain,2023-24,26,259.091666666667,97.0,37.0,10.0,10.0,5.0,8.0,0.43,0.355,0.783
Denver Nuggets,DEN,Jamal Murray,2023-24,59,1861.37,1250.0,242.0,384.0,57.0,39.0,125.0,0.481,0.425,0.853
San Antonio Spurs,SAS,Jamaree Bouyea,2023-24,9,94.9,21.0,19.0,11.0,1.0,0.0,9.0,0.357,0.111,0.0
Charlotte Hornets,CHA,James Bouknight,2023-24,14,80.9,50.0,9.0,6.0,1.0,1.0,2.0,0.439,0.433,0.5
Los Angeles Clippers,LAC,James Harden,2023-24,72,2469.66833333333,1192.0,369.0,614.0,77.0,57.0,185.0,0.428,0.381,0.878
Indiana Pacers,IND,James Johnson,2023-24,9,47.195,8.0,4.0,8.0,5.0,1.0,5.0,0.3,0.0,1.0
Detroit Pistons,DET,James Wiseman,2023-24,63,1091.04333333333,446.0,336.0,54.0,12.0,39.0,66.0,0.613,0.0,0.706
Indiana Pacers,IND,Jarace Walker,2023-24,33,340.423333333333,120.0,63.0,40.0,15.0,11.0,17.0,0.409,0.4,0.889
Washington Wizards,WAS,Jared Butler,2023-24,40,565.651666666667,251.0,58.0,126.0,29.0,8.0,50.0,0.488,0.308,0.861
Detroit Pistons,DET,Jared Rhoden,2023-24,17,245.016666666667,83.0,33.0,14.0,3.0,13.0,7.0,0.5,0.387,0.625
Memphis Grizzlies,MEM,Jaren Jackson Jr.,2023-24,66,2124.18,1486.0,365.0,154.0,80.0,106.0,160.0,0.444,0.32,0.808
Los Angeles Lakers,LAL,Jarred Vanderbilt,2023-24,29,581.236666666667,150.0,138.0,36.0,36.0,5.0,28.0,0.518,0.296,0.667
Cleveland Cavaliers,CLE,Jarrett Allen,2023-24,77,2442.06166666667,1271.0,811.0,210.0,53.0,81.0,121.0,0.634,0.0,0.742
Utah Jazz,UTA,Jason Preston,2023-24,7,71.1333333333333,12.0,17.0,16.0,2.0,1.0,2.0,0.316,0.0,0.0
Toronto Raptors,TOR,Javon Freeman-Liberty,2023-24,22,403.038333333333,153.0,70.0,40.0,10.0,4.0,25.0,0.444,0.238,0.917
Chicago Bulls,CHI,Javonte Green,2023-24,9,230.4,110.0,67.0,5.0,10.0,8.0,7.0,0.6,0.37,0.769
Philadelphia 76ers,PHI,Javonte Smart,2023-24,1,0.666666666666667,0.0,0.0,0.0,0.0,0.0,0.0,0.0,0.0,0.0
Los Angeles Lakers,LAL,Jaxson Hayes,2023-24,70,877.133333333333,303.0,211.0,33.0,34.0,29.0,43.0,0.72,0.0,0.622
Denver Nuggets,DEN,Jay Huff,2023-24,20,49.325,23.0,11.0,2.0,2.0,3.0,1.0,0.6,0.333,1.0
Boston Celtics,BOS,Jaylen Brown,2023-24,70,2342.52166666667,1610.0,387.0,249.0,83.0,37.0,166.0,0.499,0.354,0.703
Sacramento Kings,SAC,Jaylen Nowell,2023-24,13,213.763333333333,81.0,24.0,19.0,4.0,2.0,7.0,0.436,0.207,0.778
Oklahoma City Thunder,OKC,Jaylin Williams,2023-24,69,896.946666666667,276.0,234.0,110.0,28.0,27.0,34.0,0.417,0.368,0.805
Boston Celtics,BOS,Jayson Tatum,2023-24,74,2645.21333333333,1987.0,601.0,364.0,75.0,43.0,188.0,0.471,0.376,0.833
Philadelphia 76ers,PHI,Jeff Dowtin Jr.,2023-24,12,142.016666666667,52.0,20.0,27.0,7.0,1.0,5.0,0.556,0.474,0.75
Houston Rockets,HOU,Jeff Green,2023-24,78,1307.33833333333,509.0,178.0,70.0,16.0,31.0,46.0,0.456,0.331,0.819
Portland Trail Blazers,POR,Jerami Grant,2023-24,54,1830.18666666667,1132.0,191.0,152.0,45.0,34.0,116.0,0.451,0.402,0.817
New Orleans Pelicans,NOP,Jeremiah Robinson-Earl,2023-24,39,334.313333333333,115.0,76.0,21.0,10.0,4.0,16.0,0.474,0.333,0.75
San Antonio Spurs,SAS,Jeremy Sochan,2023-24,74,2193.095,861.0,476.0,249.0,62.0,40.0,140.0,0.438,0.308,0.771
New York Knicks,NYK,Jericho Sims,2023-24,45,584.783333333333,92.0,147.0,25.0,8.0,19.0,16.0,0.691,0.0,0.667
Houston Rockets,HOU,Jermaine Samuels Jr.,2023-24,14,60.1316666666667,20.0,13.0,3.0,1.0,2.0,0.0,0.643,0.0,1.0
Golden State Warriors,GSW,Jerome Robinson,2023-24,22,80.7166666666667,31.0,6.0,5.0,1.0,3.0,2.0,0.333,0.118,0.636
Orlando Magic,ORL,Jett Howard,2023-24,18,66.5166666666667,29.0,7.0,6.0,2.0,2.0,3.0,0.333,0.28,0.5
Chicago Bulls,CHI,Jevon Carter,2023-24,72,1003.60166666667,357.0,60.0,94.0,37.0,16.0,36.0,0.378,0.329,0.571
Miami Heat,MIA,Jimmy Butler III,2023-24,60,2042.05833333333,1246.0,318.0,298.0,79.0,17.0,102.0,0.499,0.414,0.858
Houston Rockets,HOU,Jock Landale,2023-24,56,763.46,274.0,172.0,65.0,20.0,33.0,31.0,0.515,0.25,0.8
Detroit Pistons,DET,Joe Harris,2023-24,16,169.978333333333,39.0,13.0,10.0,3.0,2.0,4.0,0.359,0.333,0.5
Orlando Magic,ORL,Joe Ingles,2023-24,68,1169.03166666667,296.0,142.0,203.0,43.0,5.0,67.0,0.436,0.435,0.824
Philadelphia 76ers,PHI,Joel Embiid,2023-24,39,1309.37166666667,1353.0,430.0,219.0,46.0,66.0,150.0,0.529,0.388,0.883
Utah Jazz,UTA,John Collins,2023-24,68,1901.06,1027.0,575.0,77.0,40.0,61.0,98.0,0.532,0.371,0.795
Memphis Grizzlies,MEM,John Konchar,2023-24,55,1173.57333333333,235.0,257.0,110.0,51.0,51.0,46.0,0.423,0.317,0.84
Washington Wizards,WAS,Johnny Davis,2023-24,50,613.48,152.0,72.0,32.0,18.0,10.0,13.0,0.403,0.35,0.583
Utah Jazz,UTA,Johnny Juzang,2023-24,20,371.803333333333,144.0,36.0,23.0,4.0,2.0,13.0,0.464,0.416,0.714
New Orleans Pelicans,NOP,Jonas Valanciunas,2023-24,82,1924.83166666667,1002.0,721.0,173.0,33.0,68.0,111.0,0.559,0.308,0.785
Orlando Magic,ORL,Jonathan Isaac,2023-24,58,914.61,393.0,260.0,30.0,43.0,70.0,27.0,0.51,0.375,0.72
Golden State Warriors,GSW,Jonathan Kuminga,2023-24,74,1949.51333333333,1188.0,355.0,163.0,55.0,36.0,122.0,0.529,0.321,0.746
Detroit Pistons,DET,Jontay Porter,2023-24,26,359.738333333333,115.0,82.0,60.0,20.0,20.0,21.0,0.385,0.333,0.833
Utah Jazz,UTA,Jordan Clarkson,2023-24,55,1682.34166666667,942.0,188.0,277.0,35.0,6.0,146.0,0.413,0.294,0.881
Sacramento Kings,SAC,Jordan Ford,2023-24,6,21.8166666666667,12.0,2.0,2.0,0.0,0.0,1.0,0.571,0.667,1.0
Memphis Grizzlies,MEM,Jordan Goodwin,2023-24,57,1055.77,368.0,253.0,155.0,48.0,18.0,56.0,0.369,0.298,0.746
New Orleans Pelicans,NOP,Jordan Hawkins,2023-24,67,1160.58,524.0,148.0,70.0,19.0,7.0,40.0,0.382,0.366,0.838
Minnesota Timberwolves,MIN,Jordan McLaughlin,2023-24,56,626.12,195.0,72.0,110.0,35.0,7.0,19.0,0.483,0.472,0.722
Los Angeles Clippers,LAC,Jordan Miller,2023-24,8,28.1916666666667,13.0,5.0,0.0,0.0,0.0,1.0,0.556,0.5,1.0
Toronto Raptors,TOR,Jordan Nwora,2023-24,52,711.393333333333,364.0,149.0,62.0,26.0,13.0,53.0,0.462,0.336,0.83
Washington Wizards,WAS,Jordan Poole,2023-24,78,2345.555,1356.0,212.0,343.0,86.0,25.0,188.0,0.413,0.326,0.877
Boston Celtics,BOS,Jordan Walsh,2023-24,9,83.4733333333333,15.0,20.0,5.0,5.0,1.0,3.0,0.4,0.222,0.5
New Orleans Pelicans,NOP,Jose Alvarado,2023-24,56,1028.37,397.0,128.0,117.0,59.0,15.0,40.0,0.412,0.377,0.673
Oklahoma City Thunder,OKC,Josh Giddey,2023-24,80,2011.55833333333,986.0,514.0,386.0,52.0,44.0,168.0,0.475,0.337,0.806
Dallas Mavericks,DAL,Josh Green,2023-24,57,1504.72,469.0,184.0,130.0,47.0,9.0,60.0,0.479,0.385,0.684
New York Knicks,NYK,Josh Hart,2023-24,81,2706.77166666667,761.0,675.0,331.0,75.0,23.0,118.0,0.434,0.31,0.791
Minnesota Timberwolves,MIN,Josh Minott,2023-24,32,91.4283333333333,50.0,17.0,8.0,5.0,5.0,2.0,0.472,0.4,0.857
Phoenix Suns,PHX,Josh Okogie,2023-24,60,959.715,277.0,154.0,64.0,48.0,24.0,36.0,0.417,0.309,0.745
Miami Heat,MIA,Josh Richardson,2023-24,43,1102.83,425.0,121.0,105.0,24.0,14.0,36.0,0.444,0.347,0.944
Los Angeles Clippers,LAC,Joshua Primo,2023-24,2,10.2666666666667,2.0,1.0,0.0,0.0,1.0,4.0,0.333,0.0,0.0
Boston Celtics,BOS,Jrue Holiday,2023-24,69,2263.27833333333,860.0,373.0,333.0,61.0,53.0,124.0,0.48,0.429,0.833
Sacramento Kings,SAC,Juan Toscano-Anderson,2023-24,11,52.6633333333333,7.0,14.0,4.0,1.0,1.0,2.0,0.25,0.25,0.0
Washington Wizards,WAS,Jules Bernard,2023-24,19,149.275,74.0,26.0,16.0,3.0,1.0,8.0,0.453,0.379,0.556
San Antonio Spurs,SAS,Julian Champagnie,2023-24,74,1467.875,504.0,206.0,103.0,48.0,42.0,57.0,0.408,0.365,0.815
Chicago Bulls,CHI,Julian Phillips,2023-24,40,322.55,89.0,36.0,13.0,7.0,7.0,10.0,0.416,0.316,0.684
Denver Nuggets,DEN,Julian Strawther,2023-24,50,545.415,227.0,61.0,47.0,17.0,7.0,23.0,0.369,0.297,0.71
New York Knicks,NYK,Julius Randle,2023-24,46,1630.095,1102.0,423.0,229.0,25.0,12.0,159.0,0.472,0.311,0.781
Washington Wizards,WAS,Justin Champagnie,2023-24,15,234.838333333333,89.0,53.0,19.0,10.0,9.0,10.0,0.41,0.289,0.8
Denver Nuggets,DEN,Justin Holiday,2023-24,58,862.013333333333,234.0,71.0,67.0,36.0,9.0,14.0,0.454,0.404,0.75
Minnesota Timberwolves,MIN,Justin Jackson,2023-24,2,0.7,0.0,0.0,0.0,0.0,0.0,0.0,0.0,0.0,0.0
Portland Trail Blazers,POR,Justin Minaya,2023-24,34,380.983333333333,61.0,56.0,21.0,9.0,10.0,9.0,0.297,0.245,0.556
Phoenix Suns,PHX,Jusuf Nurkić,2023-24,76,2078.035,829.0,837.0,301.0,81.0,80.0,175.0,0.51,0.244,0.64
Philadelphia 76ers,PHI,KJ Martin,2023-24,60,746.495,224.0,131.0,51.0,22.0,12.0,32.0,0.536,0.286,0.537
New Orleans Pelicans,NOP,Kaiser Gates,2023-24,1,7.43333333333333,0.0,1.0,0.0,0.0,0.0,0.0,0.0,0.0,0.0
Minnesota Timberwolves,MIN,Karl-Anthony Towns,2023-24,62,2025.565,1349.0,515.0,189.0,43.0,41.0,177.0,0.504,0.416,0.873
Los Angeles Clippers,LAC,Kawhi Leonard,2023-24,68,2330.04,1613.0,416.0,244.0,111.0,59.0,119.0,0.525,0.417,0.885
Sacramento Kings,SAC,Keegan Murray,2023-24,77,2588.56666666667,1172.0,420.0,129.0,79.0,59.0,64.0,0.454,0.358,0.831
Brooklyn Nets,BKN,Keita Bates-Diop,2023-24,53,664.59,197.0,110.0,38.0,25.0,22.0,15.0,0.434,0.304,0.762
San Antonio Spurs,SAS,Keldon Johnson,2023-24,69,2038.36166666667,1084.0,377.0,195.0,51.0,20.0,100.0,0.454,0.346,0.792
Toronto Raptors,TOR,Kelly Olynyk,2023-24,78,1758.73,762.0,411.0,347.0,74.0,30.0,152.0,0.555,0.387,0.833
Philadelphia 76ers,PHI,Kelly Oubre Jr.,2023-24,68,2055.32,1049.0,341.0,101.0,77.0,47.0,87.0,0.441,0.311,0.75
Indiana Pacers,IND,Kendall Brown,2023-24,15,62.5083333333333,21.0,5.0,5.0,0.0,0.0,2.0,0.533,0.0,0.625
Utah Jazz,UTA,Kenneth Lofton Jr.,2023-24,21,198.301666666667,96.0,38.0,33.0,6.0,5.0,14.0,0.462,0.292,0.654
Oklahoma City Thunder,OKC,Kenrich Williams,2023-24,69,1029.00666666667,325.0,209.0,93.0,38.0,9.0,32.0,0.468,0.397,0.5
Denver Nuggets,DEN,Kentavious Caldwell-Pope,2023-24,76,2401.75666666667,766.0,183.0,183.0,98.0,42.0,75.0,0.46,0.406,0.894
Sacramento Kings,SAC,Keon Ellis,2023-24,57,978.485,310.0,124.0,85.0,51.0,29.0,37.0,0.461,0.417,0.743
Brooklyn Nets,BKN,Keon Johnson,2023-24,5,61.4016666666667,31.0,7.0,3.0,3.0,1.0,5.0,0.381,0.4,0.917
Sacramento Kings,SAC,Kessler Edwards,2023-24,54,274.741666666667,93.0,42.0,15.0,10.0,4.0,4.0,0.415,0.385,0.556
Phoenix Suns,PHX,Kevin Durant,2023-24,75,2790.63666666667,2032.0,495.0,378.0,69.0,91.0,244.0,0.523,0.413,0.856
Sacramento Kings,SAC,Kevin Huerter,2023-24,64,1562.22666666667,655.0,224.0,166.0,45.0,23.0,53.0,0.443,0.361,0.766
Portland Trail Blazers,POR,Kevin Knox II,2023-24,31,560.233333333333,223.0,75.0,23.0,13.0,7.0,22.0,0.462,0.33,0.909
Miami Heat,MIA,Kevin Love,2023-24,55,924.263333333333,485.0,338.0,115.0,18.0,10.0,48.0,0.44,0.344,0.787
Orlando Magic,ORL,Kevon Harris,2023-24,2,6.05,4.0,2.0,1.0,0.0,0.0,1.0,0.667,0.0,0.0
Golden State Warriors,GSW,Kevon Looney,2023-24,74,1194.42833333333,334.0,419.0,133.0,28.0,29.0,50.0,0.597,0.0,0.675
Oklahoma City Thunder,OKC,Keyontae Johnson,2023-24,9,66.2,11.0,10.0,4.0,1.0,0.0,4.0,0.313,0.333,0.0
Utah Jazz,UTA,Keyonte George,2023-24,75,2022.57666666667,974.0,211.0,332.0,36.0,7.0,188.0,0.391,0.334,0.848
Milwaukee Bucks,MIL,Khris Middleton,2023-24,55,1487.27,828.0,257.0,292.0,51.0,15.0,127.0,0.493,0.381,0.833
Detroit Pistons,DET,Killian Hayes,2023-24,42,1007.65833333333,289.0,119.0,205.0,36.0,20.0,51.0,0.413,0.297,0.66
Utah Jazz,UTA,Kira Lewis Jr.,2023-24,28,264.236666666667,89.0,26.0,37.0,9.0,2.0,14.0,0.37,0.121,0.85
Golden State Warriors,GSW,Klay Thompson,2023-24,77,2284.16833333333,1375.0,254.0,176.0,50.0,35.0,117.0,0.432,0.387,0.927
Los Angeles Clippers,LAC,Kobe Brown,2023-24,44,393.998333333333,89.0,62.0,25.0,12.0,6.0,9.0,0.411,0.292,0.5
Atlanta Hawks,ATL,Kobe Bufkin,2023-24,17,196.003333333333,81.0,33.0,27.0,7.0,5.0,10.0,0.37,0.225,0.5
Toronto Raptors,TOR,Kobi Simmons,2023-24,4,67.4333333333333,20.0,7.0,12.0,6.0,2.0,1.0,0.429,0.25,0.0
Utah Jazz,UTA,Kris Dunn,2023-24,66,1249.17666666667,357.0,189.0,254.0,68.0,28.0,79.0,0.47,0.369,0.688
Portland Trail Blazers,POR,Kris Murray,2023-24,62,1348.27166666667,376.0,224.0,80.0,53.0,21.0,55.0,0.396,0.268,0.661
Boston Celtics,BOS,Kristaps Porziņģis,2023-24,57,1689.94833333333,1145.0,409.0,115.0,42.0,111.0,89.0,0.516,0.375,0.858
Minnesota Timberwolves,MIN,Kyle Anderson,2023-24,79,1781.88166666667,506.0,273.0,331.0,71.0,47.0,91.0,0.46,0.229,0.708
Washington Wizards,WAS,Kyle Kuzma,2023-24,70,2281.14166666667,1553.0,464.0,296.0,37.0,49.0,192.0,0.463,0.336,0.775
Philadelphia 76ers,PHI,Kyle Lowry,2023-24,60,1689.76666666667,487.0,194.0,253.0,59.0,21.0,85.0,0.432,0.392,0.84
Dallas Mavericks,DAL,Kyrie Irving,2023-24,58,2029.60833333333,1487.0,290.0,299.0,74.0,28.0,106.0,0.497,0.411,0.905
Charlotte Hornets,CHA,LaMelo Ball,2023-24,22,711.35,526.0,113.0,176.0,40.0,4.0,83.0,0.433,0.355,0.865
Memphis Grizzlies,MEM,Lamar Stevens,2023-24,38,559.013333333333,272.0,127.0,28.0,23.0,22.0,24.0,0.45,0.304,0.778
Washington Wizards,WAS,Landry Shamet,2023-24,46,726.496666666667,327.0,62.0,54.0,25.0,10.0,30.0,0.431,0.338,0.826
New Orleans Pelicans,NOP,Larry Nance Jr.,2023-24,61,1216.13833333333,350.0,307.0,113.0,61.0,19.0,49.0,0.573,0.415,0.77
Utah Jazz,UTA,Lauri Markkanen,2023-24,55,1819.74666666667,1278.0,449.0,110.0,50.0,26.0,77.0,0.48,0.399,0.899
Los Angeles Lakers,LAL,LeBron James,2023-24,71,2503.68333333333,1822.0,518.0,589.0,89.0,38.0,245.0,0.54,0.41,0.75
Charlotte Hornets,CHA,Leaky Black,2023-24,26,284.081666666667,69.0,48.0,24.0,8.0,11.0,6.0,0.481,0.45,0.667
Minnesota Timberwolves,MIN,Leonard Miller,2023-24,17,52.4,29.0,20.0,8.0,2.0,1.0,1.0,0.65,0.4,0.5
Golden State Warriors,GSW,Lester Quinones,2023-24,37,394.455,164.0,72.0,36.0,6.0,2.0,17.0,0.397,0.364,0.69
Milwaukee Bucks,MIL,Lindell Wigginton,2023-24,3,7.63,6.0,0.0,0.0,0.0,0.0,1.0,0.4,0.0,1.0
Oklahoma City Thunder,OKC,Lindy Waters III,2023-24,38,280.208333333333,137.0,40.0,24.0,5.0,7.0,7.0,0.471,0.435,1.0
Brooklyn Nets,BKN,Lonnie Walker IV,2023-24,58,1011.14,565.0,127.0,74.0,32.0,20.0,51.0,0.423,0.384,0.763
Oklahoma City Thunder,OKC,Luguentz Dort,2023-24,79,2245.97166666667,860.0,284.0,113.0,71.0,47.0,74.0,0.438,0.394,0.826
Dallas Mavericks,DAL,Luka Dončić,2023-24,70,2624.04,2370.0,647.0,686.0,99.0,38.0,282.0,0.487,0.382,0.786
Minnesota Timberwolves,MIN,Luka Garza,2023-24,25,121.84,99.0,31.0,4.0,4.0,1.0,6.0,0.48,0.281,0.72
Utah Jazz,UTA,Luka Samanic,2023-24,43,404.376666666667,177.0,102.0,19.0,5.0,7.0,28.0,0.38,0.203,0.786
Memphis Grizzlies,MEM,Luke Kennard,2023-24,39,999.046666666667,429.0,113.0,136.0,20.0,2.0,54.0,0.448,0.45,0.889
Boston Celtics,BOS,Luke Kornet,2023-24,63,983.31,334.0,261.0,67.0,23.0,61.0,21.0,0.7,1.0,0.907
Detroit Pistons,DET,Malachi Flynn,2023-24,69,876.921666666667,380.0,114.0,130.0,38.0,8.0,63.0,0.418,0.331,0.732
San Antonio Spurs,SAS,Malaki Branham,2023-24,75,1594.32666666667,690.0,148.0,156.0,27.0,8.0,91.0,0.432,0.347,0.873
Portland Trail Blazers,POR,Malcolm Brogdon,2023-24,39,1120.81666666667,613.0,148.0,214.0,27.0,8.0,60.0,0.44,0.412,0.819
Detroit Pistons,DET,Malcolm Cazalon,2023-24,1,2.58333333333333,0.0,0.0,0.0,0.0,0.0,0.0,0.0,0.0,0.0
Milwaukee Bucks,MIL,Malik Beasley,2023-24,79,2337.37166666667,889.0,290.0,108.0,59.0,9.0,54.0,0.443,0.413,0.714
Sacramento Kings,SAC,Malik Monk,2023-24,72,1872.30666666667,1110.0,212.0,370.0,45.0,39.0,150.0,0.443,0.35,0.829
Toronto Raptors,TOR,Malik Williams,2023-24,7,106.508333333333,19.0,38.0,2.0,3.0,4.0,3.0,0.265,0.2,0.0
New York Knicks,NYK,Mamadi Diakite,2023-24,6,24.435,12.0,4.0,2.0,1.0,1.0,1.0,0.667,0.0,0.667
Memphis Grizzlies,MEM,Maozinha Pereira,2023-24,7,121.633333333333,48.0,37.0,2.0,6.0,4.0,5.0,0.514,0.385,0.7
Milwaukee Bucks,MIL,MarJon Beauchamp,2023-24,48,607.688333333333,211.0,99.0,31.0,13.0,7.0,27.0,0.488,0.4,0.679
Cleveland Cavaliers,CLE,Marcus Morris Sr.,2023-24,49,816.976666666667,316.0,134.0,36.0,15.0,13.0,30.0,0.439,0.403,0.818
Detroit Pistons,DET,Marcus Sasser,2023-24,71,1351.11,586.0,125.0,236.0,44.0,12.0,90.0,0.428,0.375,0.879
Memphis Grizzlies,MEM,Marcus Smart,2023-24,20,604.845,289.0,53.0,86.0,41.0,5.0,62.0,0.43,0.313,0.768
Charlotte Hornets,CHA,Mark Williams,2023-24,19,508.391666666667,242.0,184.0,22.0,16.0,20.0,17.0,0.649,0.0,0.719
Orlando Magic,ORL,Markelle Fultz,2023-24,43,909.938333333333,335.0,138.0,120.0,42.0,15.0,50.0,0.472,0.222,0.697
Dallas Mavericks,DAL,Markieff Morris,2023-24,26,216.388333333333,66.0,39.0,16.0,5.0,3.0,12.0,0.338,0.357,0.833
Toronto Raptors,TOR,Markquis Nowell,2023-24,1,3.51666666666667,2.0,2.0,2.0,1.0,0.0,0.0,0.0,0.0,1.0
Charlotte Hornets,CHA,Marques Bolden,2023-24,11,121.28,37.0,34.0,4.0,3.0,7.0,3.0,0.68,0.0,0.75
Washington Wizards,WAS,Marvin Bagley III,2023-24,50,1053.35166666667,583.0,312.0,55.0,20.0,33.0,59.0,0.586,0.391,0.762
Sacramento Kings,SAC,Mason Jones,2023-24,5,27.6833333333333,7.0,5.0,5.0,1.0,0.0,2.0,0.25,0.286,0.5
Los Angeles Clippers,LAC,Mason Plumlee,2023-24,46,673.926666666667,244.0,234.0,55.0,14.0,17.0,36.0,0.569,0.0,0.707
Portland Trail Blazers,POR,Matisse Thybulle,2023-24,65,1487.38333333333,354.0,136.0,90.0,113.0,49.0,40.0,0.397,0.346,0.759
Memphis Grizzlies,MEM,Matt Hurt,2023-24,8,113.238333333333,32.0,16.0,4.0,3.0,3.0,2.0,0.353,0.25,1.0
New Orleans Pelicans,NOP,Matt Ryan,2023-24,28,390.385,152.0,40.0,18.0,6.0,1.0,19.0,0.434,0.451,0.929
Los Angeles Lakers,LAL,Max Christie,2023-24,67,944.318333333333,284.0,142.0,60.0,20.0,17.0,35.0,0.427,0.356,0.783
Cleveland Cavaliers,CLE,Max Strus,2023-24,70,2239.175,853.0,338.0,283.0,64.0,29.0,112.0,0.418,0.351,0.794
Dallas Mavericks,DAL,Maxi Kleber,2023-24,43,871.411666666667,191.0,143.0,68.0,17.0,30.0,28.0,0.432,0.348,0.702
Los Angeles Lakers,LAL,Maxwell Lewis,2023-24,34,102.825,11.0,4.0,6.0,2.0,1.0,10.0,0.19,0.111,0.667
Utah Jazz,UTA,Micah Potter,2023-24,16,186.06,53.0,43.0,6.0,4.0,6.0,5.0,0.475,0.429,0.75
Denver Nuggets,DEN,Michael Porter Jr.,2023-24,81,2564.605,1356.0,565.0,122.0,42.0,53.0,92.0,0.484,0.397,0.836
Brooklyn Nets,BKN,Mikal Bridges,2023-24,82,2854.24,1606.0,372.0,299.0,81.0,30.0,164.0,0.436,0.372,0.814
Minnesota Timberwolves,MIN,Mike Conley,2023-24,76,2193.45833333333,869.0,218.0,449.0,88.0,17.0,102.0,0.457,0.442,0.911
Oklahoma City Thunder,OKC,Mike Muscala,2023-24,53,600.18,157.0,125.0,37.0,9.0,13.0,22.0,0.359,0.292,0.68
Charlotte Hornets,CHA,Miles Bridges,2023-24,69,2581.11666666667,1449.0,505.0,231.0,65.0,33.0,138.0,0.462,0.349,0.825
New York Knicks,NYK,Miles McBride,2023-24,68,1327.74,562.0,100.0,114.0,50.0,7.0,30.0,0.452,0.41,0.86
New York Knicks,NYK,Mitchell Robinson,2023-24,31,768.11,173.0,263.0,18.0,37.0,35.0,25.0,0.575,0.0,0.409
Philadelphia 76ers,PHI,Mo Bamba,2023-24,57,740.351666666667,253.0,238.0,41.0,22.0,60.0,39.0,0.49,0.391,0.68
Minnesota Timberwolves,MIN,Monte Morris,2023-24,33,476.043333333333,164.0,57.0,69.0,19.0,9.0,7.0,0.405,0.386,0.684
Orlando Magic,ORL,Moritz Wagner,2023-24,80,1414.73666666667,868.0,347.0,96.0,39.0,21.0,97.0,0.601,0.33,0.814
Portland Trail Blazers,POR,Moses Brown,2023-24,22,199.978333333333,75.0,86.0,7.0,5.0,7.0,11.0,0.508,0.0,0.29
Golden State Warriors,GSW,Moses Moody,2023-24,66,1155.885,533.0,196.0,57.0,42.0,24.0,44.0,0.462,0.36,0.785
Toronto Raptors,TOR,Mouhamadou Gueye,2023-24,11,119.941666666667,26.0,23.0,5.0,3.0,18.0,12.0,0.289,0.0,0.444
Atlanta Hawks,ATL,Mouhamed Gueye,2023-24,6,72.8,24.0,22.0,4.0,5.0,4.0,1.0,0.348,0.333,0.833
Los Angeles Clippers,LAC,Moussa Diabaté,2023-24,11,64.2383333333333,29.0,24.0,4.0,5.0,1.0,2.0,0.526,0.0,0.643
Indiana Pacers,IND,Myles Turner,2023-24,77,2076.43666666667,1313.0,533.0,100.0,39.0,144.0,109.0,0.524,0.358,0.773
New Orleans Pelicans,NOP,Naji Marshall,2023-24,66,1257.12333333333,466.0,240.0,128.0,49.0,12.0,65.0,0.463,0.387,0.791
Phoenix Suns,PHX,Nassir Little,2023-24,45,458.283333333333,152.0,75.0,21.0,10.0,10.0,14.0,0.46,0.3,0.85
Houston Rockets,HOU,Nate Hinton,2023-24,15,74.5516666666667,33.0,22.0,10.0,3.0,2.0,3.0,0.423,0.5,0.8
Houston Rockets,HOU,Nate Williams,2023-24,22,129.385,63.0,23.0,7.0,4.0,1.0,4.0,0.54,0.4,0.538
Charlotte Hornets,CHA,Nathan Mensah,2023-24,25,306.641666666667,33.0,65.0,9.0,6.0,14.0,14.0,0.429,0.0,0.75
Minnesota Timberwolves,MIN,Naz Reid,2023-24,81,1963.82833333333,1090.0,423.0,106.0,63.0,73.0,111.0,0.477,0.414,0.736
Boston Celtics,BOS,Neemias Queta,2023-24,28,333.216666666667,154.0,122.0,20.0,13.0,21.0,13.0,0.644,0.0,0.714
Brooklyn Nets,BKN,Nic Claxton,2023-24,71,2115.66333333333,841.0,706.0,147.0,46.0,146.0,93.0,0.629,0.2,0.551
Charlotte Hornets,CHA,Nick Richards,2023-24,67,1758.73666666667,652.0,539.0,54.0,26.0,74.0,73.0,0.691,0.0,0.737
Charlotte Hornets,CHA,Nick Smith Jr.,2023-24,51,728.71,302.0,72.0,59.0,10.0,7.0,39.0,0.391,0.432,0.867
Minnesota Timberwolves,MIN,Nickeil Alexander-Walker,2023-24,82,1920.91833333333,655.0,167.0,204.0,64.0,42.0,76.0,0.439,0.391,0.8
Philadelphia 76ers,PHI,Nicolas Batum,2023-24,60,1529.58666666667,320.0,248.0,128.0,48.0,38.0,40.0,0.453,0.395,0.714
Denver Nuggets,DEN,Nikola Jokić,2023-24,79,2736.53333333333,2085.0,976.0,708.0,108.0,68.0,237.0,0.583,0.359,0.817
Miami Heat,MIA,Nikola Jović,2023-24,46,896.236666666667,352.0,192.0,90.0,25.0,14.0,42.0,0.452,0.399,0.702
Chicago Bulls,CHI,Nikola Vučević,2023-24,76,2609.50166666667,1370.0,801.0,254.0,50.0,60.0,120.0,0.484,0.294,0.822
Brooklyn Nets,BKN,Noah Clowney,2023-24,23,369.858333333333,133.0,81.0,18.0,8.0,16.0,15.0,0.538,0.364,0.7
Los Angeles Clippers,LAC,Norman Powell,2023-24,76,1990.37833333333,1056.0,195.0,82.0,43.0,22.0,66.0,0.486,0.435,0.831
New York Knicks,NYK,OG Anunoby,2023-24,50,1702.035,733.0,208.0,107.0,68.0,36.0,81.0,0.489,0.382,0.753
Indiana Pacers,IND,Obi Toppin,2023-24,82,1730.60166666667,843.0,320.0,128.0,47.0,43.0,69.0,0.573,0.403,0.77
Toronto Raptors,TOR,Ochai Agbaji,2023-24,78,1641.61166666667,455.0,216.0,83.0,47.0,44.0,64.0,0.411,0.294,0.661
Oklahoma City Thunder,OKC,Olivier Sarr,2023-24,15,98.2016666666667,34.0,36.0,2.0,0.0,7.0,3.0,0.579,0.333,0.667
Dallas Mavericks,DAL,Olivier-Maxence Prosper,2023-24,40,336.211666666667,121.0,79.0,22.0,7.0,4.0,8.0,0.385,0.289,0.683
Utah Jazz,UTA,Omer Yurtseven,2023-24,48,545.101666666667,222.0,208.0,29.0,8.0,18.0,37.0,0.538,0.208,0.679
Chicago Bulls,CHI,Onuralp Bitim,2023-24,23,267.991666666667,80.0,32.0,13.0,3.0,2.0,10.0,0.381,0.273,0.8
Atlanta Hawks,ATL,Onyeka Okongwu,2023-24,55,1404.73666666667,561.0,376.0,74.0,26.0,60.0,45.0,0.611,0.333,0.793
Miami Heat,MIA,Orlando Robinson,2023-24,36,303.69,99.0,84.0,34.0,7.0,8.0,18.0,0.5,0.533,0.76
Indiana Pacers,IND,Oscar Tshiebwe,2023-24,8,41.9166666666667,26.0,16.0,2.0,2.0,1.0,0.0,0.5,0.0,0.75
Boston Celtics,BOS,Oshae Brissett,2023-24,55,630.165,201.0,160.0,44.0,19.0,8.0,20.0,0.444,0.273,0.602
Toronto Raptors,TOR,Otto Porter Jr.,2023-24,15,174.073333333333,39.0,29.0,8.0,5.0,5.0,2.0,0.424,0.348,1.0
Oklahoma City Thunder,OKC,Ousmane Dieng,2023-24,33,364.953333333333,133.0,51.0,37.0,8.0,5.0,19.0,0.422,0.3,0.875
Los Angeles Clippers,LAC,P.J. Tucker,2023-24,31,486.313333333333,52.0,85.0,16.0,16.0,7.0,8.0,0.36,0.371,1.0
Dallas Mavericks,DAL,P.J. Washington,2023-24,73,2220.67833333333,939.0,411.0,141.0,72.0,59.0,96.0,0.436,0.32,0.683
Orlando Magic,ORL,Paolo Banchero,2023-24,80,2798.70166666667,1804.0,554.0,431.0,71.0,47.0,247.0,0.455,0.339,0.725
Indiana Pacers,IND,Pascal Siakam,2023-24,80,2657.88833333333,1737.0,565.0,342.0,63.0,25.0,141.0,0.536,0.346,0.732
Milwaukee Bucks,MIL,Pat Connaughton,2023-24,76,1676.28,428.0,239.0,161.0,40.0,19.0,49.0,0.435,0.345,0.759
Golden State Warriors,GSW,Pat Spencer,2023-24,6,25.65,4.0,4.0,5.0,0.0,0.0,1.0,0.5,0.0,0.0
Washington Wizards,WAS,Patrick Baldwin Jr.,2023-24,38,493.508333333333,168.0,123.0,29.0,18.0,15.0,19.0,0.381,0.32,0.679
Milwaukee Bucks,MIL,Patrick Beverley,2023-24,73,1462.51166666667,451.0,239.0,212.0,43.0,31.0,65.0,0.417,0.337,0.822
Chicago Bulls,CHI,Patrick Williams,2023-24,43,1174.085,429.0,166.0,66.0,40.0,33.0,57.0,0.443,0.399,0.788
Miami Heat,MIA,Patty Mills,2023-24,32,415.315,127.0,35.0,34.0,20.0,1.0,16.0,0.351,0.276,1.0
Los Angeles Clippers,LAC,Paul George,2023-24,74,2501.76666666667,1671.0,388.0,262.0,113.0,37.0,153.0,0.471,0.413,0.907
Philadelphia 76ers,PHI,Paul Reed,2023-24,82,1589.50166666667,600.0,488.0,109.0,67.0,84.0,67.0,0.54,0.368,0.718
Boston Celtics,BOS,Payton Pritchard,2023-24,82,1825.73333333333,787.0,265.0,281.0,39.0,6.0,61.0,0.468,0.385,0.821
Cleveland Cavaliers,CLE,Pete Nance,2023-24,8,27.35,3.0,3.0,0.0,1.0,0.0,1.0,0.167,1.0,0.0
Denver Nuggets,DEN,Peyton Watson,2023-24,80,1487.83666666667,532.0,258.0,86.0,42.0,88.0,58.0,0.465,0.296,0.67
New York Knicks,NYK,Precious Achiuwa,2023-24,74,1623.75333333333,565.0,487.0,97.0,46.0,68.0,83.0,0.501,0.268,0.616
Detroit Pistons,DET,Quentin Grimes,2023-24,51,1024.94333333333,359.0,100.0,66.0,35.0,7.0,28.0,0.372,0.338,0.756
Indiana Pacers,IND,Quenton Jackson,2023-24,3,10.5333333333333,2.0,4.0,2.0,1.0,0.0,0.0,0.0,0.0,1.0
Miami Heat,MIA,R.J. Hampton,2023-24,8,76.0216666666667,10.0,6.0,8.0,0.0,0.0,3.0,0.286,0.125,0.5
Toronto Raptors,TOR,RJ Barrett,2023-24,58,1838.13333333333,1170.0,315.0,193.0,31.0,22.0,126.0,0.495,0.36,0.715
San Antonio Spurs,SAS,RaiQuan Gray,2023-24,3,39.0333333333333,23.0,7.0,6.0,1.0,1.0,1.0,0.588,0.429,0.0
Portland Trail Blazers,POR,Rayan Rupert,2023-24,39,633.225,155.0,92.0,62.0,12.0,3.0,31.0,0.335,0.359,0.76
Houston Rockets,HOU,Reggie Bullock Jr.,2023-24,44,417.473333333333,96.0,73.0,15.0,12.0,5.0,10.0,0.415,0.403,1.0
Denver Nuggets,DEN,Reggie Jackson,2023-24,82,1816.82,833.0,155.0,308.0,44.0,12.0,106.0,0.431,0.359,0.806
Washington Wizards,WAS,Richaun Holmes,2023-24,40,554.11,199.0,182.0,25.0,11.0,19.0,24.0,0.558,0.333,0.723
Philadelphia 76ers,PHI,Ricky Council IV,2023-24,32,288.64,173.0,46.0,16.0,8.0,1.0,5.0,0.482,0.375,0.746
Philadelphia 76ers,PHI,Robert Covington,2023-24,29,488.415,127.0,97.0,24.0,39.0,18.0,11.0,0.439,0.339,0.846
Portland Trail Blazers,POR,Robert Williams III,2023-24,6,118.75,41.0,38.0,5.0,7.0,7.0,7.0,0.654,0.0,0.778
Milwaukee Bucks,MIL,Robin Lopez,2023-24,16,64.73,18.0,5.0,4.0,1.0,3.0,2.0,0.368,0.25,1.0
Toronto Raptors,TOR,Ron Harper Jr.,2023-24,1,3.65,0.0,0.0,1.0,0.0,0.0,0.0,0.0,0.0,0.0
Phoenix Suns,PHX,Royce O'Neale,2023-24,79,1954.24166666667,608.0,377.0,219.0,59.0,44.0,73.0,0.397,0.37,0.686
Minnesota Timberwolves,MIN,Rudy Gobert,2023-24,76,2593.11333333333,1061.0,982.0,102.0,52.0,162.0,118.0,0.661,0.0,0.638
Los Angeles Lakers,LAL,Rui Hachimura,2023-24,68,1825.49333333333,923.0,294.0,81.0,41.0,25.0,46.0,0.537,0.422,0.739
Los Angeles Clippers,LAC,Russell Westbrook,2023-24,68,1528.81666666667,754.0,343.0,306.0,74.0,23.0,144.0,0.454,0.273,0.688
New York Knicks,NYK,Ryan Arcidiacono,2023-24,20,45.155,0.0,8.0,4.0,2.0,0.0,2.0,0.0,0.0,0.0
Milwaukee Bucks,MIL,Ryan Rollins,2023-24,13,77.85,44.0,13.0,14.0,10.0,3.0,8.0,0.519,0.75,0.765
Phoenix Suns,PHX,Saben Lee,2023-24,24,184.971666666667,71.0,31.0,30.0,7.0,3.0,8.0,0.364,0.125,0.744
Atlanta Hawks,ATL,Saddiq Bey,2023-24,63,2061.65833333333,863.0,411.0,92.0,51.0,11.0,54.0,0.416,0.316,0.837
Boston Celtics,BOS,Sam Hauser,2023-24,79,1740.585,712.0,276.0,82.0,40.0,25.0,32.0,0.446,0.424,0.895
Cleveland Cavaliers,CLE,Sam Merrill,2023-24,61,1068.91833333333,485.0,120.0,108.0,19.0,4.0,19.0,0.402,0.404,0.929
San Antonio Spurs,SAS,Sandro Mamukelashvili,2023-24,46,450.958333333333,190.0,147.0,49.0,7.0,12.0,19.0,0.471,0.297,0.735
Memphis Grizzlies,MEM,Santi Aldama,2023-24,61,1618.05666666667,654.0,352.0,138.0,43.0,54.0,69.0,0.435,0.349,0.621
Sacramento Kings,SAC,Sasha Vezenkov,2023-24,42,511.073333333333,225.0,96.0,19.0,20.0,7.0,12.0,0.44,0.375,0.8
Portland Trail Blazers,POR,Scoot Henderson,2023-24,62,1765.39333333333,868.0,194.0,336.0,48.0,13.0,212.0,0.385,0.325,0.819
Toronto Raptors,TOR,Scottie Barnes,2023-24,60,2094.24833333333,1191.0,494.0,363.0,75.0,88.0,165.0,0.475,0.341,0.781
Memphis Grizzlies,MEM,Scotty Pippen Jr.,2023-24,21,526.828333333333,271.0,67.0,98.0,36.0,10.0,56.0,0.493,0.417,0.745
Charlotte Hornets,CHA,Seth Curry,2023-24,44,615.413333333333,226.0,68.0,44.0,22.0,6.0,21.0,0.392,0.352,0.903
Atlanta Hawks,ATL,Seth Lundy,2023-24,9,51.9833333333333,14.0,7.0,0.0,0.0,0.0,1.0,0.235,0.231,0.75
Portland Trail Blazers,POR,Shaedon Sharpe,2023-24,32,1059.01833333333,510.0,160.0,94.0,28.0,12.0,72.0,0.406,0.333,0.824
Oklahoma City Thunder,OKC,Shai Gilgeous-Alexander,2023-24,75,2552.68666666667,2254.0,415.0,465.0,150.0,67.0,162.0,0.535,0.353,0.874
New York Knicks,NYK,Shake Milton,2023-24,48,581.16,216.0,75.0,60.0,19.0,6.0,31.0,0.405,0.281,0.816
Memphis Grizzlies,MEM,Shaquille Harrison,2023-24,3,5.96666666666667,2.0,2.0,0.0,0.0,1.0,0.0,0.5,0.0,0.0
San Antonio Spurs,SAS,Sidy Cissoko,2023-24,12,140.918333333333,45.0,22.0,10.0,7.0,3.0,3.0,0.485,0.083,0.8
Detroit Pistons,DET,Simone Fontecchio,2023-24,66,1643.89333333333,692.0,246.0,101.0,44.0,23.0,68.0,0.46,0.401,0.818
Los Angeles Lakers,LAL,Skylar Mays,2023-24,38,433.271666666667,155.0,43.0,85.0,21.0,4.0,20.0,0.396,0.296,0.765
Los Angeles Lakers,LAL,Spencer Dinwiddie,2023-24,76,2152.40833333333,795.0,205.0,356.0,51.0,22.0,91.0,0.392,0.337,0.805
Detroit Pistons,DET,Stanley Umude,2023-24,24,307.121666666667,127.0,51.0,11.0,8.0,7.0,14.0,0.44,0.453,0.906
Golden State Warriors,GSW,Stephen Curry,2023-24,74,2421.53833333333,1956.0,330.0,379.0,54.0,28.0,210.0,0.45,0.408,0.923
Boston Celtics,BOS,Svi Mykhailiuk,2023-24,41,413.163333333333,162.0,51.0,35.0,11.0,1.0,12.0,0.416,0.389,0.667
Indiana Pacers,IND,T.J. McConnell,2023-24,71,1290.97666666667,727.0,191.0,390.0,72.0,8.0,108.0,0.556,0.409,0.79
Minnesota Timberwolves,MIN,T.J. Warren,2023-24,11,124.673333333333,41.0,22.0,9.0,4.0,1.0,4.0,0.439,0.154,0.75
Detroit Pistons,DET,Taj Gibson,2023-24,20,204.503333333333,34.0,37.0,11.0,3.0,7.0,5.0,0.405,0.2,1.0
Utah Jazz,UTA,Talen Horton-Tucker,2023-24,51,1008.69833333333,516.0,121.0,177.0,45.0,19.0,65.0,0.396,0.33,0.807
Houston Rockets,HOU,Tari Eason,2023-24,22,480.105,215.0,153.0,27.0,31.0,19.0,20.0,0.466,0.36,0.636
Los Angeles Lakers,LAL,Taurean Prince,2023-24,78,2107.62166666667,697.0,230.0,119.0,58.0,35.0,73.0,0.442,0.396,0.735
Utah Jazz,UTA,Taylor Hendricks,2023-24,40,856.431666666667,292.0,185.0,32.0,28.0,30.0,27.0,0.45,0.379,0.793
Portland Trail Blazers,POR,Taze Moore,2023-24,4,40.3333333333333,18.0,8.0,5.0,2.0,0.0,3.0,0.421,0.143,0.5
Los Angeles Clippers,LAC,Terance Mann,2023-24,75,1872.89166666667,658.0,254.0,119.0,43.0,15.0,48.0,0.515,0.348,0.832
Philadelphia 76ers,PHI,Terquavion Smith,2023-24,16,84.4966666666667,52.0,4.0,12.0,8.0,0.0,7.0,0.391,0.371,0.6
Miami Heat,MIA,Terry Rozier,2023-24,61,2040.38166666667,1205.0,247.0,342.0,63.0,21.0,106.0,0.443,0.363,0.869
Chicago Bulls,CHI,Terry Taylor,2023-24,31,187.63,46.0,37.0,10.0,5.0,2.0,7.0,0.513,0.222,0.8
Phoenix Suns,PHX,Thaddeus Young,2023-24,33,439.501666666667,137.0,103.0,57.0,23.0,5.0,15.0,0.602,0.143,0.4
Milwaukee Bucks,MIL,Thanasis Antetokounmpo,2023-24,34,155.431666666667,32.0,13.0,17.0,7.0,4.0,14.0,0.533,0.0,0.0
Phoenix Suns,PHX,Theo Maledon,2023-24,17,213.196666666667,59.0,24.0,28.0,7.0,0.0,18.0,0.286,0.167,0.933
Miami Heat,MIA,Thomas Bryant,2023-24,38,441.365,217.0,141.0,23.0,10.0,16.0,21.0,0.577,0.182,0.872
Dallas Mavericks,DAL,Tim Hardaway Jr.,2023-24,79,2120.32833333333,1139.0,254.0,139.0,42.0,6.0,69.0,0.402,0.353,0.852
Memphis Grizzlies,MEM,Timmy Allen,2023-24,5,125.451666666667,13.0,17.0,5.0,4.0,0.0,2.0,0.261,0.0,0.5
Philadelphia 76ers,PHI,Tobias Harris,2023-24,70,2367.78,1204.0,453.0,217.0,70.0,46.0,93.0,0.487,0.353,0.878
Chicago Bulls,CHI,Torrey Craig,2023-24,53,1048.60166666667,303.0,217.0,58.0,30.0,21.0,32.0,0.43,0.392,0.75
Detroit Pistons,DET,Tosan Evbuomwan,2023-24,17,366.578333333333,101.0,60.0,16.0,6.0,5.0,9.0,0.507,0.375,0.68
Portland Trail Blazers,POR,Toumani Camara,2023-24,70,1739.32,527.0,343.0,87.0,66.0,33.0,84.0,0.45,0.337,0.758
Atlanta Hawks,ATL,Trae Young,2023-24,54,1941.71333333333,1389.0,149.0,583.0,72.0,11.0,235.0,0.43,0.373,0.855
Golden State Warriors,GSW,Trayce Jackson-Davis,2023-24,68,1130.45166666667,540.0,341.0,82.0,29.0,76.0,49.0,0.702,0.0,0.561
San Antonio Spurs,SAS,Tre Jones,2023-24,77,2138.18,771.0,289.0,478.0,78.0,9.0,116.0,0.505,0.335,0.856
Charlotte Hornets,CHA,Tre Mann,2023-24,41,987.098333333333,382.0,149.0,165.0,51.0,3.0,65.0,0.459,0.373,0.763
Brooklyn Nets,BKN,Trendon Watford,2023-24,63,856.52,432.0,194.0,81.0,23.0,19.0,63.0,0.527,0.397,0.794
Atlanta Hawks,ATL,Trent Forrest,2023-24,38,413.761666666667,83.0,51.0,92.0,11.0,3.0,20.0,0.378,0.2,0.765
Orlando Magic,ORL,Trevelin Queen,2023-24,14,164.726666666667,40.0,20.0,18.0,7.0,5.0,7.0,0.368,0.176,0.75
Memphis Grizzlies,MEM,Trey Jemison III,2023-24,25,573.985,171.0,134.0,27.0,12.0,28.0,34.0,0.551,0.0,0.84
Sacramento Kings,SAC,Trey Lyles,2023-24,58,1158.21833333333,419.0,257.0,72.0,17.0,19.0,38.0,0.445,0.384,0.7
New Orleans Pelicans,NOP,Trey Murphy III,2023-24,57,1690.265,842.0,280.0,124.0,51.0,28.0,34.0,0.443,0.38,0.815
Cleveland Cavaliers,CLE,Tristan Thompson,2023-24,49,548.916666666667,161.0,174.0,51.0,12.0,14.0,29.0,0.613,0.0,0.288
Washington Wizards,WAS,Tristan Vukcevic,2023-24,10,153.411666666667,85.0,36.0,13.0,5.0,7.0,10.0,0.433,0.278,0.773
Detroit Pistons,DET,Troy Brown Jr.,2023-24,59,826.511666666667,247.0,144.0,60.0,24.0,3.0,30.0,0.372,0.333,0.865
Cleveland Cavaliers,CLE,Ty Jerome,2023-24,2,14.8166666666667,4.0,1.0,3.0,0.0,0.0,1.0,0.5,0.0,0.0
Milwaukee Bucks,MIL,TyTy Washington Jr.,2023-24,11,55.9216666666667,14.0,5.0,5.0,3.0,0.0,2.0,0.3,0.333,0.0
Miami Heat,MIA,Tyler Herro,2023-24,42,1407.105,875.0,222.0,188.0,30.0,3.0,93.0,0.441,0.396,0.856
Indiana Pacers,IND,Tyrese Haliburton,2023-24,69,2223.53833333333,1389.0,271.0,752.0,83.0,48.0,159.0,0.477,0.364,0.855
Philadelphia 76ers,PHI,Tyrese Maxey,2023-24,70,2625.80666666667,1816.0,258.0,433.0,69.0,33.0,116.0,0.45,0.373,0.868
Washington Wizards,WAS,Tyus Jones,2023-24,66,1932.66666666667,790.0,179.0,485.0,71.0,18.0,66.0,0.489,0.414,0.8
Phoenix Suns,PHX,Udoka Azubuike,2023-24,16,112.828333333333,35.0,32.0,3.0,1.0,6.0,4.0,0.696,0.0,0.231
Golden State Warriors,GSW,Usman Garuba,2023-24,6,17.7833333333333,3.0,7.0,1.0,1.0,3.0,2.0,0.167,0.0,0.5
Charlotte Hornets,CHA,Vasilije Micic,2023-24,60,1175.73,422.0,88.0,262.0,31.0,7.0,99.0,0.43,0.279,0.813
San Antonio Spurs,SAS,Victor Wembanyama,2023-24,71,2106.235,1522.0,755.0,274.0,88.0,254.0,260.0,0.465,0.325,0.796
Memphis Grizzlies,MEM,Vince Williams Jr.,2023-24,52,1436.53,521.0,290.0,175.0,47.0,34.0,92.0,0.446,0.378,0.8
Atlanta Hawks,ATL,Vít Krejčí,2023-24,22,541.32,135.0,52.0,50.0,13.0,6.0,20.0,0.49,0.412,0.833
Utah Jazz,UTA,Walker Kessler,2023-24,64,1493.10666666667,518.0,481.0,60.0,30.0,154.0,66.0,0.654,0.211,0.602
Orlando Magic,ORL,Wendell Carter Jr.,2023-24,55,1406.30333333333,603.0,381.0,95.0,35.0,28.0,68.0,0.525,0.374,0.694
Minnesota Timberwolves,MIN,Wendell Moore Jr.,2023-24,25,75.1316666666667,18.0,12.0,6.0,5.0,1.0,4.0,0.5,0.0,0.0
Boston Celtics,BOS,Wenyen Gabriel,2023-24,5,81.0166666666667,17.0,25.0,3.0,2.0,2.0,8.0,0.364,0.167,0.0
Atlanta Hawks,ATL,Wesley Matthews,2023-24,36,412.87,110.0,53.0,23.0,16.0,11.0,8.0,0.351,0.348,0.75
Los Angeles Clippers,LAC,Xavier Moon,2023-24,14,119.25,33.0,18.0,21.0,3.0,3.0,5.0,0.326,0.118,0.5
Boston Celtics,BOS,Xavier Tillman,2023-24,54,974.555,284.0,211.0,77.0,51.0,44.0,34.0,0.434,0.247,0.44
Memphis Grizzlies,MEM,Yuta Watanabe,2023-24,34,464.373333333333,117.0,54.0,15.0,12.0,7.0,19.0,0.353,0.294,0.588
San Antonio Spurs,SAS,Zach Collins,2023-24,69,1525.72833333333,776.0,370.0,194.0,34.0,52.0,132.0,0.484,0.32,0.753
Chicago Bulls,CHI,Zach LaVine,2023-24,25,871.861666666667,487.0,129.0,98.0,21.0,8.0,52.0,0.452,0.349,0.854
Detroit Pistons,DET,Zavier Simpson,2023-24,7,161.383333333333,42.0,20.0,25.0,7.0,3.0,10.0,0.315,0.294,0.75
Denver Nuggets,DEN,Zeke Nnaji,2023-24,58,576.12,186.0,125.0,32.0,15.0,38.0,27.0,0.463,0.261,0.677
Memphis Grizzlies,MEM,Ziaire Williams,2023-24,51,1037.68166666667,420.0,180.0,75.0,36.0,9.0,66.0,0.397,0.307,0.827
New Orleans Pelicans,NOP,Zion Williamson,2023-24,70,2206.92333333333,1601.0,406.0,352.0,76.0,47.0,193.0,0.57,0.333,0.702
Toronto Raptors,TOR,A.J. Lawson,2024-25,26,486.41,236.0,86.0,31.0,13.0,6.0,15.0,0.421,0.327,0.683
Milwaukee Bucks,MIL,AJ Green,2024-25,73,1659.14166666667,541.0,174.0,108.0,37.0,7.0,40.0,0.429,0.427,0.815
Washington Wizards,WAS,AJ Johnson,2024-25,29,638.386666666667,220.0,59.0,76.0,12.0,3.0,35.0,0.385,0.267,0.865
Denver Nuggets,DEN,Aaron Gordon,2024-25,51,1446.71666666667,748.0,247.0,164.0,23.0,14.0,73.0,0.531,0.436,0.81
Houston Rockets,HOU,Aaron Holiday,2024-25,62,792.246666666667,340.0,78.0,83.0,19.0,11.0,37.0,0.437,0.398,0.829
Indiana Pacers,IND,Aaron Nesmith,2024-25,45,1121.61833333333,541.0,178.0,54.0,35.0,17.0,37.0,0.507,0.431,0.913
Oklahoma City Thunder,OKC,Aaron Wiggins,2024-25,76,1743.9,914.0,295.0,134.0,60.0,18.0,69.0,0.488,0.383,0.831
Oklahoma City Thunder,OKC,Adam Flagler,2024-25,37,202.965,65.0,27.0,12.0,8.0,3.0,4.0,0.26,0.194,0.5
Chicago Bulls,CHI,Adama Sanogo,2024-25,4,21.4983333333333,8.0,6.0,1.0,0.0,0.0,1.0,0.571,0.0,0.0
Philadelphia 76ers,PHI,Adem Bona,2024-25,58,904.55,337.0,245.0,27.0,26.0,69.0,61.0,0.703,0.0,0.67
Oklahoma City Thunder,OKC,Ajay Mitchell,2024-25,36,596.955,234.0,68.0,64.0,25.0,4.0,29.0,0.495,0.383,0.829
Boston Celtics,BOS,Al Horford,2024-25,60,1658.57333333333,538.0,369.0,128.0,36.0,51.0,46.0,0.423,0.363,0.895
Miami Heat,MIA,Alec Burks,2024-25,49,863.496666666667,356.0,124.0,55.0,28.0,7.0,29.0,0.424,0.425,0.776
Oklahoma City Thunder,OKC,Alex Caruso,2024-25,54,1040.635,382.0,159.0,137.0,87.0,30.0,37.0,0.446,0.353,0.824
Oklahoma City Thunder,OKC,Alex Ducas,2024-25,21,125.341666666667,36.0,26.0,5.0,5.0,0.0,4.0,0.4,0.476,1.0
Los Angeles Lakers,LAL,Alex Len,2024-25,46,379.79,74.0,95.0,38.0,9.0,21.0,20.0,0.508,0.222,0.471
Philadelphia 76ers,PHI,Alex Reese,2024-25,15,216.046666666667,76.0,47.0,4.0,10.0,10.0,6.0,0.481,0.366,0.75
Washington Wizards,WAS,Alex Sarr,2024-25,67,1814.22833333333,869.0,435.0,161.0,44.0,101.0,114.0,0.394,0.308,0.679
Los Angeles Clippers,LAC,Alondes Williams,2024-25,1,3.71666666666667,5.0,0.0,1.0,0.0,0.0,0.0,1.0,1.0,0.0
Houston Rockets,HOU,Alperen Sengun,2024-25,76,2394.97666666667,1451.0,786.0,372.0,84.0,61.0,194.0,0.496,0.233,0.692
Houston Rockets,HOU,Amen Thompson,2024-25,69,2225.415,970.0,564.0,265.0,97.0,89.0,138.0,0.557,0.275,0.684
Los Angeles Clippers,LAC,Amir Coffey,2024-25,72,1747.54,696.0,161.0,77.0,40.0,7.0,45.0,0.471,0.409,0.891
Philadelphia 76ers,PHI,Andre Drummond,2024-25,40,750.633333333333,293.0,310.0,34.0,39.0,18.0,55.0,0.5,0.15,0.622
Milwaukee Bucks,MIL,Andre Jackson Jr.,2024-25,67,980.091666666667,230.0,182.0,83.0,34.0,14.0,58.0,0.477,0.395,0.5
Indiana Pacers,IND,Andrew Nembhard,2024-25,65,1880.67,653.0,216.0,326.0,79.0,11.0,112.0,0.458,0.291,0.794
Miami Heat,MIA,Andrew Wiggins,2024-25,60,1842.28166666667,1078.0,269.0,158.0,60.0,50.0,99.0,0.448,0.374,0.763
Portland Trail Blazers,POR,Anfernee Simons,2024-25,70,2291.89833333333,1348.0,189.0,337.0,60.0,5.0,143.0,0.426,0.363,0.902
Orlando Magic,ORL,Anthony Black,2024-25,78,1886.99333333333,736.0,230.0,240.0,86.0,48.0,139.0,0.423,0.318,0.761
Dallas Mavericks,DAL,Anthony Davis,2024-25,51,1705.48833333333,1261.0,590.0,181.0,59.0,110.0,113.0,0.516,0.282,0.775
Minnesota Timberwolves,MIN,Anthony Edwards,2024-25,79,2871.05833333333,2177.0,450.0,359.0,91.0,51.0,249.0,0.447,0.395,0.837
Washington Wizards,WAS,Anthony Gill,2024-25,51,397.575,129.0,66.0,16.0,9.0,2.0,10.0,0.489,0.323,0.66
New York Knicks,NYK,Anton Watson,2024-25,9,22.1666666666667,8.0,3.0,2.0,1.0,0.0,2.0,0.444,0.0,0.0
New Orleans Pelicans,NOP,Antonio Reeves,2024-25,44,659.558333333333,305.0,63.0,39.0,21.0,4.0,30.0,0.456,0.395,0.8
New York Knicks,NYK,Ariel Hukporti,2024-25,25,217.365,48.0,51.0,11.0,1.0,15.0,21.0,0.677,0.0,0.462
Los Angeles Lakers,LAL,Armel Traore,2024-25,9,66.6666666666667,14.0,15.0,1.0,4.0,2.0,3.0,0.316,0.0,0.286
Detroit Pistons,DET,Ausar Thompson,2024-25,59,1327.715,594.0,303.0,134.0,98.0,40.0,80.0,0.535,0.224,0.641
Los Angeles Lakers,LAL,Austin Reaves,2024-25,73,2550.09166666667,1475.0,329.0,421.0,81.0,22.0,177.0,0.46,0.377,0.877
Chicago Bulls,CHI,Ayo Dosunmu,2024-25,46,1393.88333333333,566.0,161.0,208.0,43.0,18.0,69.0,0.492,0.328,0.785
Miami Heat,MIA,Bam Adebayo,2024-25,78,2673.69333333333,1410.0,749.0,337.0,98.0,53.0,161.0,0.485,0.357,0.765
Boston Celtics,BOS,Baylor Scheierman,2024-25,31,383.888333333333,113.0,65.0,33.0,17.0,2.0,12.0,0.355,0.317,0.75
Indiana Pacers,IND,Ben Sheppard,2024-25,63,1229.55833333333,332.0,177.0,85.0,38.0,14.0,22.0,0.418,0.342,0.889
Los Angeles Clippers,LAC,Ben Simmons,2024-25,51,1119.69333333333,256.0,241.0,285.0,38.0,23.0,102.0,0.52,0.0,0.727
Indiana Pacers,IND,Bennedict Mathurin,2024-25,72,2149.31833333333,1156.0,383.0,136.0,47.0,24.0,135.0,0.458,0.34,0.831
Washington Wizards,WAS,Bilal Coulibaly,2024-25,59,1947.50666666667,727.0,294.0,199.0,78.0,41.0,125.0,0.421,0.281,0.746
San Antonio Spurs,SAS,Bismack Biyombo,2024-25,28,527.486666666667,144.0,158.0,31.0,16.0,23.0,27.0,0.588,0.0,0.4
San Antonio Spurs,SAS,Blake Wesley,2024-25,58,683.106666666667,217.0,61.0,114.0,37.0,6.0,54.0,0.435,0.293,0.623
Milwaukee Bucks,MIL,Bobby Portis Jr.,2024-25,49,1243.68,680.0,411.0,104.0,35.0,26.0,57.0,0.466,0.365,0.836
Detroit Pistons,DET,Bobi Klintman,2024-25,8,42.3816666666667,15.0,7.0,7.0,2.0,1.0,1.0,0.6,0.4,0.5
Los Angeles Clippers,LAC,Bogdan Bogdanović,2024-25,54,1347.65833333333,583.0,159.0,146.0,41.0,11.0,74.0,0.427,0.363,0.879
Phoenix Suns,PHX,Bol Bol,2024-25,36,448.483333333333,244.0,104.0,22.0,9.0,25.0,20.0,0.525,0.344,0.769
Minnesota Timberwolves,MIN,Bones Hyland,2024-25,24,238.77,149.0,25.0,32.0,18.0,4.0,25.0,0.398,0.39,0.885
Phoenix Suns,PHX,Bradley Beal,2024-25,53,1702.19166666667,902.0,177.0,195.0,58.0,28.0,99.0,0.497,0.386,0.803
Oklahoma City Thunder,OKC,Branden Carlson,2024-25,32,246.403333333333,122.0,54.0,14.0,5.0,21.0,7.0,0.443,0.333,0.778
Golden State Warriors,GSW,Brandin Podziemski,2024-25,64,1716.34833333333,747.0,325.0,220.0,69.0,13.0,75.0,0.445,0.372,0.758
New Orleans Pelicans,NOP,Brandon Boston,2024-25,42,992.78,448.0,134.0,92.0,53.0,9.0,52.0,0.436,0.35,0.788
Memphis Grizzlies,MEM,Brandon Clarke,2024-25,64,1206.86166666667,534.0,326.0,66.0,52.0,36.0,41.0,0.621,0.059,0.701
Toronto Raptors,TOR,Brandon Ingram,2024-25,18,595.031666666667,400.0,100.0,93.0,16.0,11.0,69.0,0.465,0.374,0.855
Charlotte Hornets,CHA,Brandon Miller,2024-25,27,923.565,568.0,131.0,98.0,29.0,20.0,76.0,0.403,0.355,0.861
Dallas Mavericks,DAL,Brandon Williams,2024-25,33,487.13,275.0,58.0,76.0,24.0,5.0,39.0,0.521,0.4,0.833
Golden State Warriors,GSW,Braxton Key,2024-25,3,10.825,3.0,2.0,0.0,2.0,0.0,1.0,0.0,0.0,0.5
Utah Jazz,UTA,Brice Sensabaugh,2024-25,71,1431.92166666667,772.0,210.0,110.0,46.0,8.0,107.0,0.459,0.422,0.89
Los Angeles Lakers,LAL,Bronny James,2024-25,27,181.243333333333,62.0,18.0,22.0,9.0,3.0,13.0,0.313,0.281,0.786
Milwaukee Bucks,MIL,Brook Lopez,2024-25,80,2546.07,1041.0,401.0,143.0,50.0,148.0,84.0,0.509,0.373,0.826
New Orleans Pelicans,NOP,Bruce Brown,2024-25,41,921.53,340.0,164.0,84.0,34.0,10.0,39.0,0.421,0.333,0.815
Toronto Raptors,TOR,Bruno Fernando,2024-25,17,146.58,58.0,51.0,18.0,4.0,9.0,14.0,0.531,0.0,0.75
Portland Trail Blazers,POR,Bryce McGowens,2024-25,13,32.0166666666667,13.0,3.0,2.0,1.0,0.0,4.0,0.286,0.0,0.833
Washington Wizards,WAS,Bub Carrington,2024-25,82,2457.79,807.0,341.0,364.0,54.0,21.0,141.0,0.401,0.339,0.812
Golden State Warriors,GSW,Buddy Hield,2024-25,82,1862.98833333333,912.0,264.0,134.0,69.0,23.0,91.0,0.417,0.37,0.828
New Orleans Pelicans,NOP,CJ McCollum,2024-25,56,1831.67833333333,1183.0,212.0,227.0,46.0,24.0,106.0,0.444,0.373,0.717
Detroit Pistons,DET,Cade Cunningham,2024-25,70,2451.94666666667,1830.0,425.0,638.0,71.0,53.0,309.0,0.469,0.356,0.846
Orlando Magic,ORL,Caleb Houstan,2024-25,58,787.99,239.0,75.0,35.0,22.0,6.0,13.0,0.421,0.4,0.882
Dallas Mavericks,DAL,Caleb Martin,2024-25,45,1218.01666666667,356.0,177.0,95.0,46.0,23.0,56.0,0.424,0.359,0.622
Los Angeles Clippers,LAC,Cam Christie,2024-25,13,58.6483333333333,18.0,12.0,6.0,5.0,1.0,2.0,0.292,0.154,0.5
Los Angeles Lakers,LAL,Cam Reddish,2024-25,33,589.45,105.0,66.0,22.0,33.0,10.0,12.0,0.404,0.277,0.615
Memphis Grizzlies,MEM,Cam Spencer,2024-25,25,252.243333333333,106.0,30.0,34.0,9.0,1.0,6.0,0.415,0.365,1.0
Brooklyn Nets,BKN,Cam Thomas,2024-25,25,781.156666666667,599.0,83.0,94.0,15.0,2.0,62.0,0.438,0.349,0.881
Houston Rockets,HOU,Cam Whitmore,2024-25,51,826.585,477.0,151.0,49.0,31.0,13.0,46.0,0.444,0.355,0.75
Brooklyn Nets,BKN,Cameron Johnson,2024-25,57,1799.76333333333,1070.0,247.0,194.0,53.0,25.0,99.0,0.475,0.39,0.893
New York Knicks,NYK,Cameron Payne,2024-25,72,1089.97666666667,500.0,104.0,203.0,39.0,16.0,52.0,0.401,0.363,0.907
Atlanta Hawks,ATL,Caris LeVert,2024-25,64,1596.10666666667,776.0,203.0,215.0,57.0,33.0,76.0,0.467,0.373,0.71
Oklahoma City Thunder,OKC,Cason Wallace,2024-25,68,1876.26,568.0,229.0,173.0,120.0,35.0,59.0,0.474,0.356,0.811
San Antonio Spurs,SAS,Charles Bassey,2024-25,36,375.515,157.0,152.0,17.0,14.0,30.0,23.0,0.581,0.0,0.636
Oklahoma City Thunder,OKC,Chet Holmgren,2024-25,32,876.54,479.0,257.0,63.0,23.0,71.0,56.0,0.49,0.379,0.754
Toronto Raptors,TOR,Chris Boucher,2024-25,50,862.3,502.0,224.0,33.0,24.0,25.0,29.0,0.492,0.363,0.782
Chicago Bulls,CHI,Chris Duarte,2024-25,17,74.4683333333333,36.0,20.0,9.0,0.0,0.0,1.0,0.462,0.4,0.75
Milwaukee Bucks,MIL,Chris Livingston,2024-25,21,105.81,30.0,35.0,5.0,5.0,0.0,6.0,0.333,0.0,0.75
San Antonio Spurs,SAS,Chris Paul,2024-25,82,2292.16333333333,723.0,296.0,605.0,103.0,22.0,129.0,0.427,0.377,0.924
Denver Nuggets,DEN,Christian Braun,2024-25,79,2675.38333333333,1218.0,410.0,205.0,85.0,37.0,81.0,0.58,0.397,0.827
Los Angeles Lakers,LAL,Christian Koloko,2024-25,37,341.53,90.0,92.0,16.0,8.0,16.0,12.0,0.606,0.0,0.714
Cleveland Cavaliers,CLE,Chuma Okeke,2024-25,9,196.68,53.0,47.0,15.0,5.0,4.0,3.0,0.5,0.393,0.667
Atlanta Hawks,ATL,Clint Capela,2024-25,55,1176.43333333333,488.0,469.0,62.0,34.0,53.0,47.0,0.559,0.0,0.536
Chicago Bulls,CHI,Coby White,2024-25,74,2450.25666666667,1509.0,273.0,330.0,69.0,16.0,177.0,0.453,0.37,0.902
Phoenix Suns,PHX,Cody Martin,2024-25,53,1173.20666666667,358.0,224.0,105.0,56.0,32.0,51.0,0.418,0.285,0.705
Utah Jazz,UTA,Cody Williams,2024-25,50,1059.61166666667,230.0,113.0,59.0,23.0,16.0,44.0,0.323,0.259,0.725
Washington Wizards,WAS,Colby Jones,2024-25,39,514.648333333333,157.0,87.0,44.0,26.0,13.0,23.0,0.457,0.327,0.657
Memphis Grizzlies,MEM,Cole Anthony,2024-25,67,1234.11333333333,630.0,204.0,191.0,45.0,32.0,103.0,0.424,0.353,0.823
Indiana Pacers,IND,Cole Swider,2024-25,10,169.5,59.0,27.0,3.0,4.0,2.0,4.0,0.349,0.319,0.0
Toronto Raptors,TOR,Colin Castleton,2024-25,26,431.99,123.0,122.0,28.0,8.0,10.0,23.0,0.469,0.125,0.763
Phoenix Suns,PHX,Collin Gillespie,2024-25,33,461.218333333333,194.0,78.0,78.0,21.0,5.0,17.0,0.43,0.433,0.864
Utah Jazz,UTA,Collin Sexton,2024-25,63,1757.76,1159.0,171.0,264.0,47.0,6.0,160.0,0.48,0.406,0.865
Washington Wizards,WAS,Corey Kispert,2024-25,61,1601.52333333333,705.0,181.0,103.0,26.0,14.0,64.0,0.451,0.364,0.852
Orlando Magic,ORL,Cory Joseph,2024-25,50,611.733333333333,177.0,74.0,72.0,26.0,4.0,18.0,0.403,0.364,0.778
Cleveland Cavaliers,CLE,Craig Porter Jr.,2024-25,51,513.265,188.0,67.0,71.0,17.0,15.0,38.0,0.514,0.438,0.719
Brooklyn Nets,BKN,Cui Cui,2024-25,5,10.3183333333333,3.0,2.0,0.0,0.0,0.0,0.0,0.143,0.0,0.5
Brooklyn Nets,BKN,D'Angelo Russell,2024-25,58,1480.41833333333,732.0,162.0,297.0,56.0,23.0,108.0,0.39,0.314,0.834
Toronto Raptors,TOR,D.J. Carton,2024-25,4,33.3866666666667,3.0,4.0,3.0,2.0,0.0,4.0,0.143,0.0,1.0
Charlotte Hornets,CHA,DaQuan Jeffries,2024-25,47,1071.50666666667,315.0,135.0,53.0,26.0,25.0,35.0,0.405,0.335,0.8
Atlanta Hawks,ATL,Daeqwon Plowden,2024-25,6,71.55,43.0,11.0,2.0,0.0,0.0,4.0,0.64,0.529,1.0
Minnesota Timberwolves,MIN,Daishen Nix,2024-25,3,13.2333333333333,1.0,4.0,3.0,0.0,0.0,4.0,0.0,0.0,0.5
Portland Trail Blazers,POR,Dalano Banton,2024-25,67,1119.945,559.0,135.0,160.0,43.0,34.0,86.0,0.391,0.324,0.728
Chicago Bulls,CHI,Dalen Terry,2024-25,73,987.178333333333,326.0,124.0,97.0,44.0,15.0,53.0,0.448,0.356,0.71
Los Angeles Lakers,LAL,Dalton Knecht,2024-25,78,1493.795,706.0,216.0,66.0,24.0,8.0,37.0,0.461,0.376,0.762
Milwaukee Bucks,MIL,Damian Lillard,2024-25,58,2092.87,1447.0,272.0,410.0,70.0,10.0,162.0,0.448,0.376,0.921
Charlotte Hornets,CHA,Damion Baugh,2024-25,15,370.488333333333,109.0,50.0,56.0,15.0,2.0,31.0,0.323,0.214,0.867
Phoenix Suns,PHX,Damion Lee,2024-25,25,144.018333333333,83.0,20.0,11.0,6.0,0.0,10.0,0.365,0.243,0.952
Dallas Mavericks,DAL,Daniel Gafford,2024-25,57,1226.095,701.0,388.0,80.0,23.0,102.0,66.0,0.702,0.0,0.689
New Orleans Pelicans,NOP,Daniel Theis,2024-25,38,621.241666666667,162.0,164.0,60.0,18.0,20.0,25.0,0.473,0.243,0.838
Detroit Pistons,DET,Daniss Jenkins,2024-25,7,22.7483333333333,7.0,2.0,3.0,0.0,0.0,1.0,0.3,0.143,0.0
Dallas Mavericks,DAL,Dante Exum,2024-25,20,372.31,174.0,33.0,56.0,12.0,3.0,22.0,0.478,0.434,0.742
Denver Nuggets,DEN,Dario Saric,2024-25,16,210.383333333333,56.0,50.0,23.0,7.0,1.0,15.0,0.362,0.269,0.7
Brooklyn Nets,BKN,Dariq Whitehead,2024-25,20,246.078333333333,114.0,29.0,12.0,6.0,1.0,15.0,0.406,0.446,0.6
Cleveland Cavaliers,CLE,Darius Garland,2024-25,75,2300.77,1544.0,214.0,506.0,91.0,11.0,189.0,0.472,0.401,0.878
San Antonio Spurs,SAS,David Duke Jr.,2024-25,6,33.7166666666667,16.0,5.0,4.0,1.0,0.0,2.0,0.429,0.5,0.5
Houston Rockets,HOU,David Roddy,2024-25,33,409.753333333333,153.0,84.0,35.0,14.0,9.0,22.0,0.456,0.311,0.769
Miami Heat,MIA,Davion Mitchell,2024-25,74,2027.31333333333,588.0,167.0,363.0,72.0,16.0,128.0,0.468,0.398,0.69
Brooklyn Nets,BKN,Day'Ron Sharpe,2024-25,50,907.458333333333,397.0,330.0,91.0,41.0,42.0,63.0,0.521,0.244,0.757
San Antonio Spurs,SAS,De'Aaron Fox,2024-25,62,2241.13666666667,1459.0,298.0,392.0,91.0,25.0,174.0,0.463,0.31,0.827
Cleveland Cavaliers,CLE,De'Andre Hunter,2024-25,64,1740.015,1088.0,258.0,92.0,50.0,13.0,82.0,0.47,0.405,0.846
Brooklyn Nets,BKN,De'Anthony Melton,2024-25,6,120.983333333333,62.0,20.0,17.0,7.0,2.0,10.0,0.407,0.371,0.625
Denver Nuggets,DEN,DeAndre Jordan,2024-25,56,690.701666666667,209.0,284.0,53.0,16.0,27.0,40.0,0.65,0.0,0.422
Sacramento Kings,SAC,DeMar DeRozan,2024-25,77,2767.615,1710.0,298.0,342.0,62.0,32.0,105.0,0.477,0.328,0.857
Cleveland Cavaliers,CLE,Dean Wade,2024-25,59,1252.45166666667,320.0,249.0,76.0,42.0,20.0,22.0,0.413,0.36,0.533
Portland Trail Blazers,POR,Deandre Ayton,2024-25,40,1205.62,576.0,406.0,64.0,31.0,39.0,69.0,0.566,0.188,0.667
New Orleans Pelicans,NOP,Dejounte Murray,2024-25,31,1012.14833333333,542.0,200.0,228.0,63.0,12.0,106.0,0.393,0.299,0.823
New York Knicks,NYK,Delon Wright,2024-25,40,634.496666666667,125.0,66.0,77.0,35.0,12.0,22.0,0.344,0.274,0.6
Portland Trail Blazers,POR,Deni Avdija,2024-25,72,2161.14833333333,1219.0,522.0,281.0,71.0,35.0,196.0,0.476,0.365,0.78
Detroit Pistons,DET,Dennis Schröder,2024-25,75,2104.77833333333,980.0,198.0,404.0,66.0,12.0,142.0,0.406,0.342,0.838
Dallas Mavericks,DAL,Dereck Lively II,2024-25,36,832.736666666667,314.0,270.0,85.0,20.0,56.0,41.0,0.702,0.0,0.63
Los Angeles Clippers,LAC,Derrick Jones Jr.,2024-25,77,1873.38833333333,781.0,263.0,60.0,79.0,33.0,66.0,0.526,0.356,0.703
Boston Celtics,BOS,Derrick White,2024-25,76,2573.615,1248.0,341.0,361.0,72.0,80.0,131.0,0.442,0.384,0.839
Orlando Magic,ORL,Desmond Bane,2024-25,69,2205.225,1327.0,418.0,369.0,80.0,28.0,169.0,0.484,0.392,0.894
Phoenix Suns,PHX,Devin Booker,2024-25,75,2794.96666666667,1923.0,305.0,529.0,67.0,16.0,220.0,0.461,0.332,0.894
Sacramento Kings,SAC,Devin Carter,2024-25,36,395.943333333333,138.0,76.0,41.0,21.0,4.0,18.0,0.37,0.295,0.591
San Antonio Spurs,SAS,Devin Vassell,2024-25,64,1983.185,1041.0,255.0,183.0,84.0,33.0,88.0,0.443,0.368,0.792
Houston Rockets,HOU,Dillon Brooks,2024-25,75,2388.26166666667,1053.0,275.0,128.0,60.0,16.0,76.0,0.429,0.397,0.818
Oklahoma City Thunder,OKC,Dillon Jones,2024-25,54,551.493333333333,135.0,121.0,58.0,16.0,4.0,28.0,0.383,0.254,0.607
Sacramento Kings,SAC,Domantas Sabonis,2024-25,70,2428.87666666667,1337.0,972.0,423.0,48.0,26.0,202.0,0.59,0.417,0.754
Atlanta Hawks,ATL,Dominick Barlow,2024-25,35,374.998333333333,148.0,85.0,19.0,9.0,16.0,5.0,0.531,0.259,0.636
Portland Trail Blazers,POR,Donovan Clingan,2024-25,67,1323.64333333333,436.0,527.0,77.0,34.0,110.0,72.0,0.539,0.286,0.596
Cleveland Cavaliers,CLE,Donovan Mitchell,2024-25,71,2232.03333333333,1701.0,322.0,354.0,95.0,17.0,149.0,0.443,0.368,0.823
Minnesota Timberwolves,MIN,Donte DiVincenzo,2024-25,62,1605.73333333333,723.0,228.0,225.0,73.0,17.0,99.0,0.422,0.397,0.778
Los Angeles Lakers,LAL,Dorian Finney-Smith,2024-25,63,1818.67833333333,549.0,247.0,90.0,58.0,23.0,56.0,0.448,0.411,0.667
Sacramento Kings,SAC,Doug McDermott,2024-25,42,341.651666666667,147.0,22.0,7.0,4.0,2.0,6.0,0.427,0.436,0.6
Golden State Warriors,GSW,Draymond Green,2024-25,68,1983.30666666667,613.0,414.0,383.0,99.0,70.0,174.0,0.424,0.325,0.687
Los Angeles Clippers,LAC,Drew Eubanks,2024-25,61,746.01,280.0,226.0,54.0,12.0,39.0,41.0,0.593,0.5,0.662
Boston Celtics,BOS,Drew Peterson,2024-25,25,186.146666666667,54.0,40.0,13.0,5.0,2.0,8.0,0.415,0.394,0.778
Brooklyn Nets,BKN,Drew Timme,2024-25,9,253.878333333333,109.0,65.0,20.0,4.0,1.0,15.0,0.441,0.257,0.625
Miami Heat,MIA,Dru Smith,2024-25,14,268.205,87.0,36.0,23.0,21.0,6.0,17.0,0.508,0.533,0.75
Miami Heat,MIA,Duncan Robinson,2024-25,74,1785.595,817.0,167.0,176.0,40.0,6.0,86.0,0.437,0.393,0.887
Portland Trail Blazers,POR,Duop Reath,2024-25,46,469.426666666667,194.0,92.0,26.0,12.0,14.0,16.0,0.422,0.321,0.909
Dallas Mavericks,DAL,Dwight Powell,2024-25,55,550.86,114.0,118.0,55.0,18.0,21.0,18.0,0.689,0.4,0.651
Atlanta Hawks,ATL,Dyson Daniels,2024-25,76,2571.17,1073.0,449.0,333.0,229.0,55.0,155.0,0.493,0.34,0.593
Chicago Bulls,CHI,E.J. Liddell,2024-25,12,52.8566666666667,21.0,9.0,3.0,1.0,1.0,2.0,0.533,0.3,1.0
New Orleans Pelicans,NOP,Elfrid Payton,2024-25,24,510.805,85.0,79.0,166.0,24.0,11.0,59.0,0.328,0.167,0.571
Utah Jazz,UTA,Elijah Harkless,2024-25,10,138.0,32.0,21.0,8.0,10.0,1.0,3.0,0.314,0.28,0.5
Chicago Bulls,CHI,Emanuel Miller,2024-25,6,24.7333333333333,10.0,8.0,2.0,1.0,0.0,0.0,0.5,0.0,1.0
Cleveland Cavaliers,CLE,Emoni Bates,2024-25,10,74.7833333333333,37.0,7.0,8.0,1.0,1.0,2.0,0.342,0.367,0.0
Indiana Pacers,IND,Enrique Freeman,2024-25,22,181.205,46.0,30.0,9.0,3.0,3.0,6.0,0.432,0.1,0.684
Philadelphia 76ers,PHI,Eric Gordon,2024-25,39,768.491666666667,266.0,46.0,65.0,26.0,12.0,28.0,0.426,0.409,0.75
Cleveland Cavaliers,CLE,Evan Mobley,2024-25,71,2166.555,1316.0,659.0,226.0,61.0,113.0,145.0,0.557,0.37,0.725
Orlando Magic,ORL,Franz Wagner,2024-25,60,2023.30666666667,1449.0,342.0,284.0,75.0,21.0,138.0,0.463,0.295,0.871
Houston Rockets,HOU,Fred VanVleet,2024-25,60,2111.29833333333,844.0,221.0,333.0,94.0,25.0,87.0,0.378,0.345,0.81
Memphis Grizzlies,MEM,GG Jackson,2024-25,29,458.615,209.0,92.0,29.0,12.0,5.0,31.0,0.372,0.337,0.725
Los Angeles Lakers,LAL,Gabe Vincent,2024-25,72,1527.265,460.0,92.0,98.0,51.0,13.0,41.0,0.4,0.353,0.714
Toronto Raptors,TOR,Garrett Temple,2024-25,28,226.768333333333,53.0,29.0,31.0,17.0,2.0,10.0,0.3,0.214,0.917
Atlanta Hawks,ATL,Garrison Mathews,2024-25,47,829.508333333333,353.0,87.0,60.0,26.0,15.0,31.0,0.397,0.39,0.821
Orlando Magic,ORL,Gary Harris,2024-25,48,710.71,145.0,64.0,30.0,26.0,12.0,17.0,0.383,0.356,0.583
Golden State Warriors,GSW,Gary Payton II,2024-25,62,927.176666666667,400.0,185.0,83.0,52.0,17.0,39.0,0.574,0.326,0.711
Milwaukee Bucks,MIL,Gary Trent Jr.,2024-25,74,1893.395,824.0,168.0,87.0,72.0,4.0,42.0,0.431,0.416,0.848
Atlanta Hawks,ATL,Georges Niang,2024-25,79,1697.23333333333,784.0,272.0,111.0,28.0,14.0,82.0,0.461,0.406,0.793
Milwaukee Bucks,MIL,Giannis Antetokounmpo,2024-25,67,2288.63,2036.0,798.0,433.0,58.0,78.0,206.0,0.601,0.222,0.617
Orlando Magic,ORL,Goga Bitadze,2024-25,70,1429.46166666667,502.0,463.0,137.0,49.0,98.0,72.0,0.611,0.107,0.639
Toronto Raptors,TOR,Gradey Dick,2024-25,54,1587.37333333333,777.0,193.0,98.0,48.0,10.0,83.0,0.41,0.35,0.858
Charlotte Hornets,CHA,Grant Williams,2024-25,16,479.025,166.0,82.0,37.0,18.0,13.0,28.0,0.439,0.365,0.838
Phoenix Suns,PHX,Grayson Allen,2024-25,64,1543.705,680.0,194.0,137.0,54.0,19.0,75.0,0.448,0.426,0.816
Philadelphia 76ers,PHI,Guerschon Yabusele,2024-25,70,1894.73666666667,768.0,395.0,148.0,58.0,24.0,87.0,0.501,0.38,0.725
Golden State Warriors,GSW,Gui Santos,2024-25,56,761.523333333333,227.0,172.0,80.0,25.0,10.0,42.0,0.458,0.33,0.69
San Antonio Spurs,SAS,Harrison Barnes,2024-25,82,2230.06333333333,1011.0,310.0,136.0,39.0,14.0,50.0,0.508,0.433,0.809
San Antonio Spurs,SAS,Harrison Ingram,2024-25,5,34.75,4.0,9.0,3.0,3.0,0.0,1.0,0.5,0.0,0.0
Miami Heat,MIA,Haywood Highsmith,2024-25,74,1818.32666666667,478.0,252.0,112.0,68.0,37.0,54.0,0.458,0.382,0.721
New Orleans Pelicans,NOP,Herbert Jones,2024-25,20,648.131666666667,205.0,78.0,65.0,37.0,9.0,35.0,0.436,0.306,0.825
Denver Nuggets,DEN,Hunter Tyson,2024-25,51,399.935,134.0,78.0,20.0,10.0,6.0,14.0,0.375,0.311,0.75
Toronto Raptors,TOR,Immanuel Quickley,2024-25,33,917.753333333333,564.0,117.0,191.0,23.0,4.0,58.0,0.42,0.378,0.867
Sacramento Kings,SAC,Isaac Jones,2024-25,40,303.863333333333,134.0,57.0,12.0,5.0,10.0,16.0,0.651,0.375,0.639
Cleveland Cavaliers,CLE,Isaac Okoro,2024-25,55,1053.20333333333,337.0,130.0,68.0,32.0,16.0,23.0,0.464,0.371,0.717
Utah Jazz,UTA,Isaiah Collier,2024-25,71,1839.10666666667,615.0,235.0,446.0,66.0,16.0,208.0,0.422,0.249,0.682
Sacramento Kings,SAC,Isaiah Crawford,2024-25,15,45.6666666666667,13.0,8.0,1.0,1.0,2.0,1.0,0.455,0.2,0.5
Oklahoma City Thunder,OKC,Isaiah Hartenstein,2024-25,57,1589.64166666667,637.0,611.0,219.0,47.0,62.0,96.0,0.581,0.0,0.675
Indiana Pacers,IND,Isaiah Jackson,2024-25,5,83.88,35.0,28.0,5.0,3.0,8.0,5.0,0.609,0.0,0.5
Oklahoma City Thunder,OKC,Isaiah Joe,2024-25,74,1603.97666666667,756.0,196.0,119.0,48.0,9.0,38.0,0.44,0.412,0.821
Philadelphia 76ers,PHI,Isaiah Mobley,2024-25,1,17.3666666666667,6.0,4.0,5.0,1.0,1.0,0.0,0.286,0.333,0.5
Miami Heat,MIA,Isaiah Stevens,2024-25,3,5.55,0.0,2.0,0.0,1.0,0.0,0.0,0.0,0.0,0.0
Detroit Pistons,DET,Isaiah Stewart,2024-25,72,1433.84833333333,435.0,399.0,123.0,28.0,101.0,68.0,0.559,0.321,0.759
Charlotte Hornets,CHA,Isaiah Wong,2024-25,20,265.503333333333,120.0,32.0,28.0,11.0,0.0,18.0,0.39,0.394,0.735
Los Angeles Clippers,LAC,Ivica Zubac,2024-25,80,2624.17666666667,1340.0,1010.0,214.0,55.0,90.0,127.0,0.628,0.0,0.661
Boston Celtics,BOS,JD Davison,2024-25,16,92.915,33.0,13.0,13.0,5.0,1.0,13.0,0.353,0.222,0.714
Washington Wizards,WAS,JT Thor,2024-25,20,249.316666666667,71.0,48.0,6.0,8.0,9.0,9.0,0.424,0.286,0.682
Memphis Grizzlies,MEM,Ja Morant,2024-25,50,1519.11,1159.0,205.0,364.0,61.0,12.0,185.0,0.454,0.309,0.824
Toronto Raptors,TOR,Ja'Kobe Walter,2024-25,52,1103.235,449.0,160.0,81.0,43.0,10.0,50.0,0.405,0.349,0.795
Houston Rockets,HOU,Jabari Smith Jr.,2024-25,57,1715.57833333333,698.0,399.0,60.0,25.0,41.0,61.0,0.438,0.354,0.825
Portland Trail Blazers,POR,Jabari Walker,2024-25,60,749.165,313.0,211.0,37.0,33.0,6.0,34.0,0.515,0.389,0.69
Houston Rockets,HOU,Jack McVeigh,2024-25,9,43.25,14.0,5.0,1.0,0.0,2.0,2.0,0.294,0.308,0.0
Golden State Warriors,GSW,Jackson Rowe,2024-25,6,51.7316666666667,22.0,11.0,4.0,4.0,0.0,1.0,0.471,0.3,0.5
Atlanta Hawks,ATL,Jacob Toppin,2024-25,17,75.15,23.0,15.0,6.0,2.0,0.0,3.0,0.409,0.5,0.0
Dallas Mavericks,DAL,Jaden Hardy,2024-25,57,907.438333333333,496.0,89.0,81.0,28.0,5.0,82.0,0.435,0.386,0.698
Detroit Pistons,DET,Jaden Ivey,2024-25,30,898.033333333333,528.0,124.0,119.0,28.0,11.0,89.0,0.46,0.409,0.733
Minnesota Timberwolves,MIN,Jaden McDaniels,2024-25,82,2614.41,1000.0,470.0,163.0,110.0,74.0,95.0,0.477,0.33,0.813
Utah Jazz,UTA,Jaden Springer,2024-25,43,365.175,109.0,58.0,33.0,24.0,4.0,16.0,0.389,0.25,0.711
Sacramento Kings,SAC,Jae Crowder,2024-25,9,102.761666666667,23.0,20.0,6.0,3.0,0.0,4.0,0.318,0.267,0.833
Houston Rockets,HOU,Jae'Sean Tate,2024-25,52,588.11,188.0,117.0,47.0,26.0,7.0,22.0,0.473,0.348,0.681
Indiana Pacers,IND,Jahlil Okafor,2024-25,1,3.36666666666667,0.0,1.0,1.0,0.0,0.0,0.0,0.0,0.0,0.0
Chicago Bulls,CHI,Jahmir Young,2024-25,6,29.6666666666667,11.0,3.0,6.0,0.0,0.0,1.0,0.8,0.5,1.0
Miami Heat,MIA,Jaime Jaquez Jr.,2024-25,66,1368.38,570.0,290.0,166.0,61.0,14.0,98.0,0.461,0.311,0.754
Sacramento Kings,SAC,Jake LaRavia,2024-25,66,1349.28,458.0,259.0,158.0,62.0,23.0,86.0,0.475,0.423,0.678
Toronto Raptors,TOR,Jakob Poeltl,2024-25,57,1685.74833333333,824.0,547.0,158.0,66.0,71.0,111.0,0.627,0.333,0.674
Phoenix Suns,PHX,Jalen Bridges,2024-25,8,30.3733333333333,9.0,4.0,0.0,0.0,0.0,4.0,0.286,0.286,0.75
New York Knicks,NYK,Jalen Brunson,2024-25,65,2300.70833333333,1690.0,187.0,475.0,60.0,8.0,164.0,0.488,0.383,0.821
Detroit Pistons,DET,Jalen Duren,2024-25,78,2033.54833333333,918.0,807.0,209.0,54.0,89.0,136.0,0.692,0.0,0.669
Houston Rockets,HOU,Jalen Green,2024-25,82,2697.11,1723.0,377.0,282.0,71.0,27.0,203.0,0.423,0.354,0.813
Philadelphia 76ers,PHI,Jalen Hood-Schifino,2024-25,15,314.676666666667,106.0,27.0,37.0,5.0,7.0,18.0,0.378,0.304,0.857
Atlanta Hawks,ATL,Jalen Johnson,2024-25,36,1284.17833333333,680.0,359.0,181.0,56.0,36.0,106.0,0.5,0.312,0.746
Sacramento Kings,SAC,Jalen McDaniels,2024-25,4,7.335,0.0,0.0,1.0,1.0,0.0,0.0,0.0,0.0,0.0
Denver Nuggets,DEN,Jalen Pickett,2024-25,49,666.19,200.0,71.0,107.0,19.0,5.0,24.0,0.428,0.396,0.75
Chicago Bulls,CHI,Jalen Smith,2024-25,64,962.383333333333,524.0,357.0,65.0,17.0,44.0,37.0,0.466,0.324,0.809
Orlando Magic,ORL,Jalen Suggs,2024-25,35,1002.45333333333,567.0,141.0,129.0,51.0,33.0,102.0,0.41,0.314,0.882
Oklahoma City Thunder,OKC,Jalen Williams,2024-25,69,2236.67333333333,1490.0,369.0,354.0,111.0,46.0,150.0,0.484,0.365,0.789
Brooklyn Nets,BKN,Jalen Wilson,2024-25,79,2031.38666666667,749.0,270.0,145.0,40.0,5.0,79.0,0.397,0.337,0.818
New Orleans Pelicans,NOP,Jamal Cain,2024-25,37,501.798333333333,196.0,85.0,22.0,23.0,9.0,22.0,0.43,0.325,0.68
Denver Nuggets,DEN,Jamal Murray,2024-25,67,2418.34666666667,1436.0,261.0,403.0,91.0,33.0,138.0,0.474,0.393,0.886
Toronto Raptors,TOR,Jamal Shead,2024-25,75,1466.825,533.0,115.0,316.0,58.0,10.0,117.0,0.405,0.323,0.768
Milwaukee Bucks,MIL,Jamaree Bouyea,2024-25,5,61.7,17.0,5.0,10.0,4.0,2.0,8.0,0.5,0.2,0.667
Los Angeles Clippers,LAC,James Harden,2024-25,79,2789.03666666667,1802.0,456.0,687.0,118.0,55.0,341.0,0.41,0.352,0.874
Indiana Pacers,IND,James Johnson,2024-25,12,36.6166666666667,8.0,6.0,4.0,0.0,2.0,4.0,0.364,0.0,0.0
Indiana Pacers,IND,James Wiseman,2024-25,1,4.63333333333333,6.0,1.0,0.0,0.0,0.0,0.0,0.5,0.0,1.0
Toronto Raptors,TOR,Jamison Battle,2024-25,59,1041.67833333333,419.0,158.0,53.0,17.0,10.0,27.0,0.429,0.405,0.889
Indiana Pacers,IND,Jarace Walker,2024-25,75,1186.62,461.0,229.0,110.0,54.0,25.0,78.0,0.472,0.405,0.667
Philadelphia 76ers,PHI,Jared Butler,2024-25,60,1043.735,541.0,110.0,220.0,42.0,13.0,80.0,0.448,0.355,0.824
Philadelphia 76ers,PHI,Jared McCain,2024-25,23,591.791666666667,352.0,56.0,60.0,15.0,0.0,37.0,0.46,0.383,0.875
Toronto Raptors,TOR,Jared Rhoden,2024-25,14,226.163333333333,118.0,42.0,16.0,10.0,2.0,9.0,0.483,0.308,0.88
Memphis Grizzlies,MEM,Jaren Jackson Jr.,2024-25,74,2206.95166666667,1641.0,417.0,148.0,92.0,113.0,153.0,0.488,0.375,0.781
Los Angeles Lakers,LAL,Jarred Vanderbilt,2024-25,36,580.858333333333,147.0,182.0,41.0,35.0,10.0,29.0,0.488,0.281,0.556
Cleveland Cavaliers,CLE,Jarrett Allen,2024-25,82,2296.05333333333,1103.0,798.0,158.0,77.0,73.0,97.0,0.706,0.0,0.718
Cleveland Cavaliers,CLE,Javonte Green,2024-25,68,1257.83333333333,347.0,218.0,56.0,65.0,31.0,32.0,0.429,0.326,0.724
Los Angeles Lakers,LAL,Jaxson Hayes,2024-25,56,1092.68333333333,383.0,269.0,58.0,31.0,51.0,43.0,0.722,0.0,0.622
Memphis Grizzlies,MEM,Jay Huff,2024-25,64,748.031666666667,439.0,129.0,38.0,16.0,56.0,34.0,0.515,0.405,0.786
Boston Celtics,BOS,Jaylen Brown,2024-25,63,2157.92833333333,1398.0,368.0,286.0,73.0,19.0,162.0,0.463,0.324,0.764
Minnesota Timberwolves,MIN,Jaylen Clark,2024-25,40,521.993333333333,163.0,53.0,26.0,36.0,2.0,8.0,0.467,0.431,0.784
Washington Wizards,WAS,Jaylen Martin,2024-25,16,238.626666666667,78.0,44.0,17.0,9.0,0.0,12.0,0.419,0.304,0.9
Washington Wizards,WAS,Jaylen Nowell,2024-25,8,168.075,67.0,20.0,18.0,1.0,4.0,8.0,0.356,0.296,0.636
Charlotte Hornets,CHA,Jaylen Sims,2024-25,6,111.808333333333,42.0,6.0,12.0,3.0,1.0,8.0,0.429,0.4,0.8
Memphis Grizzlies,MEM,Jaylen Wells,2024-25,79,2043.48166666667,823.0,268.0,135.0,44.0,8.0,69.0,0.425,0.352,0.822
Oklahoma City Thunder,OKC,Jaylin Williams,2024-25,47,784.055,278.0,262.0,120.0,22.0,29.0,35.0,0.439,0.399,0.767
Cleveland Cavaliers,CLE,Jaylon Tyson,2024-25,47,452.96,167.0,96.0,44.0,13.0,3.0,26.0,0.43,0.345,0.792
Boston Celtics,BOS,Jayson Tatum,2024-25,72,2623.81666666667,1932.0,623.0,431.0,76.0,38.0,209.0,0.452,0.343,0.814
Dallas Mavericks,DAL,Jazian Gortman,2024-25,16,56.6166666666667,24.0,5.0,6.0,2.0,1.0,5.0,0.391,0.364,0.5
Philadelphia 76ers,PHI,Jeff Dowtin Jr.,2024-25,41,620.77,285.0,60.0,78.0,24.0,12.0,15.0,0.487,0.4,0.733
Houston Rockets,HOU,Jeff Green,2024-25,32,396.446666666667,172.0,58.0,20.0,6.0,4.0,9.0,0.504,0.367,0.808
Portland Trail Blazers,POR,Jerami Grant,2024-25,47,1523.58666666667,677.0,163.0,101.0,41.0,46.0,65.0,0.373,0.365,0.849
New Orleans Pelicans,NOP,Jeremiah Robinson-Earl,2024-25,66,1238.9,418.0,315.0,88.0,39.0,7.0,51.0,0.455,0.341,0.836
San Antonio Spurs,SAS,Jeremy Sochan,2024-25,54,1363.96833333333,617.0,352.0,128.0,45.0,27.0,84.0,0.535,0.308,0.696
Milwaukee Bucks,MIL,Jericho Sims,2024-25,53,631.245,98.0,197.0,33.0,10.0,19.0,33.0,0.634,0.0,0.615
Minnesota Timberwolves,MIN,Jesse Edwards,2024-25,2,4.66666666666667,0.0,0.0,1.0,0.0,0.0,0.0,0.0,0.0,0.0
Orlando Magic,ORL,Jett Howard,2024-25,60,701.106666666667,267.0,70.0,44.0,13.0,11.0,36.0,0.374,0.296,0.696
Chicago Bulls,CHI,Jevon Carter,2024-25,36,320.573333333333,153.0,39.0,40.0,13.0,3.0,11.0,0.377,0.333,0.8
Golden State Warriors,GSW,Jimmy Butler III,2024-25,55,1746.135,964.0,296.0,298.0,77.0,18.0,74.0,0.504,0.308,0.842
Houston Rockets,HOU,Jock Landale,2024-25,42,500.023333333333,200.0,137.0,37.0,13.0,10.0,21.0,0.533,0.423,0.675
Minnesota Timberwolves,MIN,Joe Ingles,2024-25,19,114.086666666667,15.0,11.0,23.0,2.0,0.0,9.0,0.261,0.2,0.0
Philadelphia 76ers,PHI,Joel Embiid,2024-25,19,574.393333333333,452.0,155.0,85.0,14.0,18.0,62.0,0.444,0.299,0.882
Utah Jazz,UTA,John Collins,2024-25,40,1220.49166666667,758.0,327.0,80.0,39.0,40.0,103.0,0.527,0.399,0.848
Memphis Grizzlies,MEM,John Konchar,2024-25,46,558.223333333333,112.0,151.0,42.0,30.0,14.0,16.0,0.451,0.371,0.875
Washington Wizards,WAS,Johnny Davis,2024-25,34,241.658333333333,80.0,38.0,11.0,15.0,6.0,7.0,0.41,0.241,0.6
Indiana Pacers,IND,Johnny Furphy,2024-25,50,379.496666666667,103.0,71.0,19.0,18.0,11.0,12.0,0.38,0.3,0.818
Utah Jazz,UTA,Johnny Juzang,2024-25,64,1269.83,571.0,184.0,68.0,39.0,8.0,36.0,0.429,0.376,0.849
Sacramento Kings,SAC,Jonas Valanciunas,2024-25,81,1523.76333333333,843.0,627.0,164.0,37.0,46.0,120.0,0.55,0.216,0.879
Orlando Magic,ORL,Jonathan Isaac,2024-25,71,1090.015,380.0,314.0,40.0,61.0,80.0,33.0,0.414,0.258,0.682
Golden State Warriors,GSW,Jonathan Kuminga,2024-25,47,1144.08,719.0,217.0,104.0,38.0,21.0,71.0,0.454,0.305,0.668
Toronto Raptors,TOR,Jonathan Mogbo,2024-25,63,1285.655,389.0,311.0,146.0,55.0,34.0,70.0,0.438,0.243,0.732
Utah Jazz,UTA,Jordan Clarkson,2024-25,37,962.47,600.0,118.0,138.0,31.0,9.0,86.0,0.408,0.362,0.797
Los Angeles Lakers,LAL,Jordan Goodwin,2024-25,29,542.575,161.0,112.0,42.0,30.0,11.0,26.0,0.438,0.382,0.818
New Orleans Pelicans,NOP,Jordan Hawkins,2024-25,56,1320.5,604.0,158.0,66.0,30.0,23.0,58.0,0.372,0.331,0.816
San Antonio Spurs,SAS,Jordan McLaughlin,2024-25,46,314.276666666667,98.0,30.0,51.0,16.0,1.0,16.0,0.431,0.413,0.773
Los Angeles Clippers,LAC,Jordan Miller,2024-25,37,420.31,152.0,58.0,34.0,17.0,5.0,26.0,0.433,0.211,0.8
Washington Wizards,WAS,Jordan Poole,2024-25,68,2000.88666666667,1391.0,203.0,303.0,86.0,27.0,204.0,0.432,0.378,0.883
Boston Celtics,BOS,Jordan Walsh,2024-25,52,403.003333333333,82.0,69.0,19.0,12.0,11.0,17.0,0.361,0.273,0.583
New Orleans Pelicans,NOP,Jose Alvarado,2024-25,56,1365.9,579.0,136.0,259.0,74.0,14.0,86.0,0.392,0.359,0.811
Miami Heat,MIA,Josh Christopher,2024-25,14,69.35,28.0,9.0,8.0,5.0,3.0,6.0,0.355,0.182,0.667
Chicago Bulls,CHI,Josh Giddey,2024-25,70,2116.64166666667,1022.0,566.0,503.0,84.0,45.0,202.0,0.465,0.378,0.781
Charlotte Hornets,CHA,Josh Green,2024-25,68,1887.50333333333,506.0,172.0,108.0,74.0,15.0,70.0,0.428,0.391,0.681
New York Knicks,NYK,Josh Hart,2024-25,77,2896.83,1051.0,737.0,453.0,119.0,27.0,158.0,0.525,0.333,0.776
Minnesota Timberwolves,MIN,Josh Minott,2024-25,46,276.275,119.0,47.0,18.0,15.0,12.0,11.0,0.489,0.326,0.895
Charlotte Hornets,CHA,Josh Okogie,2024-25,40,624.978333333333,283.0,113.0,33.0,48.0,19.0,31.0,0.443,0.348,0.741
Miami Heat,MIA,Josh Richardson,2024-25,8,149.49,32.0,12.0,12.0,8.0,1.0,8.0,0.289,0.273,1.0
Boston Celtics,BOS,Jrue Holiday,2024-25,62,1896.06833333333,686.0,265.0,239.0,66.0,27.0,77.0,0.443,0.353,0.909
San Antonio Spurs,SAS,Julian Champagnie,2024-25,82,1932.12833333333,815.0,318.0,111.0,61.0,35.0,74.0,0.415,0.371,0.904
Chicago Bulls,CHI,Julian Phillips,2024-25,79,1122.905,366.0,169.0,39.0,38.0,20.0,27.0,0.446,0.327,0.789
Denver Nuggets,DEN,Julian Strawther,2024-25,65,1383.47,588.0,142.0,83.0,39.0,16.0,57.0,0.432,0.349,0.822
Minnesota Timberwolves,MIN,Julius Randle,2024-25,69,2225.52666666667,1288.0,487.0,323.0,47.0,16.0,196.0,0.485,0.344,0.806
Washington Wizards,WAS,Justin Champagnie,2024-25,62,1340.53333333333,544.0,351.0,60.0,65.0,39.0,54.0,0.511,0.383,0.685
Philadelphia 76ers,PHI,Justin Edwards,2024-25,44,1154.72,445.0,148.0,69.0,45.0,16.0,49.0,0.455,0.363,0.696
Portland Trail Blazers,POR,Justin Minaya,2024-25,19,100.673333333333,18.0,10.0,7.0,6.0,1.0,5.0,0.381,0.2,0.0
Charlotte Hornets,CHA,Jusuf Nurkić,2024-25,51,1062.82666666667,453.0,398.0,115.0,40.0,34.0,97.0,0.477,0.305,0.664
Utah Jazz,UTA,KJ Martin,2024-25,43,911.498333333333,274.0,125.0,48.0,17.0,22.0,24.0,0.552,0.259,0.787
Charlotte Hornets,CHA,KJ Simpson,2024-25,36,842.083333333333,282.0,109.0,112.0,34.0,6.0,56.0,0.346,0.254,0.82
Dallas Mavericks,DAL,Kai Jones,2024-25,40,468.37,198.0,125.0,25.0,15.0,23.0,18.0,0.798,0.2,0.719
New York Knicks,NYK,Karl-Anthony Towns,2024-25,72,2516.72,1759.0,920.0,222.0,71.0,50.0,192.0,0.526,0.42,0.829
New Orleans Pelicans,NOP,Karlo Matković,2024-25,42,790.585,325.0,209.0,46.0,22.0,41.0,43.0,0.574,0.318,0.773
Los Angeles Clippers,LAC,Kawhi Leonard,2024-25,37,1179.95666666667,796.0,219.0,116.0,59.0,17.0,72.0,0.498,0.411,0.81
Atlanta Hawks,ATL,Keaton Wallace,2024-25,31,501.166666666667,168.0,50.0,81.0,28.0,9.0,33.0,0.401,0.329,1.0
Sacramento Kings,SAC,Keegan Murray,2024-25,76,2610.17333333333,942.0,507.0,109.0,61.0,69.0,60.0,0.444,0.343,0.833
New Orleans Pelicans,NOP,Keion Brooks Jr.,2024-25,14,331.781666666667,142.0,58.0,13.0,10.0,10.0,12.0,0.486,0.326,0.733
Miami Heat,MIA,Kel'el Ware,2024-25,64,1422.48666666667,595.0,473.0,60.0,39.0,71.0,57.0,0.554,0.315,0.687
San Antonio Spurs,SAS,Keldon Johnson,2024-25,77,1837.99666666667,979.0,371.0,125.0,49.0,22.0,77.0,0.482,0.318,0.773
New Orleans Pelicans,NOP,Kelly Olynyk,2024-25,44,890.998333333333,384.0,206.0,128.0,33.0,19.0,76.0,0.5,0.418,0.769
Philadelphia 76ers,PHI,Kelly Oubre Jr.,2024-25,60,2078.19,906.0,368.0,108.0,92.0,30.0,80.0,0.47,0.293,0.751
Oklahoma City Thunder,OKC,Kenrich Williams,2024-25,69,1131.53833333333,436.0,241.0,97.0,43.0,10.0,39.0,0.483,0.386,0.718
Memphis Grizzlies,MEM,Kentavious Caldwell-Pope,2024-25,77,2279.03666666667,673.0,169.0,136.0,99.0,34.0,62.0,0.439,0.342,0.863
Sacramento Kings,SAC,Keon Ellis,2024-25,80,1948.19166666667,666.0,212.0,120.0,121.0,63.0,71.0,0.489,0.433,0.849
Brooklyn Nets,BKN,Keon Johnson,2024-25,79,1925.20166666667,839.0,297.0,175.0,82.0,30.0,116.0,0.389,0.314,0.77
Miami Heat,MIA,Keshad Johnson,2024-25,16,98.125,43.0,28.0,4.0,5.0,4.0,4.0,0.692,0.429,0.444
Dallas Mavericks,DAL,Kessler Edwards,2024-25,40,608.46,168.0,115.0,42.0,19.0,20.0,16.0,0.496,0.407,0.923
Phoenix Suns,PHX,Kevin Durant,2024-25,62,2264.685,1647.0,374.0,263.0,50.0,77.0,190.0,0.527,0.43,0.839
Chicago Bulls,CHI,Kevin Huerter,2024-25,69,1678.99333333333,681.0,205.0,156.0,66.0,23.0,67.0,0.425,0.338,0.714
Golden State Warriors,GSW,Kevin Knox II,2024-25,14,83.6566666666667,46.0,17.0,5.0,2.0,4.0,4.0,0.5,0.267,0.75
Miami Heat,MIA,Kevin Love,2024-25,23,251.453333333333,122.0,94.0,22.0,15.0,4.0,14.0,0.357,0.358,0.696
New York Knicks,NYK,Kevin McCullar Jr.,2024-25,4,29.1666666666667,6.0,8.0,2.0,1.0,1.0,0.0,0.286,0.0,1.0
Milwaukee Bucks,MIL,Kevin Porter Jr.,2024-25,75,1482.02,771.0,278.0,256.0,81.0,13.0,136.0,0.449,0.311,0.769
Golden State Warriors,GSW,Kevon Looney,2024-25,76,1142.155,344.0,462.0,118.0,46.0,37.0,39.0,0.514,0.4,0.566
Utah Jazz,UTA,Keyonte George,2024-25,67,2108.475,1125.0,253.0,377.0,46.0,9.0,183.0,0.391,0.343,0.818
Washington Wizards,WAS,Khris Middleton,2024-25,37,843.181666666667,440.0,137.0,150.0,35.0,8.0,56.0,0.475,0.361,0.857
Brooklyn Nets,BKN,Killian Hayes,2024-25,6,162.333333333333,54.0,18.0,31.0,4.0,4.0,9.0,0.419,0.381,0.833
Dallas Mavericks,DAL,Klay Thompson,2024-25,72,1964.56833333333,1005.0,246.0,145.0,50.0,30.0,88.0,0.412,0.391,0.905
Los Angeles Clippers,LAC,Kobe Brown,2024-25,40,272.22,77.0,65.0,24.0,7.0,4.0,12.0,0.458,0.231,0.714
Atlanta Hawks,ATL,Kobe Bufkin,2024-25,10,123.636666666667,53.0,21.0,17.0,3.0,2.0,8.0,0.383,0.211,0.722
Los Angeles Clippers,LAC,Kris Dunn,2024-25,74,1782.91833333333,474.0,251.0,210.0,128.0,27.0,74.0,0.439,0.335,0.682
Portland Trail Blazers,POR,Kris Murray,2024-25,69,1040.38666666667,287.0,182.0,68.0,35.0,17.0,43.0,0.419,0.225,0.456
Boston Celtics,BOS,Kristaps Porziņģis,2024-25,42,1209.96333333333,818.0,284.0,87.0,31.0,63.0,53.0,0.483,0.412,0.809
Miami Heat,MIA,Kyle Anderson,2024-25,61,1002.09333333333,357.0,206.0,145.0,40.0,33.0,37.0,0.469,0.357,0.738
Utah Jazz,UTA,Kyle Filipowski,2024-25,72,1521.54,690.0,440.0,140.0,48.0,22.0,102.0,0.502,0.35,0.65
Milwaukee Bucks,MIL,Kyle Kuzma,2024-25,65,1936.415,964.0,370.0,152.0,36.0,19.0,146.0,0.436,0.307,0.634
Philadelphia 76ers,PHI,Kyle Lowry,2024-25,35,659.448333333333,138.0,67.0,96.0,33.0,11.0,21.0,0.35,0.33,0.818
Los Angeles Lakers,LAL,Kylor Kelley,2024-25,11,125.956666666667,34.0,39.0,5.0,1.0,3.0,4.0,0.636,0.0,0.6
Dallas Mavericks,DAL,Kyrie Irving,2024-25,50,1803.79666666667,1234.0,240.0,231.0,66.0,23.0,111.0,0.473,0.401,0.916
Washington Wizards,WAS,Kyshawn George,2024-25,68,1802.18333333333,590.0,285.0,169.0,68.0,50.0,97.0,0.372,0.322,0.753
Charlotte Hornets,CHA,LaMelo Ball,2024-25,47,1504.475,1184.0,232.0,346.0,54.0,13.0,167.0,0.405,0.339,0.843
Memphis Grizzlies,MEM,Lamar Stevens,2024-25,17,155.535,74.0,38.0,8.0,5.0,3.0,10.0,0.46,0.296,0.727
New York Knicks,NYK,Landry Shamet,2024-25,50,761.6,286.0,61.0,27.0,23.0,2.0,22.0,0.461,0.397,0.667
Atlanta Hawks,ATL,Larry Nance Jr.,2024-25,24,463.226666666667,203.0,103.0,38.0,20.0,13.0,16.0,0.516,0.447,0.692
Utah Jazz,UTA,Lauri Markkanen,2024-25,47,1475.84333333333,892.0,278.0,70.0,33.0,17.0,66.0,0.423,0.346,0.876
Los Angeles Lakers,LAL,LeBron James,2024-25,70,2444.44666666667,1710.0,546.0,575.0,70.0,39.0,260.0,0.513,0.376,0.782
Minnesota Timberwolves,MIN,Leonard Miller,2024-25,13,31.595,20.0,11.0,0.0,2.0,1.0,2.0,0.4,0.0,1.0
New Orleans Pelicans,NOP,Lester Quinones,2024-25,13,183.366666666667,86.0,19.0,24.0,3.0,2.0,14.0,0.397,0.295,0.846
Milwaukee Bucks,MIL,Liam Robbins,2024-25,13,56.9666666666667,9.0,12.0,2.0,2.0,2.0,6.0,0.25,0.0,0.5
Detroit Pistons,DET,Lindy Waters III,2024-25,52,778.41,256.0,110.0,52.0,27.0,11.0,20.0,0.369,0.344,0.727
Philadelphia 76ers,PHI,Lonnie Walker IV,2024-25,20,476.703333333333,247.0,63.0,50.0,10.0,5.0,25.0,0.42,0.354,0.8
Chicago Bulls,CHI,Lonzo Ball,2024-25,35,777.03,267.0,118.0,115.0,47.0,17.0,41.0,0.366,0.344,0.815
Oklahoma City Thunder,OKC,Luguentz Dort,2024-25,71,2073.3,719.0,293.0,115.0,79.0,39.0,51.0,0.435,0.412,0.717
Los Angeles Lakers,LAL,Luka Dončić,2024-25,50,1768.55,1408.0,409.0,383.0,89.0,21.0,179.0,0.45,0.368,0.782
Minnesota Timberwolves,MIN,Luka Garza,2024-25,39,219.31,138.0,54.0,11.0,6.0,3.0,12.0,0.495,0.278,0.686
Memphis Grizzlies,MEM,Luke Kennard,2024-25,65,1471.69166666667,576.0,183.0,215.0,50.0,5.0,72.0,0.478,0.433,0.895
Boston Celtics,BOS,Luke Kornet,2024-25,73,1361.06,441.0,388.0,117.0,36.0,71.0,31.0,0.668,0.0,0.691
Cleveland Cavaliers,CLE,Luke Travers,2024-25,12,87.86,12.0,20.0,8.0,1.0,1.0,8.0,0.25,0.0,1.0
Orlando Magic,ORL,Mac McClung,2024-25,2,10.2333333333333,0.0,1.0,3.0,0.0,0.0,0.0,0.0,0.0,0.0
San Antonio Spurs,SAS,Malachi Flynn,2024-25,4,43.68,16.0,7.0,7.0,3.0,0.0,4.0,0.385,0.25,0.833
San Antonio Spurs,SAS,Malaki Branham,2024-25,47,426.555,235.0,51.0,38.0,11.0,2.0,34.0,0.458,0.405,0.818
Washington Wizards,WAS,Malcolm Brogdon,2024-25,24,564.076666666667,305.0,91.0,98.0,13.0,5.0,38.0,0.433,0.286,0.88
Oklahoma City Thunder,OKC,Malevy Leons,2024-25,6,20.9666666666667,2.0,3.0,1.0,0.0,0.0,1.0,0.0,0.0,0.5
Detroit Pistons,DET,Malik Beasley,2024-25,82,2282.94666666667,1336.0,214.0,139.0,73.0,5.0,83.0,0.43,0.416,0.679
Sacramento Kings,SAC,Malik Monk,2024-25,65,2054.11,1117.0,245.0,362.0,61.0,38.0,159.0,0.439,0.325,0.865
New York Knicks,NYK,MarJon Beauchamp,2024-25,35,156.281666666667,79.0,44.0,11.0,4.0,1.0,15.0,0.415,0.345,0.75
Philadelphia 76ers,PHI,Marcus Bagley,2024-25,10,253.155,67.0,70.0,10.0,9.0,12.0,7.0,0.391,0.156,0.8
Charlotte Hornets,CHA,Marcus Garrett,2024-25,4,79.3833333333333,28.0,6.0,13.0,3.0,2.0,6.0,0.407,0.375,0.75
Detroit Pistons,DET,Marcus Sasser,2024-25,57,810.786666666667,375.0,69.0,133.0,37.0,4.0,54.0,0.463,0.382,0.843
Washington Wizards,WAS,Marcus Smart,2024-25,34,680.34,305.0,72.0,109.0,39.0,9.0,54.0,0.393,0.348,0.761
Charlotte Hornets,CHA,Mark Williams,2024-25,44,1171.045,671.0,447.0,109.0,32.0,54.0,71.0,0.604,0.0,0.804
Sacramento Kings,SAC,Markelle Fultz,2024-25,21,184.058333333333,61.0,20.0,27.0,10.0,2.0,15.0,0.418,0.5,1.0
Los Angeles Lakers,LAL,Markieff Morris,2024-25,15,164.433333333333,56.0,23.0,21.0,2.0,3.0,5.0,0.3,0.25,0.833
Memphis Grizzlies,MEM,Marvin Bagley III,2024-25,31,265.226666666667,136.0,84.0,11.0,9.0,8.0,12.0,0.519,0.158,0.657
Sacramento Kings,SAC,Mason Jones,2024-25,10,45.3916666666667,23.0,9.0,11.0,0.0,1.0,1.0,0.5,0.125,0.8
Phoenix Suns,PHX,Mason Plumlee,2024-25,74,1300.045,333.0,455.0,134.0,33.0,47.0,59.0,0.619,0.0,0.648
Chicago Bulls,CHI,Matas Buzelis,2024-25,80,1511.295,688.0,278.0,79.0,29.0,75.0,74.0,0.454,0.361,0.815
Portland Trail Blazers,POR,Matisse Thybulle,2024-25,15,312.281666666667,112.0,52.0,28.0,33.0,9.0,13.0,0.477,0.438,0.467
New Orleans Pelicans,NOP,Matt Ryan,2024-25,19,67.8216666666667,28.0,8.0,3.0,2.0,0.0,3.0,0.323,0.316,1.0
Dallas Mavericks,DAL,Max Christie,2024-25,78,2127.14166666667,749.0,258.0,146.0,64.0,31.0,88.0,0.427,0.366,0.855
Cleveland Cavaliers,CLE,Max Strus,2024-25,50,1272.725,471.0,217.0,158.0,26.0,12.0,54.0,0.442,0.386,0.824
Los Angeles Lakers,LAL,Maxi Kleber,2024-25,34,636.875,103.0,95.0,43.0,9.0,17.0,23.0,0.385,0.265,0.762
Brooklyn Nets,BKN,Maxwell Lewis,2024-25,28,327.688333333333,116.0,55.0,19.0,9.0,7.0,14.0,0.417,0.38,0.7
Utah Jazz,UTA,Micah Potter,2024-25,38,705.165,162.0,164.0,31.0,14.0,14.0,31.0,0.422,0.316,0.85
Denver Nuggets,DEN,Michael Porter Jr.,2024-25,77,2593.26333333333,1398.0,540.0,165.0,50.0,38.0,104.0,0.504,0.395,0.768
New York Knicks,NYK,Mikal Bridges,2024-25,82,3036.07666666667,1444.0,259.0,306.0,75.0,43.0,132.0,0.5,0.354,0.814
Minnesota Timberwolves,MIN,Mike Conley,2024-25,71,1755.85,582.0,182.0,319.0,79.0,14.0,75.0,0.4,0.41,0.9
Charlotte Hornets,CHA,Miles Bridges,2024-25,64,2028.735,1300.0,481.0,248.0,44.0,45.0,136.0,0.431,0.313,0.87
New York Knicks,NYK,Miles McBride,2024-25,64,1593.455,611.0,161.0,187.0,67.0,17.0,41.0,0.406,0.369,0.813
Boston Celtics,BOS,Miles Norris,2024-25,3,34.9166666666667,7.0,9.0,0.0,2.0,1.0,0.0,0.222,0.286,0.5
New York Knicks,NYK,Mitchell Robinson,2024-25,17,290.123333333333,87.0,101.0,13.0,16.0,18.0,10.0,0.661,0.0,0.684
New Orleans Pelicans,NOP,Mo Bamba,2024-25,32,413.485,138.0,145.0,18.0,9.0,31.0,20.0,0.464,0.278,0.704
Phoenix Suns,PHX,Monte Morris,2024-25,45,570.77,233.0,67.0,73.0,20.0,3.0,21.0,0.426,0.36,0.857
Orlando Magic,ORL,Moritz Wagner,2024-25,30,564.156666666667,386.0,148.0,42.0,24.0,12.0,49.0,0.562,0.36,0.718
Dallas Mavericks,DAL,Moses Brown,2024-25,13,118.576666666667,76.0,44.0,2.0,6.0,4.0,11.0,0.694,0.0,0.727
Golden State Warriors,GSW,Moses Moody,2024-25,74,1649.15,724.0,189.0,96.0,59.0,31.0,54.0,0.433,0.374,0.797
Atlanta Hawks,ATL,Mouhamed Gueye,2024-25,33,532.756666666667,197.0,139.0,27.0,28.0,33.0,15.0,0.421,0.259,0.762
Charlotte Hornets,CHA,Moussa Diabaté,2024-25,71,1240.63333333333,403.0,438.0,56.0,46.0,40.0,61.0,0.596,0.0,0.595
Indiana Pacers,IND,Myles Turner,2024-25,72,2173.63666666667,1120.0,471.0,111.0,54.0,144.0,123.0,0.481,0.396,0.773
Houston Rockets,HOU,N'Faly Dante,2024-25,4,50.6166666666667,24.0,21.0,2.0,1.0,5.0,2.0,0.769,0.0,0.8
Cleveland Cavaliers,CLE,Nae'Qwan Tomlin,2024-25,5,63.4,36.0,21.0,2.0,0.0,1.0,2.0,0.406,0.2,0.727
Dallas Mavericks,DAL,Naji Marshall,2024-25,69,1919.08333333333,914.0,328.0,208.0,70.0,11.0,112.0,0.508,0.275,0.813
Houston Rockets,HOU,Nate Williams,2024-25,20,146.62,65.0,13.0,9.0,8.0,4.0,14.0,0.435,0.231,0.625
Minnesota Timberwolves,MIN,Naz Reid,2024-25,80,2200.11666666667,1138.0,480.0,181.0,58.0,72.0,108.0,0.462,0.379,0.776
Boston Celtics,BOS,Neemias Queta,2024-25,62,863.09,310.0,236.0,45.0,18.0,42.0,40.0,0.65,0.0,0.754
Brooklyn Nets,BKN,Nic Claxton,2024-25,70,1881.73166666667,724.0,515.0,157.0,62.0,100.0,87.0,0.563,0.238,0.513
Phoenix Suns,PHX,Nick Richards,2024-25,57,1256.22333333333,529.0,466.0,49.0,14.0,55.0,81.0,0.591,0.0,0.744
Charlotte Hornets,CHA,Nick Smith Jr.,2024-25,60,1368.74666666667,591.0,128.0,145.0,17.0,6.0,82.0,0.391,0.34,0.935
Minnesota Timberwolves,MIN,Nickeil Alexander-Walker,2024-25,82,2073.10166666667,773.0,265.0,223.0,50.0,34.0,99.0,0.438,0.381,0.78
Los Angeles Clippers,LAC,Nicolas Batum,2024-25,78,1367.37333333333,313.0,218.0,84.0,52.0,36.0,34.0,0.437,0.433,0.81
Denver Nuggets,DEN,Nikola Jokić,2024-25,70,2570.765,2071.0,892.0,716.0,127.0,45.0,230.0,0.576,0.417,0.8
Miami Heat,MIA,Nikola Jović,2024-25,46,1155.67666666667,494.0,180.0,131.0,38.0,13.0,60.0,0.456,0.371,0.828
Chicago Bulls,CHI,Nikola Vučević,2024-25,73,2278.25,1349.0,735.0,256.0,61.0,52.0,119.0,0.53,0.402,0.805
Brooklyn Nets,BKN,Noah Clowney,2024-25,46,1042.28666666667,420.0,181.0,40.0,24.0,21.0,46.0,0.358,0.333,0.838
Los Angeles Clippers,LAC,Norman Powell,2024-25,60,1957.98833333333,1306.0,190.0,125.0,73.0,9.0,108.0,0.484,0.418,0.804
New York Knicks,NYK,OG Anunoby,2024-25,74,2705.77666666667,1332.0,358.0,164.0,110.0,65.0,102.0,0.476,0.372,0.81
Indiana Pacers,IND,Obi Toppin,2024-25,79,1544.815,833.0,318.0,128.0,46.0,28.0,68.0,0.529,0.365,0.781
Toronto Raptors,TOR,Ochai Agbaji,2024-25,64,1738.67,667.0,242.0,98.0,58.0,30.0,54.0,0.498,0.399,0.708
Dallas Mavericks,DAL,Olivier-Maxence Prosper,2024-25,52,584.07,201.0,126.0,40.0,26.0,6.0,14.0,0.402,0.235,0.645
Atlanta Hawks,ATL,Onyeka Okongwu,2024-25,74,2063.92666666667,988.0,660.0,168.0,69.0,68.0,90.0,0.567,0.324,0.759
Toronto Raptors,TOR,Orlando Robinson,2024-25,44,769.801666666667,303.0,220.0,77.0,17.0,16.0,49.0,0.444,0.327,0.771
Utah Jazz,UTA,Oscar Tshiebwe,2024-25,14,255.173333333333,107.0,122.0,9.0,13.0,1.0,10.0,0.6,0.0,0.742
Philadelphia 76ers,PHI,Oshae Brissett,2024-25,6,142.241666666667,52.0,22.0,4.0,4.0,3.0,8.0,0.487,0.333,0.571
Phoenix Suns,PHX,Oso Ighodaro,2024-25,61,1045.545,255.0,222.0,71.0,28.0,29.0,39.0,0.604,0.0,0.58
Oklahoma City Thunder,OKC,Ousmane Dieng,2024-25,37,404.841666666667,142.0,81.0,31.0,17.0,7.0,18.0,0.432,0.324,0.688
New York Knicks,NYK,P.J. Tucker,2024-25,3,57.8683333333333,9.0,8.0,0.0,1.0,1.0,1.0,0.429,0.5,0.0
Dallas Mavericks,DAL,P.J. Washington,2024-25,57,1834.85833333333,836.0,442.0,131.0,63.0,60.0,118.0,0.453,0.381,0.722
Minnesota Timberwolves,MIN,PJ Dozier,2024-25,9,34.9166666666667,7.0,5.0,5.0,1.0,0.0,1.0,0.667,0.667,0.167
Denver Nuggets,DEN,PJ Hall,2024-25,19,66.1833333333333,33.0,22.0,4.0,0.0,4.0,2.0,0.583,0.25,0.75
New York Knicks,NYK,Pacôme Dadiet,2024-25,18,111.178333333333,30.0,18.0,5.0,3.0,2.0,4.0,0.323,0.316,0.667
Orlando Magic,ORL,Paolo Banchero,2024-25,46,1581.53,1191.0,345.0,219.0,36.0,28.0,136.0,0.452,0.32,0.727
Indiana Pacers,IND,Pascal Siakam,2024-25,78,2547.85333333333,1578.0,540.0,263.0,70.0,42.0,109.0,0.519,0.389,0.734
Milwaukee Bucks,MIL,Pat Connaughton,2024-25,41,602.826666666667,216.0,109.0,70.0,9.0,11.0,24.0,0.469,0.321,0.774
Golden State Warriors,GSW,Pat Spencer,2024-25,39,249.611666666667,98.0,46.0,48.0,14.0,3.0,18.0,0.406,0.227,0.733
Los Angeles Clippers,LAC,Patrick Baldwin Jr.,2024-25,24,106.748333333333,53.0,25.0,3.0,3.0,2.0,5.0,0.543,0.565,0.5
Chicago Bulls,CHI,Patrick Williams,2024-25,63,1576.32666666667,566.0,237.0,124.0,48.0,32.0,86.0,0.397,0.353,0.723
Los Angeles Clippers,LAC,Patty Mills,2024-25,29,320.655,111.0,22.0,26.0,13.0,3.0,17.0,0.375,0.347,0.929
Philadelphia 76ers,PHI,Paul George,2024-25,41,1333.59333333333,665.0,219.0,178.0,75.0,20.0,106.0,0.43,0.358,0.814
Detroit Pistons,DET,Paul Reed,2024-25,45,437.536666666667,184.0,123.0,44.0,39.0,25.0,26.0,0.507,0.286,0.762
Boston Celtics,BOS,Payton Pritchard,2024-25,80,2270.875,1144.0,307.0,279.0,70.0,14.0,83.0,0.472,0.407,0.845
Miami Heat,MIA,Pelle Larsson,2024-25,55,781.946666666667,251.0,92.0,65.0,32.0,7.0,24.0,0.438,0.337,0.672
Milwaukee Bucks,MIL,Pete Nance,2024-25,13,138.166666666667,38.0,21.0,10.0,2.0,2.0,4.0,0.438,0.375,0.5
Denver Nuggets,DEN,Peyton Watson,2024-25,68,1655.72833333333,551.0,233.0,94.0,48.0,93.0,56.0,0.477,0.353,0.693
Philadelphia 76ers,PHI,Phillip Wheeler,2024-25,5,44.3966666666667,8.0,8.0,2.0,1.0,2.0,1.0,0.143,0.0,1.0
New York Knicks,NYK,Precious Achiuwa,2024-25,57,1169.61333333333,379.0,317.0,55.0,47.0,42.0,45.0,0.502,0.278,0.594
Philadelphia 76ers,PHI,Quentin Grimes,2024-25,75,2013.09,1092.0,324.0,228.0,74.0,22.0,141.0,0.467,0.385,0.757
Indiana Pacers,IND,Quenton Jackson,2024-25,28,381.038333333333,162.0,44.0,53.0,21.0,5.0,16.0,0.475,0.375,0.775
Los Angeles Lakers,LAL,Quincy Olivari,2024-25,2,10.3,3.0,0.0,1.0,0.0,0.0,1.0,0.2,0.2,0.0
Golden State Warriors,GSW,Quinten Post,2024-25,42,685.756666666667,340.0,148.0,56.0,16.0,18.0,33.0,0.449,0.408,0.778
Toronto Raptors,TOR,RJ Barrett,2024-25,58,1868.80333333333,1223.0,366.0,314.0,46.0,17.0,166.0,0.468,0.35,0.63
Indiana Pacers,IND,RayJ Dennis,2024-25,11,70.3833333333333,30.0,12.0,14.0,7.0,2.0,5.0,0.333,0.286,1.0
Portland Trail Blazers,POR,Rayan Rupert,2024-25,52,459.541666666667,155.0,70.0,25.0,16.0,4.0,30.0,0.408,0.271,0.767
Brooklyn Nets,BKN,Reece Beekman,2024-25,36,469.303333333333,93.0,39.0,63.0,33.0,2.0,21.0,0.327,0.175,0.762
Houston Rockets,HOU,Reed Sheppard,2024-25,52,654.351666666667,229.0,78.0,75.0,35.0,17.0,37.0,0.351,0.338,0.813
Philadelphia 76ers,PHI,Reggie Jackson,2024-25,31,383.991666666667,136.0,42.0,45.0,16.0,3.0,17.0,0.391,0.338,0.778
Washington Wizards,WAS,Richaun Holmes,2024-25,31,534.135,230.0,177.0,42.0,9.0,23.0,21.0,0.647,0.0,0.833
Philadelphia 76ers,PHI,Ricky Council IV,2024-25,73,1250.015,532.0,214.0,97.0,32.0,13.0,52.0,0.382,0.258,0.804
San Antonio Spurs,SAS,Riley Minix,2024-25,1,6.75,0.0,2.0,0.0,0.0,0.0,0.0,0.0,0.0,0.0
Minnesota Timberwolves,MIN,Rob Dillingham,2024-25,49,515.975,219.0,50.0,98.0,20.0,1.0,53.0,0.441,0.338,0.533
Portland Trail Blazers,POR,Robert Williams III,2024-25,20,351.33,116.0,118.0,21.0,13.0,33.0,17.0,0.641,0.333,0.882
Detroit Pistons,DET,Ron Harper Jr.,2024-25,1,17.0,4.0,7.0,2.0,0.0,0.0,0.0,0.125,0.0,1.0
Detroit Pistons,DET,Ronald Holland II,2024-25,81,1266.32166666667,522.0,218.0,82.0,49.0,17.0,72.0,0.474,0.238,0.754
Phoenix Suns,PHX,Royce O'Neale,2024-25,75,1836.87333333333,680.0,349.0,163.0,67.0,33.0,65.0,0.423,0.406,0.731
Minnesota Timberwolves,MIN,Rudy Gobert,2024-25,72,2388.42333333333,866.0,785.0,127.0,56.0,104.0,89.0,0.669,0.0,0.674
Los Angeles Lakers,LAL,Rui Hachimura,2024-25,59,1868.825,775.0,295.0,83.0,45.0,26.0,49.0,0.509,0.413,0.77
Denver Nuggets,DEN,Russell Westbrook,2024-25,75,2092.29166666667,994.0,370.0,457.0,106.0,37.0,242.0,0.449,0.323,0.661
Phoenix Suns,PHX,Ryan Dunn,2024-25,74,1410.41666666667,511.0,267.0,57.0,44.0,40.0,40.0,0.43,0.311,0.487
Milwaukee Bucks,MIL,Ryan Rollins,2024-25,56,819.525,349.0,108.0,104.0,42.0,17.0,53.0,0.487,0.408,0.8
Boston Celtics,BOS,Sam Hauser,2024-25,71,1541.13333333333,605.0,224.0,64.0,41.0,13.0,23.0,0.451,0.416,1.0
Cleveland Cavaliers,CLE,Sam Merrill,2024-25,71,1401.28166666667,509.0,157.0,108.0,53.0,14.0,35.0,0.406,0.372,0.966
San Antonio Spurs,SAS,Sandro Mamukelashvili,2024-25,61,681.208333333333,385.0,187.0,48.0,22.0,17.0,26.0,0.502,0.373,0.741
Memphis Grizzlies,MEM,Santi Aldama,2024-25,65,1659.64833333333,811.0,416.0,188.0,52.0,29.0,71.0,0.483,0.368,0.691
Portland Trail Blazers,POR,Scoot Henderson,2024-25,66,1759.07166666667,837.0,198.0,335.0,68.0,13.0,177.0,0.419,0.354,0.767
Toronto Raptors,TOR,Scottie Barnes,2024-25,65,2134.13,1252.0,502.0,378.0,93.0,63.0,184.0,0.446,0.271,0.755
Memphis Grizzlies,MEM,Scotty Pippen Jr.,2024-25,79,1682.88,779.0,259.0,347.0,103.0,30.0,138.0,0.48,0.397,0.713
Charlotte Hornets,CHA,Seth Curry,2024-25,68,1061.95666666667,444.0,113.0,60.0,27.0,7.0,32.0,0.478,0.456,0.846
Portland Trail Blazers,POR,Shaedon Sharpe,2024-25,72,2252.33,1335.0,324.0,198.0,62.0,16.0,150.0,0.452,0.311,0.785
Oklahoma City Thunder,OKC,Shai Gilgeous-Alexander,2024-25,76,2597.63,2484.0,379.0,486.0,131.0,77.0,183.0,0.519,0.375,0.898
Los Angeles Lakers,LAL,Shake Milton,2024-25,57,836.276666666667,315.0,104.0,102.0,25.0,4.0,40.0,0.453,0.358,0.797
Portland Trail Blazers,POR,Sidy Cissoko,2024-25,22,114.463333333333,32.0,21.0,15.0,2.0,1.0,11.0,0.433,0.231,0.333
Detroit Pistons,DET,Simone Fontecchio,2024-25,75,1236.68166666667,446.0,215.0,65.0,31.0,12.0,54.0,0.402,0.335,0.833
Sacramento Kings,SAC,Skal Labissiere,2024-25,4,11.96,5.0,3.0,1.0,0.0,0.0,0.0,0.5,1.0,0.0
Dallas Mavericks,DAL,Spencer Dinwiddie,2024-25,79,2136.085,872.0,209.0,349.0,70.0,17.0,102.0,0.416,0.334,0.802
Denver Nuggets,DEN,Spencer Jones,2024-25,20,124.625,26.0,17.0,5.0,5.0,5.0,5.0,0.324,0.059,1.0
Milwaukee Bucks,MIL,Stanley Umude,2024-25,22,85.7766666666667,15.0,17.0,4.0,3.0,6.0,3.0,0.192,0.2,0.5
Golden State Warriors,GSW,Stephen Curry,2024-25,70,2252.45,1718.0,310.0,421.0,80.0,30.0,200.0,0.448,0.397,0.933
San Antonio Spurs,SAS,Stephon Castle,2024-25,81,2162.02166666667,1190.0,297.0,332.0,74.0,22.0,177.0,0.428,0.285,0.724
Houston Rockets,HOU,Steven Adams,2024-25,58,794.066666666667,225.0,327.0,66.0,22.0,28.0,54.0,0.545,0.0,0.462
Utah Jazz,UTA,Svi Mykhailiuk,2024-25,38,760.306666666667,334.0,90.0,76.0,19.0,7.0,52.0,0.391,0.345,0.8
Indiana Pacers,IND,T.J. McConnell,2024-25,79,1415.43333333333,720.0,193.0,351.0,83.0,21.0,109.0,0.519,0.306,0.74
Charlotte Hornets,CHA,Taj Gibson,2024-25,37,408.85,107.0,120.0,21.0,9.0,18.0,25.0,0.495,0.5,0.6
Chicago Bulls,CHI,Talen Horton-Tucker,2024-25,58,723.695,379.0,100.0,83.0,21.0,11.0,40.0,0.457,0.336,0.735
Houston Rockets,HOU,Tari Eason,2024-25,57,1420.19333333333,686.0,362.0,83.0,97.0,50.0,65.0,0.487,0.342,0.76
Milwaukee Bucks,MIL,Taurean Prince,2024-25,80,2165.86,656.0,287.0,155.0,76.0,15.0,82.0,0.457,0.439,0.813
Utah Jazz,UTA,Taylor Hendricks,2024-25,3,74.5166666666667,14.0,15.0,2.0,5.0,4.0,2.0,0.222,0.25,0.75
Portland Trail Blazers,POR,Taze Moore,2024-25,2,19.85,6.0,8.0,1.0,2.0,0.0,2.0,0.2,0.25,0.5
Atlanta Hawks,ATL,Terance Mann,2024-25,67,1414.25,517.0,199.0,121.0,47.0,15.0,47.0,0.496,0.368,0.691
Sacramento Kings,SAC,Terence Davis,2024-25,1,7.88333333333333,0.0,1.0,1.0,0.0,0.0,0.0,0.0,0.0,0.0
Minnesota Timberwolves,MIN,Terrence Shannon Jr,2024-25,32,338.828333333333,138.0,47.0,32.0,7.0,5.0,15.0,0.482,0.355,0.81
Miami Heat,MIA,Terry Rozier,2024-25,64,1658.22,679.0,238.0,167.0,37.0,14.0,78.0,0.391,0.295,0.852
Sacramento Kings,SAC,Terry Taylor,2024-25,3,6.33333333333333,0.0,1.0,2.0,0.0,0.0,0.0,0.0,0.0,0.0
Indiana Pacers,IND,Thomas Bryant,2024-25,66,963.016666666667,429.0,251.0,53.0,28.0,41.0,30.0,0.508,0.324,0.859
Charlotte Hornets,CHA,Tidjane Salaün,2024-25,60,1244.35333333333,353.0,280.0,74.0,29.0,14.0,58.0,0.33,0.283,0.713
Detroit Pistons,DET,Tim Hardaway Jr.,2024-25,77,2152.795,844.0,183.0,123.0,38.0,7.0,48.0,0.406,0.368,0.855
Detroit Pistons,DET,Tobias Harris,2024-25,73,2305.41333333333,1002.0,432.0,162.0,74.0,57.0,85.0,0.477,0.345,0.861
Detroit Pistons,DET,Tolu Smith,2024-25,1,22.35,14.0,8.0,0.0,0.0,0.0,2.0,0.667,0.0,0.667
Indiana Pacers,IND,Tony Bradley,2024-25,14,112.738333333333,61.0,42.0,6.0,2.0,9.0,5.0,0.644,0.333,0.333
Boston Celtics,BOS,Torrey Craig,2024-25,26,313.946666666667,108.0,73.0,17.0,8.0,12.0,8.0,0.422,0.364,0.667
Brooklyn Nets,BKN,Tosan Evbuomwan,2024-25,28,664.93,267.0,120.0,55.0,24.0,10.0,39.0,0.427,0.312,0.753
Portland Trail Blazers,POR,Toumani Camara,2024-25,78,2548.05166666667,882.0,450.0,175.0,116.0,50.0,109.0,0.458,0.375,0.722
Atlanta Hawks,ATL,Trae Young,2024-25,76,2739.06,1841.0,236.0,880.0,91.0,12.0,355.0,0.411,0.34,0.875
Golden State Warriors,GSW,Trayce Jackson-Davis,2024-25,62,966.786666666667,407.0,311.0,104.0,23.0,38.0,45.0,0.576,0.0,0.578
Chicago Bulls,CHI,Tre Jones,2024-25,46,904.971666666667,330.0,116.0,192.0,37.0,10.0,35.0,0.538,0.396,0.821
Charlotte Hornets,CHA,Tre Mann,2024-25,13,319.045,183.0,38.0,39.0,7.0,4.0,25.0,0.435,0.4,0.905
Brooklyn Nets,BKN,Trendon Watford,2024-25,44,912.676666666667,450.0,160.0,115.0,27.0,12.0,83.0,0.469,0.33,0.762
Los Angeles Clippers,LAC,Trentyn Flowers,2024-25,6,26.515,11.0,4.0,0.0,0.0,0.0,1.0,0.364,0.0,1.0
Orlando Magic,ORL,Trevelin Queen,2024-25,31,430.28,152.0,54.0,38.0,31.0,10.0,22.0,0.381,0.286,0.857
Denver Nuggets,DEN,Trey Alexander,2024-25,24,117.221666666667,32.0,12.0,11.0,2.0,1.0,5.0,0.317,0.176,0.75
Los Angeles Lakers,LAL,Trey Jemison III,2024-25,38,392.023333333333,95.0,105.0,16.0,9.0,15.0,24.0,0.554,0.0,0.394
Sacramento Kings,SAC,Trey Lyles,2024-25,69,1349.52166666667,451.0,316.0,82.0,41.0,23.0,39.0,0.42,0.34,0.7
New Orleans Pelicans,NOP,Trey Murphy III,2024-25,53,1854.23,1124.0,268.0,188.0,56.0,39.0,103.0,0.454,0.361,0.887
Cleveland Cavaliers,CLE,Tristan Thompson,2024-25,40,328.17,69.0,134.0,24.0,2.0,11.0,14.0,0.437,0.0,0.233
Washington Wizards,WAS,Tristan Vukcevic,2024-25,35,512.51,330.0,130.0,39.0,11.0,23.0,42.0,0.496,0.373,0.776
Orlando Magic,ORL,Tristan da Silva,2024-25,74,1628.61166666667,533.0,245.0,113.0,33.0,18.0,56.0,0.412,0.335,0.873
Minnesota Timberwolves,MIN,Tristen Newton,2024-25,8,16.145,3.0,4.0,2.0,1.0,0.0,2.0,0.125,0.0,1.0
Cleveland Cavaliers,CLE,Ty Jerome,2024-25,70,1392.4,878.0,173.0,237.0,78.0,3.0,92.0,0.516,0.439,0.872
Phoenix Suns,PHX,TyTy Washington Jr.,2024-25,16,118.348333333333,35.0,13.0,16.0,3.0,0.0,3.0,0.311,0.19,0.5
Miami Heat,MIA,Tyler Herro,2024-25,77,2725.08,1840.0,399.0,424.0,69.0,17.0,198.0,0.472,0.375,0.878
New York Knicks,NYK,Tyler Kolek,2024-25,41,296.151666666667,81.0,27.0,70.0,12.0,4.0,18.0,0.329,0.298,0.765
Milwaukee Bucks,MIL,Tyler Smith,2024-25,23,121.573333333333,67.0,25.0,4.0,3.0,4.0,8.0,0.48,0.433,0.75
Indiana Pacers,IND,Tyrese Haliburton,2024-25,73,2450.39166666667,1359.0,258.0,673.0,105.0,49.0,120.0,0.473,0.388,0.851
Brooklyn Nets,BKN,Tyrese Martin,2024-25,60,1315.32,523.0,219.0,122.0,34.0,9.0,74.0,0.406,0.351,0.793
Philadelphia 76ers,PHI,Tyrese Maxey,2024-25,52,1960.195,1369.0,174.0,317.0,91.0,21.0,124.0,0.437,0.337,0.879
Brooklyn Nets,BKN,Tyson Etienne,2024-25,7,151.081666666667,55.0,9.0,12.0,3.0,1.0,8.0,0.327,0.295,0.8
Phoenix Suns,PHX,Tyus Jones,2024-25,81,2173.51666666667,829.0,196.0,429.0,69.0,8.0,91.0,0.448,0.414,0.895
Toronto Raptors,TOR,Ulrich Chomche,2024-25,7,32.175,5.0,8.0,2.0,0.0,1.0,2.0,0.4,0.0,0.5
Phoenix Suns,PHX,Vasilije Micic,2024-25,41,784.908333333333,269.0,89.0,128.0,15.0,0.0,77.0,0.348,0.36,0.829
San Antonio Spurs,SAS,Victor Wembanyama,2024-25,46,1527.25333333333,1116.0,506.0,168.0,52.0,176.0,149.0,0.476,0.352,0.836
Memphis Grizzlies,MEM,Vince Williams Jr.,2024-25,27,498.546666666667,179.0,98.0,55.0,12.0,7.0,33.0,0.401,0.274,0.792
Denver Nuggets,DEN,Vlatko Čančar,2024-25,13,135.828333333333,24.0,32.0,9.0,3.0,2.0,11.0,0.385,0.267,0.0
Atlanta Hawks,ATL,Vít Krejčí,2024-25,57,1152.63166666667,412.0,156.0,147.0,36.0,26.0,50.0,0.497,0.437,0.711
Utah Jazz,UTA,Walker Kessler,2024-25,58,1740.32,641.0,707.0,97.0,36.0,138.0,86.0,0.663,0.176,0.52
Orlando Magic,ORL,Wendell Carter Jr.,2024-25,68,1758.26833333333,618.0,492.0,134.0,52.0,41.0,77.0,0.46,0.234,0.737
Charlotte Hornets,CHA,Wendell Moore Jr.,2024-25,36,498.916666666667,150.0,95.0,42.0,20.0,5.0,27.0,0.468,0.341,0.818
Boston Celtics,BOS,Xavier Tillman,2024-25,33,230.903333333333,34.0,43.0,7.0,11.0,5.0,14.0,0.245,0.156,0.75
Memphis Grizzlies,MEM,Yuki Kawamura,2024-25,22,92.6666666666667,36.0,12.0,19.0,2.0,0.0,5.0,0.367,0.304,0.778
Golden State Warriors,GSW,Yuri Collins,2024-25,2,16.3,2.0,3.0,4.0,2.0,0.0,0.0,0.333,0.0,0.0
New Orleans Pelicans,NOP,Yves Missi,2024-25,73,1955.79,665.0,601.0,99.0,37.0,98.0,82.0,0.547,0.0,0.623
Atlanta Hawks,ATL,Zaccharie Risacher,2024-25,75,1843.38666666667,942.0,268.0,92.0,52.0,37.0,92.0,0.458,0.355,0.711
Chicago Bulls,CHI,Zach Collins,2024-25,64,977.06,407.0,288.0,111.0,29.0,29.0,60.0,0.507,0.302,0.885
Memphis Grizzlies,MEM,Zach Edey,2024-25,66,1415.765,610.0,548.0,65.0,36.0,85.0,88.0,0.58,0.346,0.709
Sacramento Kings,SAC,Zach LaVine,2024-25,74,2602.48,1724.0,315.0,310.0,58.0,12.0,208.0,0.511,0.446,0.825
Denver Nuggets,DEN,Zeke Nnaji,2024-25,57,607.966666666667,184.0,90.0,23.0,25.0,38.0,14.0,0.496,0.327,0.614
Brooklyn Nets,BKN,Ziaire Williams,2024-25,63,1541.40333333333,632.0,287.0,84.0,62.0,28.0,67.0,0.412,0.341,0.821
New Orleans Pelicans,NOP,Zion Williamson,2024-25,30,857.276666666667,737.0,216.0,159.0,37.0,27.0,90.0,0.567,0.231,0.656
Memphis Grizzlies,MEM,Zyon Pullin,2024-25,3,2.60166666666667,0.0,0.0,0.0,0.0,0.0,0.0,0.0,0.0,0.0
Toronto Raptors,TOR,A.J. Lawson,2025-26,24,226.115,101.0,43.0,7.0,12.0,4.0,6.0,0.436,0.422,0.778
Milwaukee Bucks,MIL,AJ Green,2025-26,78,2269.93333333333,809.0,213.0,152.0,39.0,8.0,75.0,0.424,0.419,0.855
Dallas Mavericks,DAL,AJ Johnson,2025-26,48,453.433333333333,160.0,55.0,47.0,11.0,3.0,30.0,0.324,0.211,0.85
Denver Nuggets,DEN,Aaron Gordon,2025-26,36,1004.95833333333,582.0,209.0,96.0,21.0,10.0,38.0,0.497,0.389,0.767
Houston Rockets,HOU,Aaron Holiday,2025-26,57,780.731666666667,312.0,58.0,60.0,27.0,5.0,38.0,0.417,0.394,0.854
Indiana Pacers,IND,Aaron Nesmith,2025-26,45,1334.95,621.0,187.0,86.0,26.0,23.0,63.0,0.414,0.379,0.829
Oklahoma City Thunder,OKC,Aaron Wiggins,2025-26,65,1413.98,611.0,199.0,109.0,60.0,28.0,81.0,0.431,0.356,0.736
Utah Jazz,UTA,Ace Bailey,2025-26,72,1987.64333333333,993.0,302.0,131.0,60.0,49.0,107.0,0.443,0.344,0.75
Memphis Grizzlies,MEM,Adama Bal,2025-26,8,241.315,83.0,25.0,19.0,9.0,1.0,6.0,0.412,0.409,0.9
Philadelphia 76ers,PHI,Adem Bona,2025-26,71,1234.16166666667,344.0,307.0,32.0,30.0,82.0,56.0,0.595,0.333,0.708
Los Angeles Lakers,LAL,Adou Thiero,2025-26,25,148.903333333333,47.0,28.0,10.0,7.0,2.0,9.0,0.516,0.333,0.636
Oklahoma City Thunder,OKC,Ajay Mitchell,2025-26,57,1472.79833333333,774.0,190.0,206.0,71.0,18.0,81.0,0.485,0.347,0.87
Golden State Warriors,GSW,Al Horford,2025-26,45,969.185,372.0,219.0,116.0,30.0,51.0,42.0,0.426,0.361,0.846
Milwaukee Bucks,MIL,Alex Antetokounmpo,2025-26,6,20.6383333333333,19.0,6.0,1.0,0.0,1.0,1.0,0.375,0.286,0.733
Oklahoma City Thunder,OKC,Alex Caruso,2025-26,56,1020.34666666667,348.0,155.0,110.0,72.0,17.0,48.0,0.423,0.293,0.804
Orlando Magic,ORL,Alex Morales,2025-26,4,23.5833333333333,8.0,3.0,4.0,0.0,0.0,4.0,0.429,0.0,1.0
Washington Wizards,WAS,Alex Sarr,2025-26,48,1304.66166666667,783.0,355.0,130.0,39.0,95.0,82.0,0.482,0.333,0.692
Toronto Raptors,TOR,Alijah Martin,2025-26,23,145.615,51.0,21.0,12.0,8.0,4.0,8.0,0.32,0.19,0.789
Washington Wizards,WAS,Alondes Williams,2025-26,4,100.783333333333,44.0,25.0,12.0,3.0,3.0,5.0,0.615,0.357,0.875
Houston Rockets,HOU,Alperen Sengun,2025-26,72,2397.695,1466.0,640.0,445.0,85.0,77.0,227.0,0.519,0.305,0.691
Boston Celtics,BOS,Amari Williams,2025-26,22,145.723333333333,30.0,40.0,10.0,3.0,10.0,11.0,0.5,0.0,0.714
Houston Rockets,HOU,Amen Thompson,2025-26,79,2953.15,1443.0,614.0,420.0,119.0,48.0,190.0,0.534,0.216,0.779
Phoenix Suns,PHX,Amir Coffey,2025-26,46,490.501666666667,149.0,57.0,27.0,9.0,5.0,9.0,0.487,0.347,0.786
Utah Jazz,UTA,Andersson Garcia,2025-26,5,168.75,26.0,42.0,14.0,8.0,4.0,7.0,0.31,0.077,0.778
Philadelphia 76ers,PHI,Andre Drummond,2025-26,63,1230.74833333333,403.0,532.0,80.0,38.0,49.0,61.0,0.472,0.356,0.631
Milwaukee Bucks,MIL,Andre Jackson Jr.,2025-26,48,408.108333333333,113.0,72.0,43.0,19.0,4.0,31.0,0.328,0.25,0.625
Indiana Pacers,IND,Andrew Nembhard,2025-26,57,1785.59333333333,966.0,160.0,437.0,51.0,8.0,137.0,0.442,0.361,0.825
Miami Heat,MIA,Andrew Wiggins,2025-26,68,2062.59833333333,1045.0,329.0,182.0,76.0,69.0,103.0,0.475,0.414,0.784
Chicago Bulls,CHI,Anfernee Simons,2025-26,55,1371.93333333333,785.0,135.0,134.0,27.0,8.0,68.0,0.44,0.385,0.896
Orlando Magic,ORL,Anthony Black,2025-26,64,1910.05,959.0,244.0,236.0,91.0,45.0,132.0,0.447,0.333,0.732
Washington Wizards,WAS,Anthony Davis,2025-26,20,625.63,407.0,221.0,56.0,22.0,33.0,41.0,0.506,0.27,0.728
Minnesota Timberwolves,MIN,Anthony Edwards,2025-26,61,2136.59333333333,1757.0,302.0,226.0,83.0,49.0,174.0,0.489,0.399,0.796
Washington Wizards,WAS,Anthony Gill,2025-26,55,950.946666666667,321.0,158.0,69.0,31.0,21.0,36.0,0.628,0.354,0.739
Charlotte Hornets,CHA,Antonio Reeves,2025-26,10,67.6766666666667,27.0,8.0,3.0,1.0,0.0,1.0,0.5,0.538,0.0
New York Knicks,NYK,Ariel Hukporti,2025-26,54,497.961666666667,117.0,159.0,29.0,9.0,26.0,32.0,0.563,0.25,0.788
Atlanta Hawks,ATL,Asa Newell,2025-26,44,499.908333333333,227.0,96.0,26.0,16.0,15.0,23.0,0.538,0.387,0.552
Detroit Pistons,DET,Ausar Thompson,2025-26,73,1895.61,721.0,418.0,228.0,146.0,69.0,110.0,0.525,0.25,0.571
Los Angeles Lakers,LAL,Austin Reaves,2025-26,51,1761.65,1187.0,240.0,280.0,56.0,20.0,151.0,0.49,0.36,0.871
Minnesota Timberwolves,MIN,Ayo Dosunmu,2025-26,69,1881.04333333333,1022.0,237.0,249.0,58.0,18.0,96.0,0.517,0.439,0.876
Miami Heat,MIA,Bam Adebayo,2025-26,73,2364.685,1468.0,732.0,232.0,86.0,49.0,120.0,0.442,0.318,0.778
Boston Celtics,BOS,Baylor Scheierman,2025-26,77,1429.30333333333,427.0,269.0,116.0,42.0,6.0,46.0,0.453,0.399,0.903
Brooklyn Nets,BKN,Ben Saraf,2025-26,44,916.318333333333,332.0,92.0,145.0,38.0,8.0,99.0,0.396,0.211,0.83
Indiana Pacers,IND,Ben Sheppard,2025-26,65,1390.47666666667,459.0,195.0,114.0,39.0,6.0,41.0,0.434,0.362,0.765
Los Angeles Clippers,LAC,Bennedict Mathurin,2025-26,54,1620.015,949.0,293.0,129.0,43.0,13.0,118.0,0.43,0.315,0.869
Utah Jazz,UTA,Bez Mbeng,2025-26,15,492.185,122.0,57.0,62.0,34.0,5.0,22.0,0.5,0.194,0.64
Washington Wizards,WAS,Bilal Coulibaly,2025-26,56,1467.605,657.0,243.0,145.0,75.0,54.0,81.0,0.425,0.319,0.746
San Antonio Spurs,SAS,Bismack Biyombo,2025-26,25,141.353333333333,23.0,26.0,5.0,4.0,2.0,8.0,0.6,0.0,0.714
Utah Jazz,UTA,Blake Hinson,2025-26,14,285.433333333333,167.0,33.0,16.0,5.0,2.0,5.0,0.513,0.468,0.75
Portland Trail Blazers,POR,Blake Wesley,2025-26,31,360.818333333333,148.0,39.0,62.0,16.0,5.0,31.0,0.452,0.278,0.553
Milwaukee Bucks,MIL,Bobby Portis Jr.,2025-26,67,1619.31333333333,915.0,428.0,105.0,41.0,12.0,66.0,0.488,0.456,0.706
Detroit Pistons,DET,Bobi Klintman,2025-26,12,71.3833333333333,22.0,19.0,6.0,3.0,0.0,6.0,0.333,0.308,0.0
Los Angeles Clippers,LAC,Bogdan Bogdanović,2025-26,23,452.06,171.0,59.0,51.0,10.0,3.0,27.0,0.388,0.347,0.8
Minnesota Timberwolves,MIN,Bones Hyland,2025-26,71,1176.91833333333,604.0,127.0,188.0,44.0,17.0,70.0,0.453,0.388,0.78
Los Angeles Clippers,LAC,Bradley Beal,2025-26,6,120.916666666667,49.0,5.0,10.0,3.0,0.0,9.0,0.375,0.368,0.75
Oklahoma City Thunder,OKC,Branden Carlson,2025-26,42,488.203333333333,242.0,124.0,29.0,8.0,27.0,16.0,0.527,0.36,0.577
Golden State Warriors,GSW,Brandin Podziemski,2025-26,82,2332.67333333333,1133.0,419.0,304.0,88.0,15.0,131.0,0.455,0.371,0.797
Memphis Grizzlies,MEM,Brandon Clarke,2025-26,2,20.4383333333333,8.0,6.0,1.0,2.0,0.0,0.0,0.333,0.0,0.5
Toronto Raptors,TOR,Brandon Ingram,2025-26,77,2603.86333333333,1655.0,430.0,284.0,58.0,55.0,187.0,0.477,0.382,0.82
Charlotte Hornets,CHA,Brandon Miller,2025-26,65,1968.31166666667,1311.0,319.0,217.0,66.0,44.0,163.0,0.435,0.383,0.892
Dallas Mavericks,DAL,Brandon Williams,2025-26,66,1462.645,859.0,191.0,256.0,62.0,20.0,125.0,0.472,0.232,0.793
Utah Jazz,UTA,Brice Sensabaugh,2025-26,75,1761.86666666667,1116.0,231.0,143.0,54.0,12.0,124.0,0.46,0.367,0.826
Los Angeles Lakers,LAL,Bronny James,2025-26,42,375.491666666667,122.0,23.0,51.0,19.0,4.0,25.0,0.409,0.386,0.857
Los Angeles Clippers,LAC,Brook Lopez,2025-26,75,1635.27333333333,634.0,273.0,97.0,45.0,87.0,61.0,0.428,0.36,0.757
Oklahoma City Thunder,OKC,Brooks Barnhizer,2025-26,40,347.881666666667,68.0,78.0,22.0,11.0,5.0,10.0,0.38,0.292,0.7
Denver Nuggets,DEN,Bruce Brown,2025-26,82,1997.78833333333,649.0,318.0,174.0,85.0,20.0,91.0,0.475,0.385,0.762
New Orleans Pelicans,NOP,Bryce McGowens,2025-26,42,879.933333333333,340.0,88.0,62.0,27.0,8.0,17.0,0.481,0.409,0.779
Washington Wizards,WAS,Bub Carrington,2025-26,82,2270.65,878.0,276.0,381.0,52.0,17.0,191.0,0.424,0.408,0.73
Oklahoma City Thunder,OKC,Buddy Boeheim,2025-26,4,15.0033333333333,6.0,0.0,0.0,0.0,0.0,0.0,0.333,0.333,0.0
Atlanta Hawks,ATL,Buddy Hield,2025-26,51,819.271666666667,390.0,116.0,71.0,39.0,9.0,48.0,0.437,0.349,0.811
Phoenix Suns,PHX,CJ Huntley,2025-26,4,40.4,12.0,5.0,2.0,1.0,0.0,0.0,0.545,0.0,0.0
Atlanta Hawks,ATL,CJ McCollum,2025-26,76,2263.37166666667,1424.0,252.0,293.0,64.0,35.0,135.0,0.455,0.375,0.772
Detroit Pistons,DET,Cade Cunningham,2025-26,64,2171.67166666667,1531.0,355.0,634.0,92.0,54.0,236.0,0.461,0.342,0.812
Atlanta Hawks,ATL,Caleb Houstan,2025-26,18,75.4666666666667,42.0,11.0,4.0,2.0,1.0,4.0,0.538,0.524,1.0
Portland Trail Blazers,POR,Caleb Love,2025-26,49,1012.60833333333,509.0,114.0,123.0,27.0,4.0,62.0,0.388,0.318,0.735
Dallas Mavericks,DAL,Caleb Martin,2025-26,58,856.211666666667,227.0,143.0,81.0,40.0,15.0,40.0,0.45,0.351,0.607
Los Angeles Clippers,LAC,Cam Christie,2025-26,55,479.75,156.0,78.0,31.0,16.0,3.0,22.0,0.381,0.245,0.76
Memphis Grizzlies,MEM,Cam Spencer,2025-26,72,1714.45166666667,798.0,183.0,400.0,52.0,11.0,93.0,0.473,0.449,0.94
Milwaukee Bucks,MIL,Cam Thomas,2025-26,42,880.526666666667,567.0,71.0,108.0,9.0,4.0,74.0,0.41,0.31,0.811
Washington Wizards,WAS,Cam Whitmore,2025-26,21,353.983333333333,193.0,58.0,15.0,15.0,8.0,18.0,0.456,0.286,0.742
Denver Nuggets,DEN,Cameron Johnson,2025-26,54,1647.03166666667,660.0,206.0,132.0,40.0,21.0,47.0,0.48,0.43,0.839
Philadelphia 76ers,PHI,Cameron Payne,2025-26,22,374.336666666667,163.0,44.0,58.0,24.0,7.0,11.0,0.376,0.33,0.864
Detroit Pistons,DET,Caris LeVert,2025-26,60,1154.415,443.0,117.0,159.0,51.0,41.0,82.0,0.417,0.333,0.679
San Antonio Spurs,SAS,Carter Bryant,2025-26,71,817.865,298.0,178.0,47.0,16.0,23.0,33.0,0.408,0.335,0.714
Oklahoma City Thunder,OKC,Cason Wallace,2025-26,77,2046.07,660.0,238.0,200.0,150.0,28.0,73.0,0.432,0.351,0.809
Memphis Grizzlies,MEM,Cedric Coward,2025-26,62,1597.94666666667,843.0,364.0,171.0,40.0,27.0,105.0,0.471,0.338,0.843
Brooklyn Nets,BKN,Chaney Johnson,2025-26,17,347.583333333333,139.0,79.0,36.0,15.0,9.0,20.0,0.543,0.3,0.8
Golden State Warriors,GSW,Charles Bassey,2025-26,13,152.703333333333,76.0,57.0,7.0,4.0,11.0,6.0,0.66,0.0,0.7
Detroit Pistons,DET,Chaz Lanier,2025-26,34,262.005,80.0,23.0,17.0,7.0,0.0,3.0,0.315,0.284,0.833
Oklahoma City Thunder,OKC,Chet Holmgren,2025-26,69,1997.26833333333,1181.0,614.0,115.0,43.0,131.0,107.0,0.557,0.362,0.792
Boston Celtics,BOS,Chris Boucher,2025-26,9,94.15,21.0,18.0,3.0,5.0,7.0,1.0,0.32,0.133,0.75
Cleveland Cavaliers,CLE,Chris Livingston,2025-26,3,17.4266666666667,9.0,3.0,1.0,1.0,0.0,0.0,0.571,0.0,1.0
Los Angeles Lakers,LAL,Chris Mañon,2025-26,9,46.085,7.0,10.0,3.0,5.0,2.0,1.0,0.333,0.0,0.75
Los Angeles Clippers,LAC,Chris Paul,2025-26,16,227.535,47.0,28.0,53.0,11.0,0.0,16.0,0.321,0.333,0.5
Portland Trail Blazers,POR,Chris Youngblood,2025-26,34,185.091666666667,71.0,28.0,12.0,4.0,3.0,2.0,0.349,0.333,0.9
Denver Nuggets,DEN,Christian Braun,2025-26,44,1399.13833333333,526.0,211.0,120.0,30.0,12.0,43.0,0.519,0.301,0.782
Atlanta Hawks,ATL,Christian Koloko,2025-26,27,356.668333333333,73.0,81.0,18.0,14.0,23.0,16.0,0.419,0.111,0.667
Toronto Raptors,TOR,Chucky Hepburn,2025-26,2,13.2333333333333,0.0,1.0,2.0,1.0,0.0,1.0,0.0,0.0,0.0
Houston Rockets,HOU,Clint Capela,2025-26,75,925.661666666667,282.0,345.0,50.0,36.0,63.0,41.0,0.52,0.5,0.577
Charlotte Hornets,CHA,Coby White,2025-26,50,1249.78833333333,868.0,170.0,200.0,25.0,5.0,128.0,0.446,0.362,0.817
Indiana Pacers,IND,Cody Martin,2025-26,4,55.18,7.0,14.0,2.0,4.0,2.0,4.0,0.2,0.0,0.5
Utah Jazz,UTA,Cody Williams,2025-26,67,1630.54166666667,588.0,198.0,137.0,51.0,26.0,73.0,0.468,0.214,0.706
Detroit Pistons,DET,Colby Jones,2025-26,1,6.81666666666667,2.0,4.0,2.0,0.0,0.0,0.0,0.333,0.0,0.0
Milwaukee Bucks,MIL,Cole Anthony,2025-26,35,526.635,234.0,87.0,121.0,20.0,11.0,65.0,0.424,0.306,0.615
Orlando Magic,ORL,Colin Castleton,2025-26,4,21.3833333333333,5.0,8.0,1.0,1.0,0.0,2.0,0.4,0.0,1.0
Phoenix Suns,PHX,Collin Gillespie,2025-26,80,2281.80166666667,1012.0,327.0,371.0,99.0,16.0,125.0,0.418,0.401,0.874
Toronto Raptors,TOR,Collin Murray-Boyles,2025-26,57,1245.6,484.0,285.0,106.0,52.0,53.0,59.0,0.579,0.34,0.657
Chicago Bulls,CHI,Collin Sexton,2025-26,68,1613.20333333333,1050.0,155.0,223.0,76.0,10.0,141.0,0.485,0.401,0.855
Dallas Mavericks,DAL,Cooper Flagg,2025-26,70,2343.85833333333,1473.0,466.0,316.0,84.0,64.0,161.0,0.468,0.295,0.827
Atlanta Hawks,ATL,Corey Kispert,2025-26,58,1079.60666666667,532.0,132.0,92.0,16.0,9.0,45.0,0.467,0.367,0.794
Milwaukee Bucks,MIL,Cormac Ryan,2025-26,11,270.678333333333,157.0,28.0,19.0,11.0,3.0,17.0,0.52,0.458,0.923
Cleveland Cavaliers,CLE,Craig Porter Jr.,2025-26,64,1147.66166666667,289.0,220.0,205.0,57.0,38.0,59.0,0.45,0.355,0.6
Denver Nuggets,DEN,Curtis Jones,2025-26,10,87.7166666666667,29.0,11.0,10.0,4.0,0.0,2.0,0.407,0.333,0.5
Washington Wizards,WAS,D'Angelo Russell,2025-26,26,494.775,264.0,61.0,104.0,12.0,2.0,49.0,0.405,0.295,0.717
Sacramento Kings,SAC,DaQuan Jeffries,2025-26,3,59.9033333333333,31.0,5.0,1.0,2.0,0.0,0.0,0.579,0.444,1.0
Denver Nuggets,DEN,DaRon Holmes II,2025-26,25,209.51,93.0,35.0,16.0,1.0,6.0,12.0,0.508,0.444,0.786
Sacramento Kings,SAC,Daeqwon Plowden,2025-26,32,844.368333333333,344.0,97.0,41.0,23.0,7.0,26.0,0.43,0.333,0.857
Boston Celtics,BOS,Dalano Banton,2025-26,6,61.65,12.0,5.0,11.0,2.0,5.0,8.0,0.333,0.0,1.0
Philadelphia 76ers,PHI,Dalen Terry,2025-26,48,551.026666666667,176.0,86.0,66.0,29.0,15.0,26.0,0.439,0.364,0.533
Los Angeles Lakers,LAL,Dalton Knecht,2025-26,54,552.928333333333,228.0,75.0,21.0,11.0,11.0,23.0,0.455,0.342,0.727
Dallas Mavericks,DAL,Daniel Gafford,2025-26,55,1194.43833333333,524.0,378.0,58.0,42.0,69.0,63.0,0.655,0.0,0.683
Detroit Pistons,DET,Daniss Jenkins,2025-26,72,1455.3,671.0,166.0,278.0,64.0,15.0,115.0,0.408,0.374,0.832
Brooklyn Nets,BKN,Danny Wolf,2025-26,57,1187.16166666667,508.0,281.0,127.0,30.0,32.0,73.0,0.405,0.322,0.771
Sacramento Kings,SAC,Dario Saric,2025-26,5,41.2483333333333,5.0,6.0,2.0,0.0,0.0,2.0,0.167,0.333,1.0
Memphis Grizzlies,MEM,Dariq Whitehead,2025-26,6,182.816666666667,98.0,24.0,9.0,4.0,0.0,10.0,0.398,0.317,0.714
Cleveland Cavaliers,CLE,Darius Brown II,2025-26,1,2.66666666666667,0.0,1.0,0.0,0.0,0.0,0.0,0.0,0.0,0.0
Los Angeles Clippers,LAC,Darius Garland,2025-26,45,1344.27666666667,845.0,107.0,301.0,43.0,8.0,130.0,0.46,0.396,0.861
San Antonio Spurs,SAS,David Jones Garcia,2025-26,11,67.975,32.0,13.0,18.0,6.0,1.0,5.0,0.52,0.6,0.5
Denver Nuggets,DEN,David Roddy,2025-26,5,73.0166666666667,40.0,20.0,4.0,4.0,1.0,2.0,0.5,0.273,1.0
Miami Heat,MIA,Davion Mitchell,2025-26,70,2000.255,654.0,187.0,453.0,68.0,11.0,108.0,0.49,0.395,0.646
Brooklyn Nets,BKN,Day'Ron Sharpe,2025-26,62,1159.915,540.0,413.0,145.0,67.0,26.0,106.0,0.601,0.231,0.678
San Antonio Spurs,SAS,De'Aaron Fox,2025-26,72,2231.065,1336.0,270.0,445.0,89.0,19.0,164.0,0.486,0.332,0.76
Sacramento Kings,SAC,De'Andre Hunter,2025-26,45,1175.48666666667,615.0,185.0,90.0,30.0,6.0,75.0,0.415,0.305,0.867
Golden State Warriors,GSW,De'Anthony Melton,2025-26,49,1125.25666666667,602.0,158.0,125.0,77.0,20.0,91.0,0.407,0.294,0.826
New Orleans Pelicans,NOP,DeAndre Jordan,2025-26,12,198.8,53.0,76.0,11.0,4.0,10.0,9.0,0.656,0.0,0.647
Memphis Grizzlies,MEM,DeJon Jarreau,2025-26,11,230.733333333333,88.0,51.0,36.0,10.0,8.0,26.0,0.398,0.133,0.783
Sacramento Kings,SAC,DeMar DeRozan,2025-26,77,2405.515,1419.0,226.0,316.0,80.0,23.0,96.0,0.497,0.32,0.868
Cleveland Cavaliers,CLE,Dean Wade,2025-26,59,1317.68333333333,342.0,247.0,88.0,44.0,23.0,16.0,0.439,0.362,0.711
Los Angeles Lakers,LAL,Deandre Ayton,2025-26,72,1958.385,897.0,575.0,59.0,41.0,70.0,83.0,0.671,0.0,0.645
New Orleans Pelicans,NOP,Dejounte Murray,2025-26,14,389.416666666667,234.0,75.0,89.0,23.0,3.0,47.0,0.484,0.306,0.867
Portland Trail Blazers,POR,Deni Avdija,2025-26,66,2199.385,1598.0,454.0,442.0,51.0,41.0,253.0,0.462,0.318,0.802
Cleveland Cavaliers,CLE,Dennis Schröder,2025-26,70,1696.29833333333,756.0,190.0,341.0,55.0,11.0,124.0,0.405,0.329,0.834
Dallas Mavericks,DAL,Dereck Lively II,2025-26,7,115.273333333333,30.0,37.0,13.0,4.0,11.0,10.0,0.611,0.0,0.8
New Orleans Pelicans,NOP,Derik Queen,2025-26,81,2023.38,948.0,572.0,298.0,84.0,74.0,190.0,0.473,0.261,0.795
Los Angeles Clippers,LAC,Derrick Jones Jr.,2025-26,50,1349.50833333333,504.0,173.0,69.0,45.0,50.0,40.0,0.499,0.359,0.763
Boston Celtics,BOS,Derrick White,2025-26,77,2624.95666666667,1267.0,339.0,414.0,88.0,98.0,134.0,0.394,0.327,0.902
Orlando Magic,ORL,Desmond Bane,2025-26,82,2756.045,1647.0,338.0,338.0,86.0,37.0,164.0,0.484,0.391,0.908
Phoenix Suns,PHX,Devin Booker,2025-26,64,2146.43,1668.0,248.0,386.0,51.0,18.0,201.0,0.456,0.33,0.873
Sacramento Kings,SAC,Devin Carter,2025-26,38,699.868333333333,339.0,125.0,101.0,34.0,9.0,54.0,0.414,0.263,0.713
San Antonio Spurs,SAS,Devin Vassell,2025-26,67,2044.23166666667,932.0,269.0,167.0,57.0,25.0,60.0,0.437,0.384,0.815
Phoenix Suns,PHX,Dillon Brooks,2025-26,56,1701.58333333333,1131.0,203.0,99.0,57.0,9.0,98.0,0.435,0.344,0.842
New York Knicks,NYK,Dillon Jones,2025-26,7,39.3883333333333,9.0,7.0,4.0,3.0,0.0,0.0,0.222,0.2,1.0
Sacramento Kings,SAC,Domantas Sabonis,2025-26,19,563.588333333333,301.0,216.0,78.0,18.0,4.0,51.0,0.543,0.185,0.727
Philadelphia 76ers,PHI,Dominick Barlow,2025-26,71,1688.51833333333,545.0,340.0,87.0,63.0,53.0,56.0,0.539,0.256,0.718
Portland Trail Blazers,POR,Donovan Clingan,2025-26,77,2093.63666666667,934.0,892.0,162.0,44.0,130.0,95.0,0.52,0.341,0.68
Cleveland Cavaliers,CLE,Donovan Mitchell,2025-26,70,2342.06333333333,1952.0,316.0,398.0,104.0,20.0,198.0,0.483,0.364,0.865
Minnesota Timberwolves,MIN,Donte DiVincenzo,2025-26,82,2494.03666666667,1000.0,336.0,313.0,104.0,34.0,118.0,0.406,0.379,0.743
Houston Rockets,HOU,Dorian Finney-Smith,2025-26,37,620.311666666667,123.0,93.0,36.0,16.0,6.0,22.0,0.333,0.27,0.889
Sacramento Kings,SAC,Doug McDermott,2025-26,29,439.198333333333,164.0,37.0,22.0,6.0,4.0,13.0,0.388,0.39,0.889
Brooklyn Nets,BKN,Drake Powell,2025-26,63,1319.51333333333,408.0,111.0,91.0,36.0,14.0,60.0,0.402,0.28,0.896
Golden State Warriors,GSW,Draymond Green,2025-26,68,1868.88833333333,570.0,375.0,376.0,61.0,42.0,181.0,0.418,0.326,0.702
Sacramento Kings,SAC,Drew Eubanks,2025-26,42,552.27,219.0,127.0,19.0,15.0,26.0,30.0,0.596,0.143,0.561
Charlotte Hornets,CHA,Drew Peterson,2025-26,6,64.2683333333333,5.0,9.0,2.0,3.0,1.0,0.0,0.125,0.0,0.5
Los Angeles Lakers,LAL,Drew Timme,2025-26,27,235.081666666667,92.0,33.0,23.0,6.0,0.0,13.0,0.576,0.44,0.556
Miami Heat,MIA,Dru Smith,2025-26,70,1141.30833333333,395.0,173.0,180.0,100.0,21.0,55.0,0.415,0.295,0.829
Detroit Pistons,DET,Duncan Robinson,2025-26,77,2113.15833333333,939.0,205.0,159.0,44.0,22.0,54.0,0.456,0.41,0.755
Portland Trail Blazers,POR,Duop Reath,2025-26,32,258.17,94.0,38.0,10.0,5.0,8.0,7.0,0.446,0.418,0.833
Dallas Mavericks,DAL,Dwight Powell,2025-26,63,904.411666666667,210.0,257.0,68.0,34.0,21.0,41.0,0.644,0.286,0.696
Sacramento Kings,SAC,Dylan Cardwell,2025-26,44,906.538333333333,238.0,332.0,62.0,30.0,67.0,39.0,0.587,0.5,0.51
San Antonio Spurs,SAS,Dylan Harper,2025-26,69,1557.95666666667,813.0,234.0,266.0,54.0,24.0,99.0,0.505,0.343,0.756
Atlanta Hawks,ATL,Dyson Daniels,2025-26,76,2519.54,901.0,520.0,449.0,149.0,31.0,135.0,0.517,0.188,0.615
Brooklyn Nets,BKN,E.J. Liddell,2025-26,26,349.19,147.0,69.0,24.0,6.0,10.0,15.0,0.486,0.346,0.808
Brooklyn Nets,BKN,Egor Dëmin,2025-26,52,1308.20833333333,536.0,165.0,173.0,42.0,17.0,86.0,0.399,0.385,0.831
Utah Jazz,UTA,Elijah Harkless,2025-26,26,544.813333333333,178.0,53.0,75.0,31.0,6.0,26.0,0.335,0.239,0.766
San Antonio Spurs,SAS,Emanuel Miller,2025-26,5,33.05,15.0,3.0,4.0,2.0,0.0,0.0,0.462,0.333,0.5
Minnesota Timberwolves,MIN,Enrique Freeman,2025-26,4,37.2083333333333,13.0,10.0,2.0,2.0,3.0,2.0,0.5,0.5,0.75
Philadelphia 76ers,PHI,Eric Gordon,2025-26,6,73.75,33.0,2.0,3.0,4.0,1.0,3.0,0.571,0.571,0.5
Indiana Pacers,IND,Ethan Thompson,2025-26,32,653.231666666667,223.0,69.0,57.0,20.0,9.0,25.0,0.378,0.328,0.787
Cleveland Cavaliers,CLE,Evan Mobley,2025-26,65,2074.28833333333,1180.0,586.0,234.0,48.0,113.0,122.0,0.546,0.297,0.606
Orlando Magic,ORL,Franz Wagner,2025-26,34,1019.00333333333,699.0,177.0,113.0,32.0,11.0,58.0,0.481,0.345,0.823
Memphis Grizzlies,MEM,GG Jackson,2025-26,55,1177.765,686.0,235.0,81.0,31.0,44.0,85.0,0.496,0.332,0.742
Atlanta Hawks,ATL,Gabe Vincent,2025-26,53,879.078333333333,231.0,54.0,76.0,27.0,3.0,27.0,0.352,0.341,0.87
Toronto Raptors,TOR,Garrett Temple,2025-26,22,72.9366666666667,17.0,9.0,9.0,4.0,2.0,7.0,0.267,0.25,0.667
Indiana Pacers,IND,Garrison Mathews,2025-26,15,196.1,78.0,17.0,10.0,6.0,3.0,3.0,0.404,0.37,0.826
Milwaukee Bucks,MIL,Gary Harris,2025-26,48,660.768333333333,128.0,61.0,51.0,27.0,9.0,19.0,0.442,0.412,0.889
Golden State Warriors,GSW,Gary Payton II,2025-26,73,1142.28,547.0,265.0,123.0,67.0,21.0,62.0,0.583,0.291,0.65
Milwaukee Bucks,MIL,Gary Trent Jr.,2025-26,65,1377.38166666667,529.0,67.0,79.0,34.0,3.0,41.0,0.387,0.36,0.769
Milwaukee Bucks,MIL,Giannis Antetokounmpo,2025-26,36,1039.23,993.0,352.0,196.0,34.0,24.0,115.0,0.624,0.333,0.65
Orlando Magic,ORL,Goga Bitadze,2025-26,64,972.006666666667,375.0,320.0,84.0,37.0,61.0,43.0,0.676,0.182,0.711
Toronto Raptors,TOR,Gradey Dick,2025-26,76,1066.68833333333,455.0,147.0,51.0,45.0,7.0,42.0,0.419,0.301,0.875
Brooklyn Nets,BKN,Grant Nelson,2025-26,4,35.01,17.0,6.0,5.0,1.0,5.0,4.0,0.556,0.0,0.7
Charlotte Hornets,CHA,Grant Williams,2025-26,36,711.453333333333,252.0,142.0,56.0,17.0,18.0,31.0,0.426,0.388,0.815
Phoenix Suns,PHX,Grayson Allen,2025-26,51,1467.27833333333,841.0,155.0,195.0,69.0,13.0,83.0,0.403,0.349,0.857
Chicago Bulls,CHI,Guerschon Yabusele,2025-26,67,1007.05666666667,373.0,234.0,63.0,26.0,16.0,41.0,0.401,0.352,0.75
Golden State Warriors,GSW,Gui Santos,2025-26,68,1395.36333333333,625.0,266.0,159.0,61.0,22.0,102.0,0.5,0.351,0.725
San Antonio Spurs,SAS,Harrison Barnes,2025-26,77,1986.475,765.0,213.0,148.0,50.0,12.0,61.0,0.456,0.388,0.829
San Antonio Spurs,SAS,Harrison Ingram,2025-26,7,26.1166666666667,11.0,3.0,1.0,0.0,0.0,1.0,0.833,1.0,0.0
Utah Jazz,UTA,Hayden Gray,2025-26,1,24.75,6.0,0.0,1.0,1.0,1.0,1.0,0.667,0.0,1.0
Phoenix Suns,PHX,Haywood Highsmith,2025-26,7,90.79,38.0,13.0,7.0,4.0,0.0,0.0,0.522,0.571,0.857
New Orleans Pelicans,NOP,Herbert Jones,2025-26,56,1588.38166666667,496.0,190.0,155.0,88.0,27.0,73.0,0.383,0.309,0.806
Boston Celtics,BOS,Hugo González,2025-26,74,1083.93,289.0,246.0,40.0,42.0,21.0,38.0,0.476,0.362,0.5
New Orleans Pelicans,NOP,Hunter Dickinson,2025-26,5,42.4783333333333,12.0,5.0,2.0,1.0,2.0,3.0,0.357,0.0,1.0
Philadelphia 76ers,PHI,Hunter Sallis,2025-26,7,25.6733333333333,7.0,1.0,4.0,0.0,1.0,5.0,0.6,0.0,0.5
Denver Nuggets,DEN,Hunter Tyson,2025-26,21,161.9,46.0,36.0,17.0,2.0,1.0,5.0,0.269,0.212,0.846
Toronto Raptors,TOR,Immanuel Quickley,2025-26,70,2231.30833333333,1150.0,282.0,415.0,92.0,5.0,102.0,0.443,0.374,0.821
Detroit Pistons,DET,Isaac Jones,2025-26,7,35.6833333333333,9.0,5.0,1.0,0.0,1.0,1.0,0.429,0.0,0.75
Chicago Bulls,CHI,Isaac Okoro,2025-26,63,1694.89,584.0,173.0,100.0,46.0,29.0,46.0,0.46,0.33,0.795
Utah Jazz,UTA,Isaiah Collier,2025-26,59,1516.92,688.0,150.0,423.0,66.0,20.0,148.0,0.495,0.27,0.722
Houston Rockets,HOU,Isaiah Crawford,2025-26,14,92.1,28.0,16.0,5.0,2.0,3.0,4.0,0.417,0.231,0.833
Oklahoma City Thunder,OKC,Isaiah Hartenstein,2025-26,47,1137.425,432.0,443.0,166.0,48.0,36.0,82.0,0.622,0.0,0.61
Los Angeles Clippers,LAC,Isaiah Jackson,2025-26,55,908.311666666667,370.0,290.0,52.0,36.0,49.0,58.0,0.637,0.0,0.648
Oklahoma City Thunder,OKC,Isaiah Joe,2025-26,71,1507.445,785.0,181.0,94.0,50.0,11.0,45.0,0.455,0.423,0.894
Phoenix Suns,PHX,Isaiah Livers,2025-26,36,347.36,65.0,61.0,21.0,13.0,8.0,12.0,0.344,0.3,0.75
Sacramento Kings,SAC,Isaiah Stevens,2025-26,3,42.7833333333333,10.0,3.0,10.0,5.0,0.0,2.0,0.429,0.0,1.0
Detroit Pistons,DET,Isaiah Stewart,2025-26,58,1317.135,581.0,290.0,66.0,16.0,93.0,67.0,0.55,0.333,0.756
Indiana Pacers,IND,Ivica Zubac,2025-26,48,1446.69833333333,677.0,509.0,105.0,18.0,40.0,86.0,0.598,0.0,0.711
Houston Rockets,HOU,JD Davison,2025-26,28,218.416666666667,69.0,34.0,35.0,6.0,6.0,7.0,0.375,0.25,0.684
Memphis Grizzlies,MEM,Ja Morant,2025-26,20,568.5,389.0,65.0,161.0,20.0,6.0,71.0,0.41,0.235,0.897
Toronto Raptors,TOR,Ja'Kobe Walter,2025-26,72,1473.575,541.0,185.0,86.0,73.0,14.0,37.0,0.446,0.409,0.789
Houston Rockets,HOU,Jabari Smith Jr.,2025-26,77,2705.365,1215.0,529.0,143.0,56.0,71.0,105.0,0.449,0.363,0.775
Philadelphia 76ers,PHI,Jabari Walker,2025-26,64,761.668333333333,276.0,192.0,34.0,23.0,13.0,27.0,0.455,0.337,0.735
Atlanta Hawks,ATL,Jacob Toppin,2025-26,5,16.8666666666667,8.0,1.0,1.0,0.0,1.0,0.0,0.667,0.0,0.0
Washington Wizards,WAS,Jaden Hardy,2025-26,57,898.096666666667,523.0,86.0,58.0,16.0,6.0,62.0,0.424,0.397,0.733
Chicago Bulls,CHI,Jaden Ivey,2025-26,37,670.255,316.0,91.0,68.0,23.0,14.0,41.0,0.445,0.373,0.809
Minnesota Timberwolves,MIN,Jaden McDaniels,2025-26,73,2316.41333333333,1084.0,310.0,199.0,81.0,73.0,131.0,0.515,0.412,0.835
Houston Rockets,HOU,Jae'Sean Tate,2025-26,46,404.723333333333,129.0,73.0,25.0,10.0,3.0,16.0,0.514,0.313,0.636
Memphis Grizzlies,MEM,Jahmai Mashack,2025-26,31,673.151666666667,192.0,81.0,69.0,37.0,14.0,49.0,0.395,0.253,0.543
Miami Heat,MIA,Jahmir Young,2025-26,14,58.195,25.0,4.0,9.0,1.0,0.0,3.0,0.4,0.333,1.0
Los Angeles Clippers,LAC,Jahmyl Telfort,2025-26,8,32.0333333333333,1.0,3.0,1.0,1.0,0.0,1.0,0.0,0.0,0.25
Miami Heat,MIA,Jaime Jaquez Jr.,2025-26,75,2121.21,1152.0,375.0,352.0,51.0,21.0,152.0,0.507,0.317,0.769
Los Angeles Lakers,LAL,Jake LaRavia,2025-26,82,2061.47,674.0,326.0,145.0,104.0,38.0,87.0,0.459,0.321,0.763
Toronto Raptors,TOR,Jakob Poeltl,2025-26,46,1149.06,493.0,323.0,93.0,40.0,32.0,57.0,0.7,0.0,0.602
New York Knicks,NYK,Jalen Brunson,2025-26,74,2589.80666666667,1927.0,247.0,503.0,57.0,8.0,175.0,0.467,0.369,0.841
Detroit Pistons,DET,Jalen Duren,2025-26,70,1975.85333333333,1365.0,737.0,138.0,57.0,59.0,130.0,0.65,0.0,0.747
Phoenix Suns,PHX,Jalen Green,2025-26,32,828.325,568.0,116.0,91.0,34.0,8.0,72.0,0.422,0.313,0.747
Atlanta Hawks,ATL,Jalen Johnson,2025-26,72,2531.59833333333,1621.0,740.0,566.0,89.0,31.0,244.0,0.489,0.352,0.788
Denver Nuggets,DEN,Jalen Pickett,2025-26,50,806.48,260.0,114.0,115.0,13.0,5.0,34.0,0.422,0.386,0.789
Indiana Pacers,IND,Jalen Slawson,2025-26,13,310.55,95.0,57.0,36.0,20.0,14.0,17.0,0.442,0.375,0.706
Chicago Bulls,CHI,Jalen Smith,2025-26,53,1095.38833333333,541.0,355.0,65.0,24.0,42.0,53.0,0.483,0.373,0.742
Orlando Magic,ORL,Jalen Suggs,2025-26,57,1573.57,786.0,220.0,312.0,105.0,40.0,152.0,0.435,0.339,0.855
Oklahoma City Thunder,OKC,Jalen Williams,2025-26,33,935.963333333333,563.0,153.0,181.0,39.0,9.0,63.0,0.484,0.299,0.837
Brooklyn Nets,BKN,Jalen Wilson,2025-26,54,859.221666666667,343.0,114.0,50.0,22.0,2.0,38.0,0.396,0.355,0.719
Orlando Magic,ORL,Jamal Cain,2025-26,40,485.968333333333,215.0,78.0,29.0,11.0,4.0,19.0,0.487,0.384,0.848
Denver Nuggets,DEN,Jamal Murray,2025-26,75,2651.89166666667,1905.0,330.0,535.0,66.0,29.0,171.0,0.483,0.435,0.887
Toronto Raptors,TOR,Jamal Shead,2025-26,82,1852.23833333333,545.0,143.0,444.0,76.0,15.0,112.0,0.367,0.321,0.784
Phoenix Suns,PHX,Jamaree Bouyea,2025-26,46,644.058333333333,263.0,82.0,82.0,29.0,16.0,30.0,0.458,0.295,0.686
Cleveland Cavaliers,CLE,James Harden,2025-26,70,2438.495,1652.0,336.0,557.0,79.0,28.0,245.0,0.434,0.375,0.884
Indiana Pacers,IND,James Wiseman,2025-26,4,58.4616666666667,13.0,8.0,3.0,0.0,1.0,5.0,0.6,0.0,0.5
Washington Wizards,WAS,Jamir Watkins,2025-26,50,1032.17666666667,368.0,194.0,67.0,54.0,25.0,40.0,0.446,0.297,0.695
Toronto Raptors,TOR,Jamison Battle,2025-26,61,516.778333333333,192.0,89.0,24.0,7.0,3.0,19.0,0.51,0.412,0.643
Indiana Pacers,IND,Jarace Walker,2025-26,76,1953.38333333333,884.0,391.0,192.0,63.0,26.0,139.0,0.419,0.374,0.749
Oklahoma City Thunder,OKC,Jared McCain,2025-26,67,1159.66666666667,558.0,137.0,90.0,35.0,5.0,56.0,0.425,0.385,0.864
Utah Jazz,UTA,Jaren Jackson Jr.,2025-26,48,1454.64833333333,931.0,272.0,94.0,53.0,69.0,107.0,0.476,0.357,0.803
Los Angeles Lakers,LAL,Jarred Vanderbilt,2025-26,65,1127.74166666667,288.0,292.0,84.0,55.0,19.0,56.0,0.471,0.293,0.589
Cleveland Cavaliers,CLE,Jarrett Allen,2025-26,56,1519.12,860.0,476.0,100.0,55.0,47.0,75.0,0.638,0.1,0.709
Orlando Magic,ORL,Jase Richardson,2025-26,54,586.748333333333,239.0,63.0,58.0,19.0,2.0,25.0,0.473,0.354,0.717
Memphis Grizzlies,MEM,Javon Small,2025-26,41,829.908333333333,396.0,128.0,151.0,34.0,9.0,56.0,0.465,0.423,0.829
Portland Trail Blazers,POR,Javonte Cooke,2025-26,19,93.665,23.0,19.0,7.0,6.0,0.0,9.0,0.22,0.13,1.0
Detroit Pistons,DET,Javonte Green,2025-26,82,1445.96166666667,569.0,230.0,56.0,102.0,25.0,45.0,0.447,0.381,0.84
Los Angeles Lakers,LAL,Jaxson Hayes,2025-26,66,1206.57833333333,497.0,271.0,59.0,29.0,52.0,31.0,0.756,1.0,0.653
Indiana Pacers,IND,Jay Huff,2025-26,82,1719.24333333333,783.0,324.0,121.0,41.0,153.0,76.0,0.476,0.319,0.828
Boston Celtics,BOS,Jaylen Brown,2025-26,71,2442.83833333333,2038.0,492.0,364.0,72.0,27.0,259.0,0.477,0.347,0.795
Minnesota Timberwolves,MIN,Jaylen Clark,2025-26,68,887.703333333333,275.0,120.0,43.0,47.0,9.0,23.0,0.434,0.327,0.657
Memphis Grizzlies,MEM,Jaylen Wells,2025-26,69,1820.64166666667,865.0,220.0,111.0,61.0,9.0,74.0,0.431,0.353,0.784
Oklahoma City Thunder,OKC,Jaylin Williams,2025-26,65,1277.375,469.0,358.0,158.0,31.0,42.0,67.0,0.423,0.383,0.793
Cleveland Cavaliers,CLE,Jaylon Tyson,2025-26,66,1777.48333333333,872.0,338.0,147.0,54.0,28.0,99.0,0.493,0.446,0.738
Portland Trail Blazers,POR,Jayson Kent,2025-26,5,22.4666666666667,10.0,5.0,0.0,1.0,1.0,0.0,0.571,0.25,1.0
Boston Celtics,BOS,Jayson Tatum,2025-26,16,521.85,348.0,160.0,85.0,22.0,3.0,39.0,0.411,0.329,0.823
Houston Rockets,HOU,Jeff Green,2025-26,30,174.816666666667,67.0,25.0,8.0,2.0,2.0,4.0,0.368,0.273,1.0
Portland Trail Blazers,POR,Jerami Grant,2025-26,57,1695.10166666667,1060.0,198.0,122.0,42.0,36.0,119.0,0.453,0.389,0.814
New Orleans Pelicans,NOP,Jeremiah Fears,2025-26,82,2111.90333333333,1169.0,300.0,279.0,97.0,30.0,178.0,0.434,0.33,0.789
Dallas Mavericks,DAL,Jeremiah Robinson-Earl,2025-26,22,360.615,101.0,103.0,15.0,9.0,1.0,12.0,0.37,0.244,0.944
New York Knicks,NYK,Jeremy Sochan,2025-26,44,468.551666666667,158.0,107.0,40.0,17.0,7.0,21.0,0.496,0.244,0.731
Milwaukee Bucks,MIL,Jericho Sims,2025-26,67,1317.835,334.0,370.0,104.0,19.0,17.0,75.0,0.784,0.0,0.62
Orlando Magic,ORL,Jett Howard,2025-26,55,695.32,301.0,87.0,45.0,10.0,11.0,15.0,0.418,0.372,0.949
Orlando Magic,ORL,Jevon Carter,2025-26,53,867.441666666667,339.0,89.0,87.0,40.0,10.0,36.0,0.401,0.363,0.789
Golden State Warriors,GSW,Jimmy Butler III,2025-26,38,1181.67666666667,760.0,211.0,185.0,55.0,8.0,60.0,0.519,0.376,0.864
Minnesota Timberwolves,MIN,Joan Beringer,2025-26,40,314.131666666667,156.0,92.0,12.0,7.0,26.0,11.0,0.663,0.0,0.703
Atlanta Hawks,ATL,Jock Landale,2025-26,68,1506.07666666667,718.0,387.0,115.0,35.0,36.0,60.0,0.515,0.383,0.635
Minnesota Timberwolves,MIN,Joe Ingles,2025-26,27,152.688333333333,41.0,19.0,34.0,9.0,2.0,14.0,0.593,0.438,1.0
Philadelphia 76ers,PHI,Joel Embiid,2025-26,38,1200.63833333333,1021.0,293.0,150.0,21.0,46.0,109.0,0.489,0.333,0.854
Los Angeles Clippers,LAC,John Collins,2025-26,69,1871.47833333333,935.0,367.0,70.0,60.0,51.0,95.0,0.552,0.406,0.766
Utah Jazz,UTA,John Konchar,2025-26,56,1114.67666666667,248.0,240.0,118.0,83.0,38.0,35.0,0.472,0.283,0.727
Dallas Mavericks,DAL,John Poulakidas,2025-26,13,253.435,115.0,30.0,11.0,7.0,4.0,4.0,0.429,0.403,0.857
Boston Celtics,BOS,John Tonje,2025-26,6,41.8983333333333,15.0,6.0,2.0,2.0,0.0,0.0,0.286,0.3,1.0
Philadelphia 76ers,PHI,Johni Broome,2025-26,11,54.7616666666667,10.0,16.0,4.0,3.0,2.0,3.0,0.167,0.0,0.333
Indiana Pacers,IND,Johnny Furphy,2025-26,35,643.053333333333,180.0,153.0,41.0,20.0,7.0,29.0,0.47,0.324,0.486
Minnesota Timberwolves,MIN,Johnny Juzang,2025-26,21,87.6983333333333,43.0,17.0,6.0,2.0,1.0,5.0,0.421,0.25,0.625
Denver Nuggets,DEN,Jonas Valanciunas,2025-26,65,871.065,567.0,329.0,78.0,14.0,37.0,73.0,0.582,0.308,0.772
Orlando Magic,ORL,Jonathan Isaac,2025-26,52,520.893333333333,134.0,132.0,22.0,20.0,31.0,18.0,0.422,0.184,0.603
Atlanta Hawks,ATL,Jonathan Kuminga,2025-26,36,830.496666666667,438.0,202.0,83.0,22.0,11.0,67.0,0.463,0.333,0.724
Toronto Raptors,TOR,Jonathan Mogbo,2025-26,40,248.896666666667,61.0,68.0,25.0,11.0,8.0,14.0,0.591,0.0,0.643
New York Knicks,NYK,Jordan Clarkson,2025-26,72,1279.46166666667,622.0,127.0,96.0,30.0,9.0,63.0,0.451,0.327,0.83
Phoenix Suns,PHX,Jordan Goodwin,2025-26,70,1571.77666666667,609.0,341.0,151.0,106.0,14.0,68.0,0.413,0.371,0.696
New Orleans Pelicans,NOP,Jordan Hawkins,2025-26,51,691.975,258.0,88.0,42.0,13.0,10.0,34.0,0.366,0.348,0.852
San Antonio Spurs,SAS,Jordan McLaughlin,2025-26,44,281.616666666667,89.0,32.0,38.0,20.0,2.0,15.0,0.418,0.425,0.857
Los Angeles Clippers,LAC,Jordan Miller,2025-26,60,1324.78,598.0,182.0,136.0,45.0,11.0,63.0,0.531,0.345,0.777
New Orleans Pelicans,NOP,Jordan Poole,2025-26,39,933.236666666667,524.0,77.0,119.0,22.0,15.0,69.0,0.372,0.333,0.86
Boston Celtics,BOS,Jordan Walsh,2025-26,68,1211.97,364.0,272.0,54.0,49.0,31.0,35.0,0.509,0.384,0.772
New York Knicks,NYK,Jose Alvarado,2025-26,69,1370.23666666667,510.0,171.0,234.0,66.0,8.0,77.0,0.416,0.352,0.761
Chicago Bulls,CHI,Josh Giddey,2025-26,54,1731.35666666667,919.0,448.0,494.0,55.0,27.0,196.0,0.448,0.364,0.763
Charlotte Hornets,CHA,Josh Green,2025-26,58,907.928333333333,249.0,102.0,47.0,35.0,6.0,35.0,0.459,0.42,0.893
New York Knicks,NYK,Josh Hart,2025-26,66,1993.575,792.0,486.0,317.0,75.0,17.0,128.0,0.508,0.413,0.72
Brooklyn Nets,BKN,Josh Minott,2025-26,49,833.731666666667,364.0,158.0,46.0,44.0,24.0,43.0,0.5,0.418,0.787
New Orleans Pelicans,NOP,Josh Oduro,2025-26,3,81.7666666666667,25.0,23.0,4.0,0.0,0.0,2.0,0.647,0.0,0.5
Houston Rockets,HOU,Josh Okogie,2025-26,78,1353.81166666667,353.0,200.0,69.0,63.0,16.0,41.0,0.425,0.385,0.594
Portland Trail Blazers,POR,Jrue Holiday,2025-26,53,1560.40166666667,865.0,245.0,322.0,54.0,6.0,146.0,0.451,0.378,0.838
San Antonio Spurs,SAS,Julian Champagnie,2025-26,82,2265.96333333333,911.0,473.0,127.0,62.0,38.0,69.0,0.437,0.381,0.844
Minnesota Timberwolves,MIN,Julian Phillips,2025-26,48,427.016666666667,140.0,49.0,10.0,22.0,7.0,11.0,0.421,0.308,0.783
Washington Wizards,WAS,Julian Reese,2025-26,13,401.5,154.0,137.0,24.0,18.0,8.0,32.0,0.529,0.0,0.636
Denver Nuggets,DEN,Julian Strawther,2025-26,57,860.673333333333,413.0,114.0,61.0,25.0,6.0,36.0,0.467,0.387,0.814
Minnesota Timberwolves,MIN,Julius Randle,2025-26,79,2610.29666666667,1667.0,532.0,398.0,86.0,18.0,217.0,0.481,0.315,0.802
Washington Wizards,WAS,Justin Champagnie,2025-26,69,1377.45333333333,597.0,384.0,84.0,59.0,43.0,45.0,0.502,0.319,0.784
Philadelphia 76ers,PHI,Justin Edwards,2025-26,64,977.018333333333,386.0,94.0,80.0,54.0,11.0,36.0,0.447,0.372,0.846
Utah Jazz,UTA,Jusuf Nurkić,2025-26,41,1083.06833333333,447.0,425.0,196.0,52.0,22.0,101.0,0.503,0.352,0.549
Denver Nuggets,DEN,KJ Simpson,2025-26,20,257.61,91.0,37.0,43.0,16.0,0.0,25.0,0.343,0.3,0.611
Washington Wizards,WAS,Kadary Richmond,2025-26,3,66.8,25.0,10.0,8.0,8.0,1.0,2.0,0.625,0.5,1.0
Indiana Pacers,IND,Kam Jones,2025-26,37,616.325,162.0,60.0,119.0,18.0,0.0,36.0,0.402,0.293,0.5
New York Knicks,NYK,Karl-Anthony Towns,2025-26,75,2321.78166666667,1504.0,889.0,226.0,65.0,40.0,187.0,0.501,0.368,0.858
New Orleans Pelicans,NOP,Karlo Matković,2025-26,62,911.756666666667,352.0,229.0,50.0,25.0,54.0,34.0,0.604,0.422,0.732
Miami Heat,MIA,Kasparas Jakučionis,2025-26,53,944.628333333333,328.0,138.0,137.0,33.0,7.0,50.0,0.429,0.423,0.879
Los Angeles Clippers,LAC,Kawhi Leonard,2025-26,65,2084.72833333333,1813.0,413.0,234.0,122.0,27.0,133.0,0.505,0.387,0.892
Atlanta Hawks,ATL,Keaton Wallace,2025-26,53,535.99,186.0,56.0,94.0,24.0,5.0,28.0,0.398,0.373,0.667
Sacramento Kings,SAC,Keegan Murray,2025-26,23,793.096666666667,321.0,132.0,38.0,24.0,36.0,27.0,0.42,0.277,0.776
Miami Heat,MIA,Kel'el Ware,2025-26,77,1703.82166666667,851.0,694.0,56.0,59.0,84.0,62.0,0.53,0.395,0.74
San Antonio Spurs,SAS,Keldon Johnson,2025-26,82,1911.46666666667,1081.0,440.0,111.0,46.0,11.0,70.0,0.519,0.363,0.794
San Antonio Spurs,SAS,Kelly Olynyk,2025-26,42,360.213333333333,133.0,76.0,49.0,15.0,3.0,24.0,0.49,0.255,0.711
Philadelphia 76ers,PHI,Kelly Oubre Jr.,2025-26,50,1574.31166666667,705.0,252.0,80.0,68.0,24.0,69.0,0.467,0.36,0.766
Utah Jazz,UTA,Kennedy Chandler,2025-26,11,355.226666666667,165.0,37.0,74.0,11.0,2.0,23.0,0.445,0.395,0.651
Oklahoma City Thunder,OKC,Kenrich Williams,2025-26,56,855.163333333333,363.0,187.0,79.0,31.0,5.0,43.0,0.473,0.388,0.635
Memphis Grizzlies,MEM,Kentavious Caldwell-Pope,2025-26,51,1087.55833333333,428.0,125.0,139.0,43.0,8.0,61.0,0.41,0.316,0.913
Cleveland Cavaliers,CLE,Keon Ellis,2025-26,72,1478.63833333333,480.0,135.0,72.0,83.0,46.0,41.0,0.44,0.363,0.729
Miami Heat,MIA,Keshad Johnson,2025-26,32,279.521666666667,136.0,62.0,8.0,15.0,8.0,13.0,0.49,0.295,0.724
Atlanta Hawks,ATL,Keshon Gilbert,2025-26,4,73.7833333333333,17.0,5.0,12.0,3.0,4.0,8.0,0.417,0.0,1.0
Houston Rockets,HOU,Kevin Durant,2025-26,78,2839.82333333333,2026.0,426.0,372.0,62.0,71.0,246.0,0.52,0.413,0.874
Detroit Pistons,DET,Kevin Huerter,2025-26,69,1549.07666666667,693.0,240.0,178.0,63.0,33.0,72.0,0.451,0.308,0.775
Utah Jazz,UTA,Kevin Love,2025-26,37,612.8,248.0,215.0,67.0,14.0,9.0,30.0,0.397,0.373,0.841
New York Knicks,NYK,Kevin McCullar Jr.,2025-26,21,154.993333333333,50.0,28.0,20.0,9.0,0.0,12.0,0.426,0.333,0.4
Milwaukee Bucks,MIL,Kevin Porter Jr.,2025-26,38,1261.015,661.0,198.0,280.0,83.0,19.0,110.0,0.465,0.322,0.878
New Orleans Pelicans,NOP,Kevon Looney,2025-26,21,307.486666666667,59.0,118.0,34.0,9.0,10.0,9.0,0.417,0.154,0.7
Utah Jazz,UTA,Keyonte George,2025-26,54,1786.10833333333,1275.0,199.0,332.0,58.0,14.0,166.0,0.456,0.371,0.892
Phoenix Suns,PHX,Khaman Maluach,2025-26,46,411.025,139.0,133.0,6.0,5.0,33.0,25.0,0.533,0.238,0.71
Dallas Mavericks,DAL,Khris Middleton,2025-26,63,1439.08666666667,640.0,231.0,176.0,41.0,9.0,108.0,0.42,0.36,0.875
Sacramento Kings,SAC,Killian Hayes,2025-26,23,405.526666666667,127.0,54.0,81.0,21.0,4.0,28.0,0.304,0.27,0.929
Dallas Mavericks,DAL,Klay Thompson,2025-26,69,1496.83,810.0,143.0,96.0,33.0,22.0,63.0,0.393,0.383,0.766
Indiana Pacers,IND,Kobe Brown,2025-26,61,962.376666666667,353.0,185.0,80.0,23.0,12.0,53.0,0.469,0.374,0.797
Los Angeles Lakers,LAL,Kobe Bufkin,2025-26,16,119.483333333333,46.0,13.0,10.0,2.0,3.0,5.0,0.3,0.192,0.917
Los Angeles Clippers,LAC,Kobe Sanders,2025-26,68,1351.41666666667,495.0,153.0,109.0,49.0,10.0,81.0,0.466,0.408,0.826
Phoenix Suns,PHX,Koby Brea,2025-26,12,83.8666666666667,45.0,8.0,10.0,1.0,0.0,4.0,0.417,0.433,1.0
Charlotte Hornets,CHA,Kon Knueppel,2025-26,81,2550.74666666667,1498.0,432.0,274.0,57.0,19.0,161.0,0.475,0.425,0.863
Los Angeles Clippers,LAC,Kris Dunn,2025-26,82,2230.0,596.0,271.0,295.0,131.0,14.0,111.0,0.476,0.374,0.765
Portland Trail Blazers,POR,Kris Murray,2025-26,57,1333.21,331.0,206.0,81.0,51.0,22.0,47.0,0.467,0.279,0.684
Golden State Warriors,GSW,Kristaps Porziņģis,2025-26,32,768.891666666667,533.0,167.0,81.0,18.0,38.0,41.0,0.446,0.338,0.842
Minnesota Timberwolves,MIN,Kyle Anderson,2025-26,43,853.236666666667,266.0,150.0,126.0,45.0,26.0,39.0,0.53,0.364,0.706
Utah Jazz,UTA,Kyle Filipowski,2025-26,77,1800.94333333333,879.0,552.0,198.0,73.0,39.0,125.0,0.492,0.325,0.75
Milwaukee Bucks,MIL,Kyle Kuzma,2025-26,69,1805.74166666667,896.0,313.0,184.0,46.0,28.0,119.0,0.492,0.347,0.726
Philadelphia 76ers,PHI,Kyle Lowry,2025-26,14,118.04,17.0,9.0,11.0,2.0,2.0,4.0,0.16,0.16,0.833
Washington Wizards,WAS,Kyshawn George,2025-26,48,1390.96333333333,710.0,245.0,214.0,48.0,43.0,125.0,0.438,0.381,0.802
Golden State Warriors,GSW,LJ Cryer,2025-26,18,292.146666666667,148.0,28.0,18.0,3.0,0.0,14.0,0.402,0.394,0.895
Charlotte Hornets,CHA,LaMelo Ball,2025-26,72,2017.44666666667,1445.0,347.0,514.0,87.0,18.0,202.0,0.407,0.368,0.899
Chicago Bulls,CHI,Lachlan Olbrich,2025-26,37,344.221666666667,89.0,112.0,42.0,12.0,8.0,16.0,0.468,0.105,0.375
New York Knicks,NYK,Landry Shamet,2025-26,51,1171.055,475.0,92.0,72.0,31.0,9.0,30.0,0.437,0.392,0.711
Cleveland Cavaliers,CLE,Larry Nance Jr.,2025-26,35,448.77,131.0,93.0,34.0,21.0,6.0,20.0,0.419,0.333,0.462
Utah Jazz,UTA,Lauri Markkanen,2025-26,42,1442.59666666667,1123.0,289.0,89.0,42.0,21.0,63.0,0.477,0.355,0.896
Memphis Grizzlies,MEM,Lawson Lovering,2025-26,2,49.265,14.0,15.0,3.0,3.0,1.0,2.0,0.6,0.0,0.4
Los Angeles Lakers,LAL,LeBron James,2025-26,60,1989.055,1256.0,364.0,432.0,72.0,35.0,179.0,0.515,0.317,0.737
Washington Wizards,WAS,Leaky Black,2025-26,15,433.076666666667,106.0,75.0,22.0,18.0,8.0,14.0,0.388,0.345,0.875
Chicago Bulls,CHI,Leonard Miller,2025-26,46,718.661666666667,361.0,181.0,40.0,17.0,15.0,36.0,0.553,0.323,0.736
Charlotte Hornets,CHA,Liam McNeeley,2025-26,31,367.521666666667,132.0,73.0,24.0,5.0,3.0,13.0,0.4,0.4,0.821
San Antonio Spurs,SAS,Lindy Waters III,2025-26,40,284.676666666667,95.0,29.0,19.0,6.0,1.0,7.0,0.375,0.342,0.667
Cleveland Cavaliers,CLE,Lonzo Ball,2025-26,35,727.743333333333,160.0,140.0,136.0,45.0,9.0,52.0,0.301,0.272,0.667
Memphis Grizzlies,MEM,Lucas Williamson,2025-26,7,223.74,73.0,38.0,18.0,11.0,1.0,10.0,0.333,0.283,1.0
Oklahoma City Thunder,OKC,Luguentz Dort,2025-26,69,1848.74166666667,576.0,245.0,85.0,62.0,27.0,54.0,0.385,0.344,0.759
Los Angeles Lakers,LAL,Luka Dončić,2025-26,64,2288.60166666667,2143.0,495.0,530.0,105.0,34.0,255.0,0.476,0.366,0.78
Boston Celtics,BOS,Luka Garza,2025-26,69,1117.90833333333,557.0,281.0,66.0,27.0,28.0,46.0,0.577,0.433,0.769
Los Angeles Lakers,LAL,Luke Kennard,2025-26,78,1680.47666666667,652.0,182.0,174.0,55.0,8.0,60.0,0.533,0.478,0.913
San Antonio Spurs,SAS,Luke Kornet,2025-26,68,1430.08,444.0,414.0,126.0,32.0,65.0,28.0,0.643,0.0,0.825
Cleveland Cavaliers,CLE,Luke Travers,2025-26,12,103.091666666667,28.0,24.0,9.0,7.0,4.0,3.0,0.25,0.063,1.0
Chicago Bulls,CHI,Mac McClung,2025-26,11,135.175,67.0,10.0,10.0,11.0,3.0,9.0,0.39,0.233,0.778
Brooklyn Nets,BKN,Malachi Smith,2025-26,15,358.82,124.0,51.0,49.0,12.0,4.0,14.0,0.485,0.435,1.0
Washington Wizards,WAS,Malaki Branham,2025-26,28,275.478333333333,128.0,44.0,23.0,10.0,3.0,15.0,0.473,0.378,0.824
Golden State Warriors,GSW,Malevy Leons,2025-26,25,276.471666666667,83.0,53.0,23.0,14.0,9.0,13.0,0.444,0.25,0.789
Sacramento Kings,SAC,Malik Monk,2025-26,62,1363.64333333333,772.0,117.0,185.0,37.0,24.0,91.0,0.438,0.395,0.879
Philadelphia 76ers,PHI,MarJon Beauchamp,2025-26,14,196.111666666667,95.0,32.0,15.0,9.0,4.0,13.0,0.434,0.34,0.684
Detroit Pistons,DET,Marcus Sasser,2025-26,38,456.503333333333,197.0,39.0,75.0,20.0,4.0,31.0,0.39,0.415,0.833
Los Angeles Lakers,LAL,Marcus Smart,2025-26,62,1768.97833333333,579.0,172.0,185.0,87.0,23.0,92.0,0.395,0.331,0.822
Milwaukee Bucks,MIL,Mark Sears,2025-26,7,26.0816666666667,22.0,2.0,2.0,0.0,0.0,4.0,0.462,0.5,0.75
Phoenix Suns,PHX,Mark Williams,2025-26,60,1416.05,700.0,477.0,58.0,55.0,55.0,65.0,0.644,1.0,0.771
Toronto Raptors,TOR,Markelle Fultz,2025-26,5,35.7666666666667,4.0,1.0,8.0,2.0,0.0,4.0,0.182,0.0,0.0
Dallas Mavericks,DAL,Marvin Bagley III,2025-26,60,1200.90333333333,627.0,366.0,85.0,28.0,43.0,61.0,0.618,0.462,0.66
San Antonio Spurs,SAS,Mason Plumlee,2025-26,20,171.488333333333,31.0,53.0,20.0,10.0,0.0,12.0,0.786,0.0,0.643
Chicago Bulls,CHI,Matas Buzelis,2025-26,77,2248.24833333333,1252.0,448.0,158.0,55.0,116.0,159.0,0.463,0.349,0.786
Portland Trail Blazers,POR,Matisse Thybulle,2025-26,30,479.65,174.0,59.0,27.0,60.0,16.0,28.0,0.433,0.398,0.84
Dallas Mavericks,DAL,Max Christie,2025-26,77,2244.48,945.0,249.0,151.0,47.0,27.0,96.0,0.441,0.404,0.899
Boston Celtics,BOS,Max Shulga,2025-26,11,36.275,7.0,6.0,2.0,1.0,0.0,3.0,0.25,0.25,1.0
Cleveland Cavaliers,CLE,Max Strus,2025-26,12,288.295,134.0,65.0,24.0,3.0,0.0,9.0,0.443,0.402,0.778
Los Angeles Lakers,LAL,Maxi Kleber,2025-26,43,461.01,86.0,84.0,27.0,18.0,11.0,17.0,0.452,0.231,0.538
Sacramento Kings,SAC,Maxime Raynaud,2025-26,74,1963.88,922.0,556.0,100.0,38.0,39.0,94.0,0.571,0.324,0.786
New Orleans Pelicans,NOP,Micah Peavy,2025-26,61,912.935,262.0,117.0,61.0,43.0,9.0,20.0,0.385,0.259,0.759
Indiana Pacers,IND,Micah Potter,2025-26,47,908.316666666667,458.0,233.0,69.0,22.0,15.0,47.0,0.515,0.423,0.842
Brooklyn Nets,BKN,Michael Porter Jr.,2025-26,52,1688.60333333333,1259.0,367.0,158.0,55.0,13.0,122.0,0.463,0.363,0.859
New York Knicks,NYK,Mikal Bridges,2025-26,82,2691.935,1181.0,312.0,304.0,107.0,62.0,83.0,0.49,0.371,0.827
Minnesota Timberwolves,MIN,Mike Conley,2025-26,54,991.298333333333,245.0,93.0,157.0,35.0,14.0,34.0,0.335,0.337,0.9
Charlotte Hornets,CHA,Miles Bridges,2025-26,77,2387.23166666667,1314.0,450.0,246.0,46.0,34.0,107.0,0.46,0.333,0.822
Dallas Mavericks,DAL,Miles Kelly,2025-26,14,133.723333333333,43.0,24.0,12.0,4.0,1.0,6.0,0.364,0.303,1.0
New York Knicks,NYK,Miles McBride,2025-26,41,1080.035,491.0,100.0,106.0,35.0,9.0,33.0,0.423,0.413,0.787
New York Knicks,NYK,Mitchell Robinson,2025-26,60,1174.50166666667,340.0,525.0,52.0,56.0,70.0,41.0,0.723,0.0,0.408
Utah Jazz,UTA,Mo Bamba,2025-26,4,43.8,10.0,22.0,1.0,0.0,3.0,2.0,0.455,0.0,0.0
New York Knicks,NYK,Mohamed Diawara,2025-26,69,634.151666666667,246.0,94.0,53.0,17.0,6.0,30.0,0.423,0.369,0.75
Indiana Pacers,IND,Monte Morris,2025-26,6,64.6166666666667,18.0,7.0,9.0,1.0,1.0,2.0,0.35,0.25,0.5
Orlando Magic,ORL,Moritz Wagner,2025-26,36,426.595,247.0,115.0,27.0,15.0,2.0,19.0,0.426,0.314,0.819
Golden State Warriors,GSW,Moses Moody,2025-26,60,1539.89833333333,728.0,200.0,98.0,58.0,34.0,57.0,0.44,0.401,0.77
Chicago Bulls,CHI,Mouhamadou Gueye,2025-26,2,45.4416666666667,16.0,6.0,6.0,2.0,1.0,3.0,0.545,0.2,0.75
Atlanta Hawks,ATL,Mouhamed Gueye,2025-26,77,1178.83666666667,342.0,275.0,69.0,61.0,39.0,33.0,0.452,0.308,0.645
Dallas Mavericks,DAL,Moussa Cisse,2025-26,38,529.58,170.0,216.0,9.0,19.0,45.0,30.0,0.574,0.0,0.469
Charlotte Hornets,CHA,Moussa Diabaté,2025-26,73,1898.95666666667,575.0,635.0,141.0,56.0,72.0,73.0,0.631,0.5,0.659
Milwaukee Bucks,MIL,Myles Turner,2025-26,71,1911.80333333333,846.0,378.0,103.0,50.0,115.0,83.0,0.44,0.383,0.74
Miami Heat,MIA,Myron Gardner,2025-26,45,410.505,163.0,122.0,44.0,20.0,8.0,17.0,0.48,0.406,0.731
Atlanta Hawks,ATL,N'Faly Dante,2025-26,4,15.4166666666667,3.0,7.0,0.0,2.0,0.0,1.0,0.25,0.0,1.0
Cleveland Cavaliers,CLE,Nae'Qwan Tomlin,2025-26,64,1003.63833333333,374.0,186.0,53.0,41.0,34.0,29.0,0.478,0.235,0.77
Dallas Mavericks,DAL,Naji Marshall,2025-26,74,2183.74,1128.0,348.0,241.0,82.0,6.0,119.0,0.51,0.291,0.76
Golden State Warriors,GSW,Nate Williams,2025-26,14,239.17,112.0,30.0,14.0,5.0,0.0,15.0,0.489,0.433,0.867
Minnesota Timberwolves,MIN,Naz Reid,2025-26,77,2007.35,1046.0,477.0,170.0,76.0,78.0,126.0,0.456,0.362,0.732
Boston Celtics,BOS,Neemias Queta,2025-26,76,1926.20666666667,776.0,636.0,126.0,60.0,100.0,75.0,0.653,0.125,0.703
Brooklyn Nets,BKN,Nic Claxton,2025-26,69,1920.36666666667,810.0,478.0,253.0,45.0,77.0,96.0,0.571,0.158,0.616
Chicago Bulls,CHI,Nick Richards,2025-26,48,700.71,276.0,243.0,16.0,10.0,32.0,59.0,0.512,0.278,0.644
Los Angeles Lakers,LAL,Nick Smith Jr.,2025-26,30,374.876666666667,185.0,23.0,31.0,9.0,2.0,21.0,0.435,0.395,0.733
Atlanta Hawks,ATL,Nickeil Alexander-Walker,2025-26,78,2603.17666666667,1624.0,268.0,286.0,102.0,42.0,162.0,0.459,0.399,0.902
Los Angeles Clippers,LAC,Nicolas Batum,2025-26,74,1294.595,293.0,184.0,64.0,47.0,23.0,37.0,0.403,0.404,0.818
Phoenix Suns,PHX,Nigel Hayes-Davis,2025-26,27,195.213333333333,34.0,33.0,7.0,8.0,2.0,8.0,0.326,0.125,0.5
Denver Nuggets,DEN,Nikola Jokić,2025-26,65,2264.855,1799.0,836.0,697.0,92.0,53.0,243.0,0.569,0.38,0.831
Miami Heat,MIA,Nikola Jović,2025-26,47,808.018333333333,344.0,153.0,102.0,26.0,17.0,65.0,0.366,0.269,0.683
Oklahoma City Thunder,OKC,Nikola Topić,2025-26,10,160.083333333333,52.0,19.0,44.0,5.0,0.0,25.0,0.431,0.4,0.4
Boston Celtics,BOS,Nikola Vučević,2025-26,64,1818.11833333333,965.0,537.0,213.0,39.0,41.0,85.0,0.493,0.369,0.828
Sacramento Kings,SAC,Nique Clifford,2025-26,75,1881.925,645.0,282.0,179.0,68.0,24.0,116.0,0.418,0.333,0.722
Chicago Bulls,CHI,Noa Essengue,2025-26,2,6.03333333333333,0.0,0.0,0.0,1.0,0.0,0.0,0.0,0.0,0.0
Brooklyn Nets,BKN,Noah Clowney,2025-26,66,1780.06333333333,809.0,273.0,108.0,50.0,45.0,102.0,0.396,0.329,0.804
Orlando Magic,ORL,Noah Penda,2025-26,59,757.275,227.0,187.0,70.0,30.0,18.0,42.0,0.404,0.323,0.688
Brooklyn Nets,BKN,Nolan Traore,2025-26,56,1243.39166666667,499.0,99.0,213.0,45.0,23.0,129.0,0.38,0.318,0.787
Los Angeles Clippers,LAC,Norchad Omier,2025-26,6,23.6666666666667,17.0,7.0,2.0,1.0,0.0,0.0,0.7,0.0,1.0
Miami Heat,MIA,Norman Powell,2025-26,58,1716.93666666667,1261.0,202.0,143.0,64.0,14.0,111.0,0.47,0.38,0.827
New York Knicks,NYK,OG Anunoby,2025-26,67,2223.87166666667,1118.0,351.0,145.0,104.0,48.0,123.0,0.484,0.386,0.828
Indiana Pacers,IND,Obi Toppin,2025-26,24,423.725,279.0,106.0,55.0,12.0,1.0,28.0,0.503,0.352,0.913
Brooklyn Nets,BKN,Ochai Agbaji,2025-26,62,973.203333333333,314.0,141.0,47.0,24.0,17.0,31.0,0.436,0.266,0.837
Cleveland Cavaliers,CLE,Olivier Sarr,2025-26,4,39.35,14.0,11.0,5.0,2.0,3.0,2.0,0.714,0.667,0.4
Memphis Grizzlies,MEM,Olivier-Maxence Prosper,2025-26,53,983.591666666667,530.0,187.0,51.0,40.0,13.0,47.0,0.549,0.405,0.754
Golden State Warriors,GSW,Omer Yurtseven,2025-26,9,103.955,34.0,30.0,8.0,2.0,1.0,9.0,0.423,0.0,0.667
Atlanta Hawks,ATL,Onyeka Okongwu,2025-26,74,2296.96833333333,1123.0,562.0,231.0,82.0,79.0,127.0,0.48,0.376,0.757
Orlando Magic,ORL,Orlando Robinson,2025-26,4,24.8166666666667,7.0,4.0,3.0,1.0,0.0,0.0,0.6,0.5,0.0
Utah Jazz,UTA,Oscar Tshiebwe,2025-26,27,448.42,211.0,179.0,32.0,16.0,5.0,21.0,0.634,0.0,0.551
Phoenix Suns,PHX,Oso Ighodaro,2025-26,82,1808.37,531.0,418.0,185.0,73.0,57.0,101.0,0.653,0.0,0.453
Milwaukee Bucks,MIL,Ousmane Dieng,2025-26,57,1099.47166666667,431.0,180.0,136.0,25.0,17.0,75.0,0.422,0.341,0.711
Dallas Mavericks,DAL,P.J. Washington,2025-26,56,1735.62,793.0,394.0,98.0,55.0,60.0,94.0,0.45,0.325,0.687
Charlotte Hornets,CHA,PJ Hall,2025-26,19,213.378333333333,86.0,75.0,10.0,3.0,10.0,16.0,0.508,0.6,0.793
New York Knicks,NYK,Pacôme Dadiet,2025-26,29,135.76,48.0,27.0,12.0,3.0,1.0,3.0,0.333,0.219,0.818
Orlando Magic,ORL,Paolo Banchero,2025-26,72,2501.685,1599.0,604.0,373.0,51.0,40.0,222.0,0.459,0.305,0.775
Indiana Pacers,IND,Pascal Siakam,2025-26,62,2056.65166666667,1485.0,411.0,236.0,69.0,25.0,138.0,0.484,0.358,0.693
Charlotte Hornets,CHA,Pat Connaughton,2025-26,42,296.518333333333,110.0,61.0,18.0,11.0,1.0,11.0,0.447,0.404,0.65
Golden State Warriors,GSW,Pat Spencer,2025-26,66,1228.92666666667,476.0,158.0,232.0,48.0,5.0,85.0,0.427,0.357,0.772
Sacramento Kings,SAC,Patrick Baldwin Jr.,2025-26,9,102.471666666667,33.0,23.0,5.0,3.0,5.0,5.0,0.407,0.429,0.714
Chicago Bulls,CHI,Patrick Williams,2025-26,72,1473.78,505.0,215.0,105.0,49.0,26.0,75.0,0.372,0.347,0.72
Philadelphia 76ers,PHI,Paul George,2025-26,37,1135.03166666667,641.0,196.0,133.0,62.0,16.0,64.0,0.439,0.392,0.82
Detroit Pistons,DET,Paul Reed,2025-26,65,900.628333333333,504.0,294.0,80.0,57.0,60.0,58.0,0.617,0.325,0.664
Boston Celtics,BOS,Payton Pritchard,2025-26,79,2555.52333333333,1345.0,312.0,408.0,58.0,10.0,109.0,0.464,0.377,0.89
Oklahoma City Thunder,OKC,Payton Sandfort,2025-26,4,63.3333333333333,35.0,10.0,0.0,1.0,0.0,1.0,0.5,0.412,0.5
Miami Heat,MIA,Pelle Larsson,2025-26,70,1849.14333333333,800.0,244.0,236.0,49.0,16.0,101.0,0.496,0.323,0.797
Milwaukee Bucks,MIL,Pete Nance,2025-26,47,737.098333333333,254.0,125.0,48.0,14.0,14.0,26.0,0.515,0.42,0.364
Denver Nuggets,DEN,Peyton Watson,2025-26,54,1597.75833333333,789.0,264.0,111.0,50.0,61.0,93.0,0.491,0.411,0.73
Sacramento Kings,SAC,Precious Achiuwa,2025-26,73,1745.185,736.0,492.0,101.0,65.0,50.0,65.0,0.528,0.278,0.554
Philadelphia 76ers,PHI,Quentin Grimes,2025-26,75,2205.72166666667,1006.0,273.0,244.0,64.0,28.0,133.0,0.45,0.334,0.84
Indiana Pacers,IND,Quenton Jackson,2025-26,49,897.425,448.0,114.0,140.0,31.0,6.0,62.0,0.47,0.356,0.824
Golden State Warriors,GSW,Quinten Post,2025-26,67,1159.19833333333,513.0,269.0,94.0,26.0,35.0,56.0,0.44,0.336,0.791
Toronto Raptors,TOR,RJ Barrett,2025-26,57,1725.76,1098.0,300.0,189.0,42.0,19.0,99.0,0.491,0.339,0.717
Phoenix Suns,PHX,Rasheer Fleming,2025-26,55,673.401666666667,238.0,124.0,16.0,22.0,21.0,29.0,0.405,0.346,0.559
Atlanta Hawks,ATL,RayJ Dennis,2025-26,17,206.233333333333,74.0,26.0,33.0,4.0,4.0,17.0,0.313,0.311,0.889
Memphis Grizzlies,MEM,Rayan Rupert,2025-26,64,1072.545,332.0,188.0,68.0,55.0,9.0,55.0,0.393,0.324,0.778
Houston Rockets,HOU,Reed Sheppard,2025-26,82,2146.92333333333,1110.0,238.0,277.0,122.0,54.0,123.0,0.43,0.394,0.802
Cleveland Cavaliers,CLE,Riley Minix,2025-26,9,58.0833333333333,35.0,6.0,5.0,2.0,1.0,3.0,0.609,0.333,1.0
Chicago Bulls,CHI,Rob Dillingham,2025-26,65,969.953333333333,409.0,131.0,143.0,47.0,6.0,100.0,0.396,0.316,0.745
Portland Trail Blazers,POR,Robert Williams III,2025-26,59,1008.21333333333,397.0,415.0,60.0,35.0,87.0,49.0,0.708,0.391,0.596
Minnesota Timberwolves,MIN,Rocco Zikarsky,2025-26,5,36.4833333333333,14.0,14.0,2.0,0.0,5.0,1.0,0.625,0.0,1.0
Boston Celtics,BOS,Ron Harper Jr.,2025-26,29,317.526666666667,123.0,48.0,22.0,10.0,9.0,8.0,0.418,0.35,0.75
Detroit Pistons,DET,Ronald Holland II,2025-26,78,1550.44833333333,640.0,315.0,95.0,92.0,27.0,96.0,0.432,0.253,0.805
Phoenix Suns,PHX,Royce O'Neale,2025-26,78,2213.05333333333,765.0,372.0,208.0,84.0,32.0,103.0,0.421,0.408,0.711
Minnesota Timberwolves,MIN,Rudy Gobert,2025-26,76,2380.04666666667,829.0,872.0,128.0,58.0,124.0,106.0,0.682,0.0,0.526
Los Angeles Lakers,LAL,Rui Hachimura,2025-26,68,1926.565,780.0,226.0,57.0,39.0,21.0,42.0,0.514,0.443,0.694
Sacramento Kings,SAC,Russell Westbrook,2025-26,64,1852.57,971.0,348.0,426.0,83.0,12.0,209.0,0.427,0.338,0.694
Phoenix Suns,PHX,Ryan Dunn,2025-26,70,1355.245,407.0,297.0,102.0,60.0,29.0,56.0,0.453,0.331,0.489
Charlotte Hornets,CHA,Ryan Kalkbrenner,2025-26,69,1479.13166666667,521.0,377.0,54.0,32.0,101.0,62.0,0.753,0.0,0.716
Dallas Mavericks,DAL,Ryan Nembhard,2025-26,60,1170.88,397.0,133.0,316.0,25.0,2.0,85.0,0.415,0.356,0.806
Milwaukee Bucks,MIL,Ryan Rollins,2025-26,74,2375.48333333333,1281.0,338.0,414.0,110.0,31.0,201.0,0.472,0.406,0.796
New Orleans Pelicans,NOP,Saddiq Bey,2025-26,72,2245.575,1271.0,400.0,182.0,68.0,7.0,68.0,0.451,0.367,0.841
Boston Celtics,BOS,Sam Hauser,2025-26,78,1934.15,719.0,300.0,114.0,38.0,23.0,35.0,0.419,0.393,0.85
Cleveland Cavaliers,CLE,Sam Merrill,2025-26,52,1377.07333333333,663.0,133.0,125.0,33.0,7.0,42.0,0.461,0.421,0.855
Toronto Raptors,TOR,Sandro Mamukelashvili,2025-26,80,1750.69166666667,893.0,395.0,151.0,64.0,41.0,67.0,0.523,0.389,0.747
Memphis Grizzlies,MEM,Santi Aldama,2025-26,43,1198.07833333333,602.0,287.0,126.0,37.0,31.0,55.0,0.479,0.35,0.667
Portland Trail Blazers,POR,Scoot Henderson,2025-26,30,747.83,427.0,80.0,112.0,27.0,9.0,73.0,0.418,0.352,0.84
Toronto Raptors,TOR,Scottie Barnes,2025-26,80,2680.77666666667,1448.0,600.0,474.0,114.0,116.0,210.0,0.507,0.304,0.815
Memphis Grizzlies,MEM,Scotty Pippen Jr.,2025-26,10,211.866666666667,114.0,22.0,47.0,19.0,4.0,27.0,0.448,0.313,0.783
Los Angeles Clippers,LAC,Sean Pedulla,2025-26,7,31.0,13.0,3.0,5.0,0.0,0.0,1.0,0.333,0.3,0.0
Golden State Warriors,GSW,Seth Curry,2025-26,10,133.0,71.0,12.0,10.0,3.0,0.0,2.0,0.49,0.48,0.917
Portland Trail Blazers,POR,Shaedon Sharpe,2025-26,50,1471.30166666667,1042.0,217.0,132.0,70.0,6.0,147.0,0.452,0.337,0.787
Oklahoma City Thunder,OKC,Shai Gilgeous-Alexander,2025-26,68,2258.94666666667,2117.0,292.0,448.0,95.0,52.0,151.0,0.553,0.386,0.879
Washington Wizards,WAS,Sharife Cooper,2025-26,41,699.998333333333,333.0,86.0,124.0,16.0,5.0,61.0,0.514,0.382,0.833
Portland Trail Blazers,POR,Sidy Cissoko,2025-26,75,1435.055,383.0,166.0,110.0,52.0,25.0,70.0,0.398,0.298,0.659
Miami Heat,MIA,Simone Fontecchio,2025-26,70,1172.47,597.0,211.0,101.0,37.0,9.0,49.0,0.412,0.375,0.843
Charlotte Hornets,CHA,Sion James,2025-26,82,1843.28,441.0,287.0,163.0,52.0,20.0,65.0,0.371,0.352,0.837
Washington Wizards,WAS,Skal Labissiere,2025-26,3,37.55,13.0,9.0,3.0,2.0,1.0,1.0,0.6,0.2,0.0
Denver Nuggets,DEN,Spencer Jones,2025-26,64,1416.79,352.0,209.0,51.0,52.0,29.0,31.0,0.504,0.396,0.608
San Antonio Spurs,SAS,Stanley Umude,2025-26,2,6.56666666666667,2.0,0.0,1.0,1.0,0.0,0.0,0.5,0.0,0.0
Golden State Warriors,GSW,Stephen Curry,2025-26,43,1328.72833333333,1142.0,154.0,203.0,49.0,17.0,121.0,0.468,0.393,0.923
San Antonio Spurs,SAS,Stephon Castle,2025-26,68,2037.74333333333,1133.0,362.0,502.0,78.0,19.0,217.0,0.471,0.332,0.734
Houston Rockets,HOU,Steven Adams,2025-26,32,730.365,187.0,276.0,48.0,22.0,20.0,35.0,0.504,0.0,0.58
Utah Jazz,UTA,Svi Mykhailiuk,2025-26,50,1155.61166666667,469.0,124.0,93.0,26.0,3.0,42.0,0.478,0.408,0.893
Indiana Pacers,IND,T.J. McConnell,2025-26,56,962.505,525.0,124.0,287.0,56.0,10.0,64.0,0.538,0.32,0.862
Indiana Pacers,IND,Taelon Peter,2025-26,38,492.23,171.0,59.0,40.0,26.0,4.0,27.0,0.38,0.328,0.625
Memphis Grizzlies,MEM,Taj Gibson,2025-26,10,96.8733333333333,34.0,27.0,6.0,2.0,1.0,1.0,0.462,0.5,0.875
Houston Rockets,HOU,Tari Eason,2025-26,60,1549.105,627.0,376.0,90.0,72.0,28.0,81.0,0.416,0.358,0.776
Milwaukee Bucks,MIL,Taurean Prince,2025-26,26,611.303333333333,239.0,81.0,46.0,16.0,6.0,31.0,0.45,0.436,1.0
Memphis Grizzlies,MEM,Taylor Hendricks,2025-26,59,1118.465,438.0,221.0,55.0,50.0,30.0,50.0,0.459,0.342,0.681
Brooklyn Nets,BKN,Terance Mann,2025-26,63,1529.01666666667,455.0,200.0,190.0,41.0,15.0,71.0,0.457,0.364,0.788
Minnesota Timberwolves,MIN,Terrence Shannon Jr,2025-26,43,537.675,241.0,49.0,38.0,14.0,1.0,24.0,0.45,0.408,0.8
Milwaukee Bucks,MIL,Thanasis Antetokounmpo,2025-26,34,147.958333333333,47.0,30.0,15.0,13.0,6.0,10.0,0.469,0.0,0.567
Cleveland Cavaliers,CLE,Thomas Bryant,2025-26,60,731.816666666667,370.0,205.0,33.0,18.0,26.0,28.0,0.506,0.359,0.803
Charlotte Hornets,CHA,Tidjane Salaün,2025-26,37,575.38,222.0,149.0,27.0,16.0,7.0,26.0,0.503,0.434,0.65
Denver Nuggets,DEN,Tim Hardaway Jr.,2025-26,80,2127.3,1079.0,206.0,108.0,42.0,10.0,43.0,0.447,0.407,0.811
Detroit Pistons,DET,Tobias Harris,2025-26,63,1745.45,836.0,323.0,157.0,58.0,26.0,63.0,0.469,0.368,0.866
Memphis Grizzlies,MEM,Toby Okani,2025-26,6,217.09,60.0,21.0,6.0,4.0,3.0,3.0,0.357,0.29,0.125
Detroit Pistons,DET,Tolu Smith,2025-26,15,137.441666666667,56.0,49.0,13.0,2.0,6.0,7.0,0.5,0.0,0.667
Atlanta Hawks,ATL,Tony Bradley,2025-26,41,450.686666666667,162.0,116.0,22.0,6.0,7.0,18.0,0.547,0.5,0.744
Charlotte Hornets,CHA,Tosan Evbuomwan,2025-26,5,7.71333333333333,0.0,2.0,0.0,0.0,0.0,0.0,0.0,0.0,0.0
Portland Trail Blazers,POR,Toumani Camara,2025-26,82,2731.23666666667,1100.0,421.0,201.0,94.0,35.0,144.0,0.44,0.37,0.708
Washington Wizards,WAS,Trae Young,2025-26,15,383.753333333333,269.0,30.0,120.0,13.0,2.0,39.0,0.458,0.338,0.825
Toronto Raptors,TOR,Trayce Jackson-Davis,2025-26,53,496.036666666667,181.0,145.0,39.0,17.0,24.0,23.0,0.573,1.0,0.514
Washington Wizards,WAS,Tre Johnson,2025-26,60,1442.81666666667,733.0,170.0,122.0,33.0,18.0,93.0,0.419,0.358,0.874
Chicago Bulls,CHI,Tre Jones,2025-26,65,1752.37333333333,914.0,204.0,350.0,76.0,11.0,92.0,0.553,0.315,0.841
Charlotte Hornets,CHA,Tre Mann,2025-26,53,668.458333333333,291.0,92.0,86.0,25.0,5.0,54.0,0.36,0.323,0.852
Philadelphia 76ers,PHI,Trendon Watford,2025-26,53,863.716666666667,346.0,174.0,132.0,16.0,22.0,64.0,0.515,0.2,0.779
Chicago Bulls,CHI,Trentyn Flowers,2025-26,2,5.55,4.0,1.0,1.0,0.0,0.0,1.0,0.667,0.0,0.0
Brooklyn Nets,BKN,Trevon Scott,2025-26,6,182.235,48.0,31.0,10.0,8.0,5.0,4.0,0.38,0.316,0.667
Miami Heat,MIA,Trevor Keels,2025-26,8,14.9466666666667,8.0,2.0,0.0,1.0,0.0,0.0,0.25,0.222,0.0
New Orleans Pelicans,NOP,Trey Alexander,2025-26,9,110.643333333333,47.0,11.0,9.0,6.0,2.0,3.0,0.514,0.5,0.6
New York Knicks,NYK,Trey Jemison III,2025-26,13,81.5883333333333,13.0,18.0,5.0,1.0,2.0,10.0,0.6,0.0,1.0
New Orleans Pelicans,NOP,Trey Murphy III,2025-26,66,2340.63833333333,1420.0,377.0,250.0,99.0,24.0,120.0,0.47,0.379,0.886
Cleveland Cavaliers,CLE,Tristan Enaruna,2025-26,9,85.1333333333333,37.0,14.0,7.0,5.0,0.0,3.0,0.5,0.3,0.75
Washington Wizards,WAS,Tristan Vukcevic,2025-26,49,670.98,441.0,147.0,55.0,23.0,33.0,62.0,0.479,0.347,0.784
Orlando Magic,ORL,Tristan da Silva,2025-26,77,1899.45666666667,762.0,284.0,124.0,68.0,25.0,69.0,0.45,0.374,0.884
Houston Rockets,HOU,Tristen Newton,2025-26,1,12.0,12.0,3.0,0.0,1.0,0.0,0.0,0.444,0.4,0.667
Memphis Grizzlies,MEM,Ty Jerome,2025-26,15,338.688333333333,295.0,42.0,85.0,16.0,4.0,27.0,0.474,0.42,0.875
Los Angeles Clippers,LAC,TyTy Washington Jr.,2025-26,16,88.1283333333333,21.0,6.0,17.0,6.0,3.0,3.0,0.474,0.375,0.0
Memphis Grizzlies,MEM,Tyler Burton,2025-26,12,306.743333333333,129.0,50.0,12.0,11.0,4.0,11.0,0.375,0.333,0.852
Miami Heat,MIA,Tyler Herro,2025-26,33,1032.65333333333,677.0,158.0,136.0,23.0,12.0,64.0,0.48,0.378,0.917
New York Knicks,NYK,Tyler Kolek,2025-26,62,727.161666666667,274.0,98.0,170.0,22.0,4.0,55.0,0.435,0.386,0.7
Dallas Mavericks,DAL,Tyler Smith,2025-26,12,165.583333333333,56.0,33.0,5.0,6.0,0.0,6.0,0.42,0.286,0.667
Philadelphia 76ers,PHI,Tyrese Martin,2025-26,46,776.61,290.0,116.0,78.0,25.0,6.0,40.0,0.394,0.321,0.679
Philadelphia 76ers,PHI,Tyrese Maxey,2025-26,70,2661.11833333333,1980.0,290.0,461.0,130.0,55.0,171.0,0.462,0.367,0.892
Cleveland Cavaliers,CLE,Tyrese Proctor,2025-26,50,545.086666666667,272.0,64.0,74.0,25.0,0.0,40.0,0.413,0.351,0.889
Brooklyn Nets,BKN,Tyson Etienne,2025-26,24,380.016666666667,189.0,27.0,40.0,11.0,0.0,16.0,0.4,0.398,0.833
Denver Nuggets,DEN,Tyus Jones,2025-26,67,978.578333333333,199.0,76.0,159.0,37.0,3.0,25.0,0.349,0.292,0.778
Philadelphia 76ers,PHI,VJ Edgecombe,2025-26,75,2623.305,1199.0,423.0,315.0,107.0,39.0,137.0,0.438,0.354,0.818
San Antonio Spurs,SAS,Victor Wembanyama,2025-26,64,1865.64833333333,1600.0,736.0,199.0,66.0,197.0,155.0,0.512,0.349,0.827
Utah Jazz,UTA,Vince Williams Jr.,2025-26,40,819.395,300.0,155.0,166.0,29.0,16.0,70.0,0.353,0.311,0.78
Miami Heat,MIA,Vladislav Goldin,2025-26,9,23.9616666666667,7.0,9.0,3.0,0.0,3.0,3.0,0.75,0.0,1.0
Portland Trail Blazers,POR,Vít Krejčí,2025-26,65,1392.1,550.0,148.0,100.0,47.0,18.0,41.0,0.448,0.39,0.745
Utah Jazz,UTA,Walker Kessler,2025-26,5,153.98,72.0,54.0,15.0,7.0,9.0,16.0,0.703,0.75,0.7
Memphis Grizzlies,MEM,Walter Clayton Jr.,2025-26,69,1410.535,538.0,139.0,279.0,44.0,19.0,116.0,0.384,0.307,0.901
Orlando Magic,ORL,Wendell Carter Jr.,2025-26,78,2288.35166666667,922.0,577.0,154.0,60.0,49.0,100.0,0.512,0.319,0.792
Detroit Pistons,DET,Wendell Moore Jr.,2025-26,6,59.555,10.0,6.0,4.0,2.0,2.0,1.0,0.571,0.0,1.0
Golden State Warriors,GSW,Will Richard,2025-26,69,1376.805,441.0,172.0,93.0,80.0,9.0,53.0,0.468,0.335,0.852
Washington Wizards,WAS,Will Riley,2025-26,74,1632.47166666667,764.0,212.0,146.0,54.0,9.0,94.0,0.439,0.316,0.8
Charlotte Hornets,CHA,Xavier Tillman,2025-26,30,183.878333333333,44.0,43.0,13.0,9.0,5.0,8.0,0.435,0.167,0.25
Portland Trail Blazers,POR,Yang Hansen,2025-26,43,299.893333333333,95.0,66.0,22.0,3.0,10.0,32.0,0.31,0.119,0.824
Los Angeles Clippers,LAC,Yanic Konan Niederhäuser,2025-26,41,423.678333333333,176.0,117.0,12.0,5.0,30.0,23.0,0.64,0.2,0.758
Chicago Bulls,CHI,Yuki Kawamura,2025-26,18,209.02,62.0,33.0,47.0,9.0,0.0,14.0,0.327,0.297,0.895
New Orleans Pelicans,NOP,Yves Missi,2025-26,66,1297.03666666667,377.0,385.0,84.0,20.0,101.0,54.0,0.544,0.0,0.559
Atlanta Hawks,ATL,Zaccharie Risacher,2025-26,67,1503.25333333333,641.0,257.0,76.0,59.0,36.0,58.0,0.455,0.368,0.644
Chicago Bulls,CHI,Zach Collins,2025-26,10,183.736666666667,97.0,56.0,15.0,2.0,4.0,10.0,0.578,0.429,0.7
Memphis Grizzlies,MEM,Zach Edey,2025-26,11,283.851666666667,150.0,122.0,12.0,7.0,21.0,26.0,0.633,0.2,0.781
Sacramento Kings,SAC,Zach LaVine,2025-26,39,1224.26333333333,748.0,108.0,89.0,28.0,10.0,74.0,0.479,0.39,0.88
Denver Nuggets,DEN,Zeke Nnaji,2025-26,52,625.988333333333,190.0,136.0,29.0,17.0,24.0,27.0,0.47,0.259,0.773
Brooklyn Nets,BKN,Ziaire Williams,2025-26,56,1281.26666666667,573.0,134.0,60.0,76.0,21.0,59.0,0.425,0.343,0.85
New Orleans Pelicans,NOP,Zion Williamson,2025-26,62,1841.06333333333,1302.0,353.0,199.0,60.0,34.0,126.0,0.6,0.25,0.716
Minnesota Timberwolves,MIN,Zyon Pullin,2025-26,5,42.5833333333333,23.0,3.0,9.0,1.0,0.0,3.0,0.692,0.333,1.0
